trial,backend,workload,bytes,alignment,threads,statistics,heap,repetitions,operations,median_ns_per_operation
1,standard,raw,64,16,1,disabled,no,7,8192,47.8271
1,mimalloc,raw,64,16,1,disabled,no,7,8192,12.5977
1,jemalloc,raw,64,16,1,disabled,no,7,8192,37.2681
1,standard,zeroed,64,16,1,disabled,no,7,8192,52.0874
1,mimalloc,zeroed,64,16,1,disabled,no,7,8192,17.8833
1,jemalloc,zeroed,64,16,1,disabled,no,7,8192,39.3799
1,standard,reallocate,64,16,1,disabled,no,7,8192,99.231
1,mimalloc,reallocate,64,16,1,disabled,no,7,8192,32.2266
1,jemalloc,reallocate,64,16,1,disabled,no,7,8192,108.557
1,standard,reallocate_zeroed,64,16,1,disabled,no,7,8192,105.554
1,mimalloc,reallocate_zeroed,64,16,1,disabled,no,7,8192,39.7949
1,jemalloc,reallocate_zeroed,64,16,1,disabled,no,7,8192,112.292
1,standard,batch,64,16,1,disabled,no,7,8192,65.5029
1,mimalloc,batch,64,16,1,disabled,no,7,8192,12.1582
1,jemalloc,batch,64,16,1,disabled,no,7,8192,41.3574
1,standard,mixed_lifetime,64,16,1,disabled,no,7,8192,32.8613
1,mimalloc,mixed_lifetime,64,16,1,disabled,no,7,8192,15.4419
1,jemalloc,mixed_lifetime,64,16,1,disabled,no,7,8192,23.7305
1,standard,owned_block,64,16,1,disabled,no,7,8192,100.732
1,mimalloc,owned_block,64,16,1,disabled,no,7,8192,34.4727
1,jemalloc,owned_block,64,16,1,disabled,no,7,8192,111.157
1,standard,typed_raw,64,1,1,disabled,no,7,8192,43.4326
1,mimalloc,typed_raw,64,1,1,disabled,no,7,8192,11.0962
1,jemalloc,typed_raw,64,1,1,disabled,no,7,8192,34.375
1,standard,create_destroy,64,1,1,disabled,no,7,8192,44.5557
1,mimalloc,create_destroy,64,1,1,disabled,no,7,8192,12.1338
1,jemalloc,create_destroy,64,1,1,disabled,no,7,8192,34.8633
1,standard,object,64,1,1,disabled,no,7,8192,44.5801
1,mimalloc,object,64,1,1,disabled,no,7,8192,12.1338
1,jemalloc,object,64,1,1,disabled,no,7,8192,34.79
1,standard,shared_object,64,1,1,disabled,no,7,8192,60.791
1,mimalloc,shared_object,64,1,1,disabled,no,7,8192,23.1323
1,jemalloc,shared_object,64,1,1,disabled,no,7,8192,55.4199
1,standard,array,64,1,1,disabled,no,7,8192,56.4575
1,mimalloc,array,64,1,1,disabled,no,7,8192,18.1274
1,jemalloc,array,64,1,1,disabled,no,7,8192,37.6465
1,standard,std_vector,256,8,1,disabled,no,7,8192,559.607
1,mimalloc,std_vector,256,8,1,disabled,no,7,8192,226.404
1,jemalloc,std_vector,256,8,1,disabled,no,7,8192,492.761
1,standard,pmr_vector,256,8,1,disabled,no,7,8192,549.084
1,mimalloc,pmr_vector,256,8,1,disabled,no,7,8192,243.701
1,jemalloc,pmr_vector,256,8,1,disabled,no,7,8192,481.836
1,mimalloc,raw,64,16,1,disabled,yes,7,8192,14.3555
1,jemalloc,raw,64,16,1,disabled,yes,7,8192,290.833
1,mimalloc,zeroed,64,16,1,disabled,yes,7,8192,18.6523
1,jemalloc,zeroed,64,16,1,disabled,yes,7,8192,291.516
1,mimalloc,reallocate,64,16,1,disabled,yes,7,8192,32.605
1,jemalloc,reallocate,64,16,1,disabled,yes,7,8192,627.087
1,mimalloc,reallocate_zeroed,64,16,1,disabled,yes,7,8192,41.272
1,jemalloc,reallocate_zeroed,64,16,1,disabled,yes,7,8192,632.861
1,mimalloc,batch,64,16,1,disabled,yes,7,8192,11.9019
1,jemalloc,batch,64,16,1,disabled,yes,7,8192,128.638
1,mimalloc,mixed_lifetime,64,16,1,disabled,yes,7,8192,16.2476
1,jemalloc,mixed_lifetime,64,16,1,disabled,yes,7,8192,72.7173
1,mimalloc,owned_block,64,16,1,disabled,yes,7,8192,37.8052
1,jemalloc,owned_block,64,16,1,disabled,yes,7,8192,635.901
1,mimalloc,typed_raw,64,1,1,disabled,yes,7,8192,12.4756
1,jemalloc,typed_raw,64,1,1,disabled,yes,7,8192,286.499
1,mimalloc,create_destroy,64,1,1,disabled,yes,7,8192,12.7808
1,jemalloc,create_destroy,64,1,1,disabled,yes,7,8192,287.012
1,mimalloc,object,64,1,1,disabled,yes,7,8192,14.0381
1,jemalloc,object,64,1,1,disabled,yes,7,8192,286.89
1,mimalloc,shared_object,64,1,1,disabled,yes,7,8192,22.9736
1,jemalloc,shared_object,64,1,1,disabled,yes,7,8192,323.975
1,mimalloc,array,64,1,1,disabled,yes,7,8192,20.0684
1,jemalloc,array,64,1,1,disabled,yes,7,8192,289.685
1,mimalloc,std_vector,256,8,1,disabled,yes,7,8192,232.52
1,jemalloc,std_vector,256,8,1,disabled,yes,7,8192,3145.61
1,mimalloc,pmr_vector,256,8,1,disabled,yes,7,8192,241.87
1,jemalloc,pmr_vector,256,8,1,disabled,yes,7,8192,3178.16
1,mimalloc,raw,64,16,1,basic,yes,7,8192,25.647
1,jemalloc,raw,64,16,1,basic,yes,7,8192,247.327
1,mimalloc,zeroed,64,16,1,basic,yes,7,8192,35.9985
1,jemalloc,zeroed,64,16,1,basic,yes,7,8192,317.261
1,mimalloc,reallocate,64,16,1,basic,yes,7,8192,60.8643
1,jemalloc,reallocate,64,16,1,basic,yes,7,8192,649.927
1,mimalloc,reallocate_zeroed,64,16,1,basic,yes,7,8192,65.0024
1,jemalloc,reallocate_zeroed,64,16,1,basic,yes,7,8192,671.863
1,mimalloc,batch,64,16,1,basic,yes,7,8192,33.5815
1,jemalloc,batch,64,16,1,basic,yes,7,8192,155.176
1,mimalloc,mixed_lifetime,64,16,1,basic,yes,7,8192,22.5586
1,jemalloc,mixed_lifetime,64,16,1,basic,yes,7,8192,83.252
1,mimalloc,owned_block,64,16,1,basic,yes,7,8192,63.0615
1,jemalloc,owned_block,64,16,1,basic,yes,7,8192,673.535
1,mimalloc,typed_raw,64,1,1,basic,yes,7,8192,32.6294
1,jemalloc,typed_raw,64,1,1,basic,yes,7,8192,309.631
1,mimalloc,create_destroy,64,1,1,basic,yes,7,8192,33.1421
1,jemalloc,create_destroy,64,1,1,basic,yes,7,8192,309.875
1,mimalloc,object,64,1,1,basic,yes,7,8192,33.3496
1,jemalloc,object,64,1,1,basic,yes,7,8192,309.949
1,mimalloc,shared_object,64,1,1,basic,yes,7,8192,50.2808
1,jemalloc,shared_object,64,1,1,basic,yes,7,8192,346.045
1,mimalloc,array,64,1,1,basic,yes,7,8192,35.6323
1,jemalloc,array,64,1,1,basic,yes,7,8192,313.721
1,mimalloc,std_vector,256,8,1,basic,yes,7,8192,411.414
1,jemalloc,std_vector,256,8,1,basic,yes,7,8192,3397.2
1,mimalloc,pmr_vector,256,8,1,basic,yes,7,8192,411.023
1,jemalloc,pmr_vector,256,8,1,basic,yes,7,8192,3400.76
1,standard,raw,64,64,1,disabled,no,7,8192,46.7285
1,mimalloc,raw,64,64,1,disabled,no,7,8192,13.0249
1,jemalloc,raw,64,64,1,disabled,no,7,8192,37.1582
1,standard,zeroed,64,64,1,disabled,no,7,8192,52.9541
1,mimalloc,zeroed,64,64,1,disabled,no,7,8192,17.9932
1,jemalloc,zeroed,64,64,1,disabled,no,7,8192,39.2456
1,standard,reallocate,64,64,1,disabled,no,7,8192,99.4629
1,mimalloc,reallocate,64,64,1,disabled,no,7,8192,32.5684
1,jemalloc,reallocate,64,64,1,disabled,no,7,8192,108.191
1,standard,reallocate_zeroed,64,64,1,disabled,no,7,8192,109.241
1,mimalloc,reallocate_zeroed,64,64,1,disabled,no,7,8192,40.4297
1,jemalloc,reallocate_zeroed,64,64,1,disabled,no,7,8192,113.562
1,standard,batch,64,64,1,disabled,no,7,8192,54.5898
1,mimalloc,batch,64,64,1,disabled,no,7,8192,11.499
1,jemalloc,batch,64,64,1,disabled,no,7,8192,40.9668
1,standard,mixed_lifetime,64,64,1,disabled,no,7,8192,33.606
1,mimalloc,mixed_lifetime,64,64,1,disabled,no,7,8192,15.5518
1,jemalloc,mixed_lifetime,64,64,1,disabled,no,7,8192,23.6938
1,standard,owned_block,64,64,1,disabled,no,7,8192,101.941
1,mimalloc,owned_block,64,64,1,disabled,no,7,8192,35.7788
1,jemalloc,owned_block,64,64,1,disabled,no,7,8192,110.852
1,mimalloc,raw,64,64,1,disabled,yes,7,8192,14.0991
1,jemalloc,raw,64,64,1,disabled,yes,7,8192,288.977
1,mimalloc,zeroed,64,64,1,disabled,yes,7,8192,19.397
1,jemalloc,zeroed,64,64,1,disabled,yes,7,8192,291.504
1,mimalloc,reallocate,64,64,1,disabled,yes,7,8192,32.6904
1,jemalloc,reallocate,64,64,1,disabled,yes,7,8192,624.133
1,mimalloc,reallocate_zeroed,64,64,1,disabled,yes,7,8192,42.2852
1,jemalloc,reallocate_zeroed,64,64,1,disabled,yes,7,8192,630.139
1,mimalloc,batch,64,64,1,disabled,yes,7,8192,12.7808
1,jemalloc,batch,64,64,1,disabled,yes,7,8192,128.748
1,mimalloc,mixed_lifetime,64,64,1,disabled,yes,7,8192,16.5405
1,jemalloc,mixed_lifetime,64,64,1,disabled,yes,7,8192,72.7661
1,mimalloc,owned_block,64,64,1,disabled,yes,7,8192,37.9883
1,jemalloc,owned_block,64,64,1,disabled,yes,7,8192,633.118
1,mimalloc,raw,64,64,1,basic,yes,7,8192,33.7402
1,jemalloc,raw,64,64,1,basic,yes,7,8192,312.756
1,mimalloc,zeroed,64,64,1,basic,yes,7,8192,35.9985
1,jemalloc,zeroed,64,64,1,basic,yes,7,8192,317.493
1,mimalloc,reallocate,64,64,1,basic,yes,7,8192,60.2417
1,jemalloc,reallocate,64,64,1,basic,yes,7,8192,649.353
1,mimalloc,reallocate_zeroed,64,64,1,basic,yes,7,8192,62.6465
1,jemalloc,reallocate_zeroed,64,64,1,basic,yes,7,8192,673.779
1,mimalloc,batch,64,64,1,basic,yes,7,8192,33.5815
1,jemalloc,batch,64,64,1,basic,yes,7,8192,154.907
1,mimalloc,mixed_lifetime,64,64,1,basic,yes,7,8192,22.6196
1,jemalloc,mixed_lifetime,64,64,1,basic,yes,7,8192,84.1553
1,mimalloc,owned_block,64,64,1,basic,yes,7,8192,61.8408
1,jemalloc,owned_block,64,64,1,basic,yes,7,8192,674.06
1,standard,raw,64,256,1,disabled,no,7,8192,48.1812
1,mimalloc,raw,64,256,1,disabled,no,7,8192,26.0742
1,jemalloc,raw,64,256,1,disabled,no,7,8192,37.5366
1,standard,zeroed,64,256,1,disabled,no,7,8192,53.7964
1,mimalloc,zeroed,64,256,1,disabled,no,7,8192,28.6011
1,jemalloc,zeroed,64,256,1,disabled,no,7,8192,40.5396
1,standard,reallocate,64,256,1,disabled,no,7,8192,97.4609
1,mimalloc,reallocate,64,256,1,disabled,no,7,8192,43.1274
1,jemalloc,reallocate,64,256,1,disabled,no,7,8192,99.4385
1,standard,reallocate_zeroed,64,256,1,disabled,no,7,8192,106.506
1,mimalloc,reallocate_zeroed,64,256,1,disabled,no,7,8192,51.0376
1,jemalloc,reallocate_zeroed,64,256,1,disabled,no,7,8192,102.368
1,standard,batch,64,256,1,disabled,no,7,8192,62.1094
1,mimalloc,batch,64,256,1,disabled,no,7,8192,21.6309
1,jemalloc,batch,64,256,1,disabled,no,7,8192,63.5742
1,standard,mixed_lifetime,64,256,1,disabled,no,7,8192,34.3018
1,mimalloc,mixed_lifetime,64,256,1,disabled,no,7,8192,21.4966
1,jemalloc,mixed_lifetime,64,256,1,disabled,no,7,8192,25.0488
1,standard,owned_block,64,256,1,disabled,no,7,8192,102.271
1,mimalloc,owned_block,64,256,1,disabled,no,7,8192,47.3145
1,jemalloc,owned_block,64,256,1,disabled,no,7,8192,102.942
1,mimalloc,raw,64,256,1,disabled,yes,7,8192,26.6357
1,jemalloc,raw,64,256,1,disabled,yes,7,8192,286.353
1,mimalloc,zeroed,64,256,1,disabled,yes,7,8192,31.3721
1,jemalloc,zeroed,64,256,1,disabled,yes,7,8192,289.392
1,mimalloc,reallocate,64,256,1,disabled,yes,7,8192,46.2402
1,jemalloc,reallocate,64,256,1,disabled,yes,7,8192,354.309
1,mimalloc,reallocate_zeroed,64,256,1,disabled,yes,7,8192,54.1626
1,jemalloc,reallocate_zeroed,64,256,1,disabled,yes,7,8192,361.267
1,mimalloc,batch,64,256,1,disabled,yes,7,8192,21.8018
1,jemalloc,batch,64,256,1,disabled,yes,7,8192,140.588
1,mimalloc,mixed_lifetime,64,256,1,disabled,yes,7,8192,21.8506
1,jemalloc,mixed_lifetime,64,256,1,disabled,yes,7,8192,82.0679
1,mimalloc,owned_block,64,256,1,disabled,yes,7,8192,47.7051
1,jemalloc,owned_block,64,256,1,disabled,yes,7,8192,359.937
1,mimalloc,raw,64,256,1,basic,yes,7,8192,49.0967
1,jemalloc,raw,64,256,1,basic,yes,7,8192,310.205
1,mimalloc,zeroed,64,256,1,basic,yes,7,8192,51.0132
1,jemalloc,zeroed,64,256,1,basic,yes,7,8192,314.539
1,mimalloc,reallocate,64,256,1,basic,yes,7,8192,70.2393
1,jemalloc,reallocate,64,256,1,basic,yes,7,8192,393.14
1,mimalloc,reallocate_zeroed,64,256,1,basic,yes,7,8192,74.9512
1,jemalloc,reallocate_zeroed,64,256,1,basic,yes,7,8192,398.413
1,mimalloc,batch,64,256,1,basic,yes,7,8192,43.2983
1,jemalloc,batch,64,256,1,basic,yes,7,8192,167.029
1,mimalloc,mixed_lifetime,64,256,1,basic,yes,7,8192,28.1128
1,jemalloc,mixed_lifetime,64,256,1,basic,yes,7,8192,90.0879
1,mimalloc,owned_block,64,256,1,basic,yes,7,8192,73.4863
1,jemalloc,owned_block,64,256,1,basic,yes,7,8192,397.888
1,standard,raw,256,16,1,disabled,no,7,8192,48.645
1,mimalloc,raw,256,16,1,disabled,no,7,8192,12.8296
1,jemalloc,raw,256,16,1,disabled,no,7,8192,37.439
1,standard,zeroed,256,16,1,disabled,no,7,8192,52.0874
1,mimalloc,zeroed,256,16,1,disabled,no,7,8192,18.396
1,jemalloc,zeroed,256,16,1,disabled,no,7,8192,40.3687
1,standard,reallocate,256,16,1,disabled,no,7,8192,98.4009
1,mimalloc,reallocate,256,16,1,disabled,no,7,8192,41.3452
1,jemalloc,reallocate,256,16,1,disabled,no,7,8192,109.741
1,standard,reallocate_zeroed,256,16,1,disabled,no,7,8192,105.383
1,mimalloc,reallocate_zeroed,256,16,1,disabled,no,7,8192,49.2798
1,jemalloc,reallocate_zeroed,256,16,1,disabled,no,7,8192,113.232
1,standard,batch,256,16,1,disabled,no,7,8192,59.9365
1,mimalloc,batch,256,16,1,disabled,no,7,8192,11.853
1,jemalloc,batch,256,16,1,disabled,no,7,8192,62.3047
1,standard,mixed_lifetime,256,16,1,disabled,no,7,8192,36.3525
1,mimalloc,mixed_lifetime,256,16,1,disabled,no,7,8192,15.8813
1,jemalloc,mixed_lifetime,256,16,1,disabled,no,7,8192,26.6968
1,standard,owned_block,256,16,1,disabled,no,7,8192,101.587
1,mimalloc,owned_block,256,16,1,disabled,no,7,8192,41.5039
1,jemalloc,owned_block,256,16,1,disabled,no,7,8192,112.134
1,standard,typed_raw,256,1,1,disabled,no,7,8192,42.9443
1,mimalloc,typed_raw,256,1,1,disabled,no,7,8192,10.9009
1,jemalloc,typed_raw,256,1,1,disabled,no,7,8192,34.3384
1,standard,array,256,1,1,disabled,no,7,8192,57.8003
1,mimalloc,array,256,1,1,disabled,no,7,8192,18.6768
1,jemalloc,array,256,1,1,disabled,no,7,8192,38.2812
1,mimalloc,raw,256,16,1,disabled,yes,7,8192,16.1621
1,jemalloc,raw,256,16,1,disabled,yes,7,8192,285.425
1,mimalloc,zeroed,256,16,1,disabled,yes,7,8192,21.2891
1,jemalloc,zeroed,256,16,1,disabled,yes,7,8192,288.794
1,mimalloc,reallocate,256,16,1,disabled,yes,7,8192,42.1753
1,jemalloc,reallocate,256,16,1,disabled,yes,7,8192,622.742
1,mimalloc,reallocate_zeroed,256,16,1,disabled,yes,7,8192,51.6846
1,jemalloc,reallocate_zeroed,256,16,1,disabled,yes,7,8192,627.844
1,mimalloc,batch,256,16,1,disabled,yes,7,8192,11.9629
1,jemalloc,batch,256,16,1,disabled,yes,7,8192,141.663
1,mimalloc,mixed_lifetime,256,16,1,disabled,yes,7,8192,16.8579
1,jemalloc,mixed_lifetime,256,16,1,disabled,yes,7,8192,89.0503
1,mimalloc,owned_block,256,16,1,disabled,yes,7,8192,47.7539
1,jemalloc,owned_block,256,16,1,disabled,yes,7,8192,626.147
1,mimalloc,typed_raw,256,1,1,disabled,yes,7,8192,14.1479
1,jemalloc,typed_raw,256,1,1,disabled,yes,7,8192,283.533
1,mimalloc,array,256,1,1,disabled,yes,7,8192,21.3989
1,jemalloc,array,256,1,1,disabled,yes,7,8192,286.694
1,mimalloc,raw,256,16,1,basic,yes,7,8192,34.6924
1,jemalloc,raw,256,16,1,basic,yes,7,8192,309.949
1,mimalloc,zeroed,256,16,1,basic,yes,7,8192,38.0615
1,jemalloc,zeroed,256,16,1,basic,yes,7,8192,314.539
1,mimalloc,reallocate,256,16,1,basic,yes,7,8192,64.1113
1,jemalloc,reallocate,256,16,1,basic,yes,7,8192,643.555
1,mimalloc,reallocate_zeroed,256,16,1,basic,yes,7,8192,67.3706
1,jemalloc,reallocate_zeroed,256,16,1,basic,yes,7,8192,671.899
1,mimalloc,batch,256,16,1,basic,yes,7,8192,33.5938
1,jemalloc,batch,256,16,1,basic,yes,7,8192,166.394
1,mimalloc,mixed_lifetime,256,16,1,basic,yes,7,8192,23.4863
1,jemalloc,mixed_lifetime,256,16,1,basic,yes,7,8192,97.1802
1,mimalloc,owned_block,256,16,1,basic,yes,7,8192,68.1641
1,jemalloc,owned_block,256,16,1,basic,yes,7,8192,668.945
1,mimalloc,typed_raw,256,1,1,basic,yes,7,8192,33.3618
1,jemalloc,typed_raw,256,1,1,basic,yes,7,8192,307.727
1,mimalloc,array,256,1,1,basic,yes,7,8192,37.9028
1,jemalloc,array,256,1,1,basic,yes,7,8192,311.06
1,standard,raw,256,64,1,disabled,no,7,8192,47.6929
1,mimalloc,raw,256,64,1,disabled,no,7,8192,12.5366
1,jemalloc,raw,256,64,1,disabled,no,7,8192,37.3047
1,standard,zeroed,256,64,1,disabled,no,7,8192,51.3184
1,mimalloc,zeroed,256,64,1,disabled,no,7,8192,18.396
1,jemalloc,zeroed,256,64,1,disabled,no,7,8192,39.9414
1,standard,reallocate,256,64,1,disabled,no,7,8192,98.6938
1,mimalloc,reallocate,256,64,1,disabled,no,7,8192,37.8418
1,jemalloc,reallocate,256,64,1,disabled,no,7,8192,110.84
1,standard,reallocate_zeroed,256,64,1,disabled,no,7,8192,107.776
1,mimalloc,reallocate_zeroed,256,64,1,disabled,no,7,8192,45.3369
1,jemalloc,reallocate_zeroed,256,64,1,disabled,no,7,8192,116.089
1,standard,batch,256,64,1,disabled,no,7,8192,63.8306
1,mimalloc,batch,256,64,1,disabled,no,7,8192,11.8774
1,jemalloc,batch,256,64,1,disabled,no,7,8192,69.1406
1,standard,mixed_lifetime,256,64,1,disabled,no,7,8192,35.0586
1,mimalloc,mixed_lifetime,256,64,1,disabled,no,7,8192,16.2598
1,jemalloc,mixed_lifetime,256,64,1,disabled,no,7,8192,26.4282
1,standard,owned_block,256,64,1,disabled,no,7,8192,99.939
1,mimalloc,owned_block,256,64,1,disabled,no,7,8192,41.8091
1,jemalloc,owned_block,256,64,1,disabled,no,7,8192,112.708
1,mimalloc,raw,256,64,1,disabled,yes,7,8192,16.5039
1,jemalloc,raw,256,64,1,disabled,yes,7,8192,286.621
1,mimalloc,zeroed,256,64,1,disabled,yes,7,8192,21.936
1,jemalloc,zeroed,256,64,1,disabled,yes,7,8192,288.94
1,mimalloc,reallocate,256,64,1,disabled,yes,7,8192,42.8101
1,jemalloc,reallocate,256,64,1,disabled,yes,7,8192,623.523
1,mimalloc,reallocate_zeroed,256,64,1,disabled,yes,7,8192,52.124
1,jemalloc,reallocate_zeroed,256,64,1,disabled,yes,7,8192,631.909
1,mimalloc,batch,256,64,1,disabled,yes,7,8192,11.9507
1,jemalloc,batch,256,64,1,disabled,yes,7,8192,141.638
1,mimalloc,mixed_lifetime,256,64,1,disabled,yes,7,8192,16.9556
1,jemalloc,mixed_lifetime,256,64,1,disabled,yes,7,8192,88.8794
1,mimalloc,owned_block,256,64,1,disabled,yes,7,8192,47.7905
1,jemalloc,owned_block,256,64,1,disabled,yes,7,8192,629.736
1,mimalloc,raw,256,64,1,basic,yes,7,8192,34.79
1,jemalloc,raw,256,64,1,basic,yes,7,8192,311.731
1,mimalloc,zeroed,256,64,1,basic,yes,7,8192,38.7085
1,jemalloc,zeroed,256,64,1,basic,yes,7,8192,316.65
1,mimalloc,reallocate,256,64,1,basic,yes,7,8192,65.8936
1,jemalloc,reallocate,256,64,1,basic,yes,7,8192,643.958
1,mimalloc,reallocate_zeroed,256,64,1,basic,yes,7,8192,67.749
1,jemalloc,reallocate_zeroed,256,64,1,basic,yes,7,8192,670.312
1,mimalloc,batch,256,64,1,basic,yes,7,8192,33.5815
1,jemalloc,batch,256,64,1,basic,yes,7,8192,166.382
1,mimalloc,mixed_lifetime,256,64,1,basic,yes,7,8192,23.4619
1,jemalloc,mixed_lifetime,256,64,1,basic,yes,7,8192,97.0093
1,mimalloc,owned_block,256,64,1,basic,yes,7,8192,67.9565
1,jemalloc,owned_block,256,64,1,basic,yes,7,8192,671.924
1,standard,raw,256,256,1,disabled,no,7,8192,48.3765
1,mimalloc,raw,256,256,1,disabled,no,7,8192,12.561
1,jemalloc,raw,256,256,1,disabled,no,7,8192,37.8662
1,standard,zeroed,256,256,1,disabled,no,7,8192,52.5269
1,mimalloc,zeroed,256,256,1,disabled,no,7,8192,18.5059
1,jemalloc,zeroed,256,256,1,disabled,no,7,8192,40.2222
1,standard,reallocate,256,256,1,disabled,no,7,8192,100.146
1,mimalloc,reallocate,256,256,1,disabled,no,7,8192,38.0127
1,jemalloc,reallocate,256,256,1,disabled,no,7,8192,109.045
1,standard,reallocate_zeroed,256,256,1,disabled,no,7,8192,105.542
1,mimalloc,reallocate_zeroed,256,256,1,disabled,no,7,8192,45.2637
1,jemalloc,reallocate_zeroed,256,256,1,disabled,no,7,8192,113.647
1,standard,batch,256,256,1,disabled,no,7,8192,63.3789
1,mimalloc,batch,256,256,1,disabled,no,7,8192,11.2549
1,jemalloc,batch,256,256,1,disabled,no,7,8192,67.5171
1,standard,mixed_lifetime,256,256,1,disabled,no,7,8192,43.6523
1,mimalloc,mixed_lifetime,256,256,1,disabled,no,7,8192,17.1265
1,jemalloc,mixed_lifetime,256,256,1,disabled,no,7,8192,25.5859
1,standard,owned_block,256,256,1,disabled,no,7,8192,100.562
1,mimalloc,owned_block,256,256,1,disabled,no,7,8192,41.0522
1,jemalloc,owned_block,256,256,1,disabled,no,7,8192,113.684
1,mimalloc,raw,256,256,1,disabled,yes,7,8192,15.7227
1,jemalloc,raw,256,256,1,disabled,yes,7,8192,285.266
1,mimalloc,zeroed,256,256,1,disabled,yes,7,8192,22.0093
1,jemalloc,zeroed,256,256,1,disabled,yes,7,8192,288.989
1,mimalloc,reallocate,256,256,1,disabled,yes,7,8192,42.8711
1,jemalloc,reallocate,256,256,1,disabled,yes,7,8192,625.281
1,mimalloc,reallocate_zeroed,256,256,1,disabled,yes,7,8192,51.0864
1,jemalloc,reallocate_zeroed,256,256,1,disabled,yes,7,8192,635.962
1,mimalloc,batch,256,256,1,disabled,yes,7,8192,12.3413
1,jemalloc,batch,256,256,1,disabled,yes,7,8192,141.504
1,mimalloc,mixed_lifetime,256,256,1,disabled,yes,7,8192,17.9443
1,jemalloc,mixed_lifetime,256,256,1,disabled,yes,7,8192,89.1479
1,mimalloc,owned_block,256,256,1,disabled,yes,7,8192,47.229
1,jemalloc,owned_block,256,256,1,disabled,yes,7,8192,625.574
1,mimalloc,raw,256,256,1,basic,yes,7,8192,35.7178
1,jemalloc,raw,256,256,1,basic,yes,7,8192,311.694
1,mimalloc,zeroed,256,256,1,basic,yes,7,8192,39.3921
1,jemalloc,zeroed,256,256,1,basic,yes,7,8192,314.441
1,mimalloc,reallocate,256,256,1,basic,yes,7,8192,63.9404
1,jemalloc,reallocate,256,256,1,basic,yes,7,8192,645.532
1,mimalloc,reallocate_zeroed,256,256,1,basic,yes,7,8192,67.5537
1,jemalloc,reallocate_zeroed,256,256,1,basic,yes,7,8192,672.339
1,mimalloc,batch,256,256,1,basic,yes,7,8192,33.606
1,jemalloc,batch,256,256,1,basic,yes,7,8192,167.249
1,mimalloc,mixed_lifetime,256,256,1,basic,yes,7,8192,25
1,jemalloc,mixed_lifetime,256,256,1,basic,yes,7,8192,98.0957
1,mimalloc,owned_block,256,256,1,basic,yes,7,8192,66.8091
1,jemalloc,owned_block,256,256,1,basic,yes,7,8192,671.326
1,standard,raw,4096,16,1,disabled,no,7,8192,49.3164
1,mimalloc,raw,4096,16,1,disabled,no,7,8192,34.6436
1,jemalloc,raw,4096,16,1,disabled,no,7,8192,42.5049
1,standard,zeroed,4096,16,1,disabled,no,7,8192,80.957
1,mimalloc,zeroed,4096,16,1,disabled,no,7,8192,50.3296
1,jemalloc,zeroed,4096,16,1,disabled,no,7,8192,70.7031
1,standard,reallocate,4096,16,1,disabled,no,7,8192,167.273
1,mimalloc,reallocate,4096,16,1,disabled,no,7,8192,100.586
1,jemalloc,reallocate,4096,16,1,disabled,no,7,8192,148.462
1,standard,reallocate_zeroed,4096,16,1,disabled,no,7,8192,243.933
1,mimalloc,reallocate_zeroed,4096,16,1,disabled,no,7,8192,120.667
1,jemalloc,reallocate_zeroed,4096,16,1,disabled,no,7,8192,172.9
1,standard,batch,4096,16,1,disabled,no,7,8192,1446.58
1,mimalloc,batch,4096,16,1,disabled,no,7,8192,61.5723
1,jemalloc,batch,4096,16,1,disabled,no,7,8192,390.186
1,standard,mixed_lifetime,4096,16,1,disabled,no,7,8192,151.953
1,mimalloc,mixed_lifetime,4096,16,1,disabled,no,7,8192,38.3301
1,jemalloc,mixed_lifetime,4096,16,1,disabled,no,7,8192,130.53
1,standard,owned_block,4096,16,1,disabled,no,7,8192,172.046
1,mimalloc,owned_block,4096,16,1,disabled,no,7,8192,140.43
1,jemalloc,owned_block,4096,16,1,disabled,no,7,8192,152.014
1,standard,typed_raw,4096,1,1,disabled,no,7,8192,44.043
1,mimalloc,typed_raw,4096,1,1,disabled,no,7,8192,27.4536
1,jemalloc,typed_raw,4096,1,1,disabled,no,7,8192,36.9263
1,standard,array,4096,1,1,disabled,no,7,8192,79.5898
1,mimalloc,array,4096,1,1,disabled,no,7,8192,73.7793
1,jemalloc,array,4096,1,1,disabled,no,7,8192,65.1245
1,mimalloc,raw,4096,16,1,disabled,yes,7,8192,38.6475
1,jemalloc,raw,4096,16,1,disabled,yes,7,8192,289.807
1,mimalloc,zeroed,4096,16,1,disabled,yes,7,8192,56.3354
1,jemalloc,zeroed,4096,16,1,disabled,yes,7,8192,316.638
1,mimalloc,reallocate,4096,16,1,disabled,yes,7,8192,104.419
1,jemalloc,reallocate,4096,16,1,disabled,yes,7,8192,678.137
1,mimalloc,reallocate_zeroed,4096,16,1,disabled,yes,7,8192,123.45
1,jemalloc,reallocate_zeroed,4096,16,1,disabled,yes,7,8192,702.344
1,mimalloc,batch,4096,16,1,disabled,yes,7,8192,59.5337
1,jemalloc,batch,4096,16,1,disabled,yes,7,8192,570.703
1,mimalloc,mixed_lifetime,4096,16,1,disabled,yes,7,8192,37.9028
1,jemalloc,mixed_lifetime,4096,16,1,disabled,yes,7,8192,313.989
1,mimalloc,owned_block,4096,16,1,disabled,yes,7,8192,102.246
1,jemalloc,owned_block,4096,16,1,disabled,yes,7,8192,675.671
1,mimalloc,typed_raw,4096,1,1,disabled,yes,7,8192,28.6133
1,jemalloc,typed_raw,4096,1,1,disabled,yes,7,8192,290.784
1,mimalloc,array,4096,1,1,disabled,yes,7,8192,48.5229
1,jemalloc,array,4096,1,1,disabled,yes,7,8192,313.623
1,mimalloc,raw,4096,16,1,basic,yes,7,8192,54.5776
1,jemalloc,raw,4096,16,1,basic,yes,7,8192,317.432
1,mimalloc,zeroed,4096,16,1,basic,yes,7,8192,78.4912
1,jemalloc,zeroed,4096,16,1,basic,yes,7,8192,343.176
1,mimalloc,reallocate,4096,16,1,basic,yes,7,8192,125.818
1,jemalloc,reallocate,4096,16,1,basic,yes,7,8192,702.393
1,mimalloc,reallocate_zeroed,4096,16,1,basic,yes,7,8192,150.037
1,jemalloc,reallocate_zeroed,4096,16,1,basic,yes,7,8192,744.543
1,mimalloc,batch,4096,16,1,basic,yes,7,8192,79.8828
1,jemalloc,batch,4096,16,1,basic,yes,7,8192,584.607
1,mimalloc,mixed_lifetime,4096,16,1,basic,yes,7,8192,44.043
1,jemalloc,mixed_lifetime,4096,16,1,basic,yes,7,8192,322.51
1,mimalloc,owned_block,4096,16,1,basic,yes,7,8192,129.346
1,jemalloc,owned_block,4096,16,1,basic,yes,7,8192,741.455
1,mimalloc,typed_raw,4096,1,1,basic,yes,7,8192,52.1362
1,jemalloc,typed_raw,4096,1,1,basic,yes,7,8192,314.307
1,mimalloc,array,4096,1,1,basic,yes,7,8192,75.9888
1,jemalloc,array,4096,1,1,basic,yes,7,8192,340.332
1,standard,raw,4096,64,1,disabled,no,7,8192,50.0977
1,mimalloc,raw,4096,64,1,disabled,no,7,8192,36.4746
1,jemalloc,raw,4096,64,1,disabled,no,7,8192,41.0034
1,standard,zeroed,4096,64,1,disabled,no,7,8192,78.418
1,mimalloc,zeroed,4096,64,1,disabled,no,7,8192,80.2124
1,jemalloc,zeroed,4096,64,1,disabled,no,7,8192,72.1802
1,standard,reallocate,4096,64,1,disabled,no,7,8192,163.635
1,mimalloc,reallocate,4096,64,1,disabled,no,7,8192,102.368
1,jemalloc,reallocate,4096,64,1,disabled,no,7,8192,148.657
1,standard,reallocate_zeroed,4096,64,1,disabled,no,7,8192,237.854
1,mimalloc,reallocate_zeroed,4096,64,1,disabled,no,7,8192,133.362
1,jemalloc,reallocate_zeroed,4096,64,1,disabled,no,7,8192,172.351
1,standard,batch,4096,64,1,disabled,no,7,8192,60.7788
1,mimalloc,batch,4096,64,1,disabled,no,7,8192,61.8164
1,jemalloc,batch,4096,64,1,disabled,no,7,8192,398.364
1,standard,mixed_lifetime,4096,64,1,disabled,no,7,8192,124.939
1,mimalloc,mixed_lifetime,4096,64,1,disabled,no,7,8192,37.7563
1,jemalloc,mixed_lifetime,4096,64,1,disabled,no,7,8192,130.981
1,standard,owned_block,4096,64,1,disabled,no,7,8192,172.913
1,mimalloc,owned_block,4096,64,1,disabled,no,7,8192,141.541
1,jemalloc,owned_block,4096,64,1,disabled,no,7,8192,152.979
1,mimalloc,raw,4096,64,1,disabled,yes,7,8192,40.6982
1,jemalloc,raw,4096,64,1,disabled,yes,7,8192,293.237
1,mimalloc,zeroed,4096,64,1,disabled,yes,7,8192,54.3091
1,jemalloc,zeroed,4096,64,1,disabled,yes,7,8192,317.444
1,mimalloc,reallocate,4096,64,1,disabled,yes,7,8192,102.161
1,jemalloc,reallocate,4096,64,1,disabled,yes,7,8192,678.601
1,mimalloc,reallocate_zeroed,4096,64,1,disabled,yes,7,8192,123.84
1,jemalloc,reallocate_zeroed,4096,64,1,disabled,yes,7,8192,703.967
1,mimalloc,batch,4096,64,1,disabled,yes,7,8192,59.6069
1,jemalloc,batch,4096,64,1,disabled,yes,7,8192,574.072
1,mimalloc,mixed_lifetime,4096,64,1,disabled,yes,7,8192,38.2446
1,jemalloc,mixed_lifetime,4096,64,1,disabled,yes,7,8192,313.367
1,mimalloc,owned_block,4096,64,1,disabled,yes,7,8192,106.006
1,jemalloc,owned_block,4096,64,1,disabled,yes,7,8192,684.79
1,mimalloc,raw,4096,64,1,basic,yes,7,8192,54.5776
1,jemalloc,raw,4096,64,1,basic,yes,7,8192,317.126
1,mimalloc,zeroed,4096,64,1,basic,yes,7,8192,79.126
1,jemalloc,zeroed,4096,64,1,basic,yes,7,8192,342.957
1,mimalloc,reallocate,4096,64,1,basic,yes,7,8192,126.343
1,jemalloc,reallocate,4096,64,1,basic,yes,7,8192,708.423
1,mimalloc,reallocate_zeroed,4096,64,1,basic,yes,7,8192,150.574
1,jemalloc,reallocate_zeroed,4096,64,1,basic,yes,7,8192,743.884
1,mimalloc,batch,4096,64,1,basic,yes,7,8192,78.5889
1,jemalloc,batch,4096,64,1,basic,yes,7,8192,585.229
1,mimalloc,mixed_lifetime,4096,64,1,basic,yes,7,8192,44.1772
1,jemalloc,mixed_lifetime,4096,64,1,basic,yes,7,8192,320.801
1,mimalloc,owned_block,4096,64,1,basic,yes,7,8192,128.32
1,jemalloc,owned_block,4096,64,1,basic,yes,7,8192,727.441
1,standard,raw,4096,256,1,disabled,no,7,8192,48.3032
1,mimalloc,raw,4096,256,1,disabled,no,7,8192,35.9497
1,jemalloc,raw,4096,256,1,disabled,no,7,8192,40.5884
1,standard,zeroed,4096,256,1,disabled,no,7,8192,78.7231
1,mimalloc,zeroed,4096,256,1,disabled,no,7,8192,78.3203
1,jemalloc,zeroed,4096,256,1,disabled,no,7,8192,69.6655
1,standard,reallocate,4096,256,1,disabled,no,7,8192,166.479
1,mimalloc,reallocate,4096,256,1,disabled,no,7,8192,104.858
1,jemalloc,reallocate,4096,256,1,disabled,no,7,8192,150.72
1,standard,reallocate_zeroed,4096,256,1,disabled,no,7,8192,245.032
1,mimalloc,reallocate_zeroed,4096,256,1,disabled,no,7,8192,135.12
1,jemalloc,reallocate_zeroed,4096,256,1,disabled,no,7,8192,172.668
1,standard,batch,4096,256,1,disabled,no,7,8192,60.7056
1,mimalloc,batch,4096,256,1,disabled,no,7,8192,60.9863
1,jemalloc,batch,4096,256,1,disabled,no,7,8192,397.937
1,standard,mixed_lifetime,4096,256,1,disabled,no,7,8192,106.287
1,mimalloc,mixed_lifetime,4096,256,1,disabled,no,7,8192,37.7319
1,jemalloc,mixed_lifetime,4096,256,1,disabled,no,7,8192,130.615
1,standard,owned_block,4096,256,1,disabled,no,7,8192,171.777
1,mimalloc,owned_block,4096,256,1,disabled,no,7,8192,141.003
1,jemalloc,owned_block,4096,256,1,disabled,no,7,8192,152.38
1,mimalloc,raw,4096,256,1,disabled,yes,7,8192,35.4248
1,jemalloc,raw,4096,256,1,disabled,yes,7,8192,293.396
1,mimalloc,zeroed,4096,256,1,disabled,yes,7,8192,54.5288
1,jemalloc,zeroed,4096,256,1,disabled,yes,7,8192,317.175
1,mimalloc,reallocate,4096,256,1,disabled,yes,7,8192,96.6919
1,jemalloc,reallocate,4096,256,1,disabled,yes,7,8192,675.281
1,mimalloc,reallocate_zeroed,4096,256,1,disabled,yes,7,8192,121.277
1,jemalloc,reallocate_zeroed,4096,256,1,disabled,yes,7,8192,708.374
1,mimalloc,batch,4096,256,1,disabled,yes,7,8192,58.667
1,jemalloc,batch,4096,256,1,disabled,yes,7,8192,573.145
1,mimalloc,mixed_lifetime,4096,256,1,disabled,yes,7,8192,38.1226
1,jemalloc,mixed_lifetime,4096,256,1,disabled,yes,7,8192,313.367
1,mimalloc,owned_block,4096,256,1,disabled,yes,7,8192,108.154
1,jemalloc,owned_block,4096,256,1,disabled,yes,7,8192,683.74
1,mimalloc,raw,4096,256,1,basic,yes,7,8192,54.4189
1,jemalloc,raw,4096,256,1,basic,yes,7,8192,316.626
1,mimalloc,zeroed,4096,256,1,basic,yes,7,8192,78.479
1,jemalloc,zeroed,4096,256,1,basic,yes,7,8192,344.055
1,mimalloc,reallocate,4096,256,1,basic,yes,7,8192,125.891
1,jemalloc,reallocate,4096,256,1,basic,yes,7,8192,701.233
1,mimalloc,reallocate_zeroed,4096,256,1,basic,yes,7,8192,150.61
1,jemalloc,reallocate_zeroed,4096,256,1,basic,yes,7,8192,745.154
1,mimalloc,batch,4096,256,1,basic,yes,7,8192,78.3081
1,jemalloc,batch,4096,256,1,basic,yes,7,8192,583.533
1,mimalloc,mixed_lifetime,4096,256,1,basic,yes,7,8192,43.5913
1,jemalloc,mixed_lifetime,4096,256,1,basic,yes,7,8192,320.63
1,mimalloc,owned_block,4096,256,1,basic,yes,7,8192,128.259
1,jemalloc,owned_block,4096,256,1,basic,yes,7,8192,724.329
1,standard,raw,65536,16,1,disabled,no,7,8192,160.132
1,mimalloc,raw,65536,16,1,disabled,no,7,8192,41.8945
1,jemalloc,raw,65536,16,1,disabled,no,7,8192,330.774
1,standard,zeroed,65536,16,1,disabled,no,7,8192,1614.39
1,mimalloc,zeroed,65536,16,1,disabled,no,7,8192,1806.62
1,jemalloc,zeroed,65536,16,1,disabled,no,7,8192,1746.77
1,standard,reallocate,65536,16,1,disabled,no,7,8192,2730.13
1,mimalloc,reallocate,65536,16,1,disabled,no,7,8192,2153.11
1,jemalloc,reallocate,65536,16,1,disabled,no,7,8192,3529.3
1,standard,reallocate_zeroed,65536,16,1,disabled,no,7,8192,4493.48
1,mimalloc,reallocate_zeroed,65536,16,1,disabled,no,7,8192,3416.2
1,jemalloc,reallocate_zeroed,65536,16,1,disabled,no,7,8192,4767.99
1,standard,batch,65536,16,1,disabled,no,7,8192,3758.09
1,mimalloc,batch,65536,16,1,disabled,no,7,8192,116.882
1,jemalloc,batch,65536,16,1,disabled,no,7,8192,598.853
1,standard,mixed_lifetime,65536,16,1,disabled,no,7,8192,751.453
1,mimalloc,mixed_lifetime,65536,16,1,disabled,no,7,8192,53.9429
1,jemalloc,mixed_lifetime,65536,16,1,disabled,no,7,8192,321.533
1,standard,owned_block,65536,16,1,disabled,no,7,8192,2169.13
1,mimalloc,owned_block,65536,16,1,disabled,no,7,8192,2777.88
1,jemalloc,owned_block,65536,16,1,disabled,no,7,8192,4136.12
1,standard,typed_raw,65536,1,1,disabled,no,7,8192,161.89
1,mimalloc,typed_raw,65536,1,1,disabled,no,7,8192,27.2827
1,jemalloc,typed_raw,65536,1,1,disabled,no,7,8192,640.259
1,standard,array,65536,1,1,disabled,no,7,8192,1617.82
1,mimalloc,array,65536,1,1,disabled,no,7,8192,1450.49
1,jemalloc,array,65536,1,1,disabled,no,7,8192,2009.12
1,mimalloc,raw,65536,16,1,disabled,yes,7,8192,40.0879
1,jemalloc,raw,65536,16,1,disabled,yes,7,8192,376.135
1,mimalloc,zeroed,65536,16,1,disabled,yes,7,8192,1805.62
1,jemalloc,zeroed,65536,16,1,disabled,yes,7,8192,1804.2
1,mimalloc,reallocate,65536,16,1,disabled,yes,7,8192,2166.74
1,jemalloc,reallocate,65536,16,1,disabled,yes,7,8192,3614.25
1,mimalloc,reallocate_zeroed,65536,16,1,disabled,yes,7,8192,3452.37
1,jemalloc,reallocate_zeroed,65536,16,1,disabled,yes,7,8192,4916.97
1,mimalloc,batch,65536,16,1,disabled,yes,7,8192,117.957
1,jemalloc,batch,65536,16,1,disabled,yes,7,8192,657.288
1,mimalloc,mixed_lifetime,65536,16,1,disabled,yes,7,8192,50.9521
1,jemalloc,mixed_lifetime,65536,16,1,disabled,yes,7,8192,324.963
1,mimalloc,owned_block,65536,16,1,disabled,yes,7,8192,2176.32
1,jemalloc,owned_block,65536,16,1,disabled,yes,7,8192,3647.92
1,mimalloc,typed_raw,65536,1,1,disabled,yes,7,8192,28.186
1,jemalloc,typed_raw,65536,1,1,disabled,yes,7,8192,380.237
1,mimalloc,array,65536,1,1,disabled,yes,7,8192,1452.84
1,jemalloc,array,65536,1,1,disabled,yes,7,8192,1816.31
1,mimalloc,raw,65536,16,1,basic,yes,7,8192,59.2896
1,jemalloc,raw,65536,16,1,basic,yes,7,8192,387
1,mimalloc,zeroed,65536,16,1,basic,yes,7,8192,1825.28
1,jemalloc,zeroed,65536,16,1,basic,yes,7,8192,1826.39
1,mimalloc,reallocate,65536,16,1,basic,yes,7,8192,2192.64
1,jemalloc,reallocate,65536,16,1,basic,yes,7,8192,3668.09
1,mimalloc,reallocate_zeroed,65536,16,1,basic,yes,7,8192,3481.32
1,jemalloc,reallocate_zeroed,65536,16,1,basic,yes,7,8192,5074.84
1,mimalloc,batch,65536,16,1,basic,yes,7,8192,139.429
1,jemalloc,batch,65536,16,1,basic,yes,7,8192,668.481
1,mimalloc,mixed_lifetime,65536,16,1,basic,yes,7,8192,58.0811
1,jemalloc,mixed_lifetime,65536,16,1,basic,yes,7,8192,333.887
1,mimalloc,owned_block,65536,16,1,basic,yes,7,8192,2207.53
1,jemalloc,owned_block,65536,16,1,basic,yes,7,8192,3695.06
1,mimalloc,typed_raw,65536,1,1,basic,yes,7,8192,51.1597
1,jemalloc,typed_raw,65536,1,1,basic,yes,7,8192,391.455
1,mimalloc,array,65536,1,1,basic,yes,7,8192,1480.75
1,jemalloc,array,65536,1,1,basic,yes,7,8192,1825.42
1,standard,raw,65536,64,1,disabled,no,7,8192,162.61
1,mimalloc,raw,65536,64,1,disabled,no,7,8192,43.0786
1,jemalloc,raw,65536,64,1,disabled,no,7,8192,556.226
1,standard,zeroed,65536,64,1,disabled,no,7,8192,1628.92
1,mimalloc,zeroed,65536,64,1,disabled,no,7,8192,1813.16
1,jemalloc,zeroed,65536,64,1,disabled,no,7,8192,1912.73
1,standard,reallocate,65536,64,1,disabled,no,7,8192,2134.03
1,mimalloc,reallocate,65536,64,1,disabled,no,7,8192,2171.78
1,jemalloc,reallocate,65536,64,1,disabled,no,7,8192,3870.48
1,standard,reallocate_zeroed,65536,64,1,disabled,no,7,8192,3639.42
1,mimalloc,reallocate_zeroed,65536,64,1,disabled,no,7,8192,3444.87
1,jemalloc,reallocate_zeroed,65536,64,1,disabled,no,7,8192,5021.3
1,standard,batch,65536,64,1,disabled,no,7,8192,401.904
1,mimalloc,batch,65536,64,1,disabled,no,7,8192,116.736
1,jemalloc,batch,65536,64,1,disabled,no,7,8192,601.978
1,standard,mixed_lifetime,65536,64,1,disabled,no,7,8192,612.231
1,mimalloc,mixed_lifetime,65536,64,1,disabled,no,7,8192,52.9541
1,jemalloc,mixed_lifetime,65536,64,1,disabled,no,7,8192,306.201
1,standard,owned_block,65536,64,1,disabled,no,7,8192,2100.84
1,mimalloc,owned_block,65536,64,1,disabled,no,7,8192,2676.75
1,jemalloc,owned_block,65536,64,1,disabled,no,7,8192,4142.4
1,mimalloc,raw,65536,64,1,disabled,yes,7,8192,42.0654
1,jemalloc,raw,65536,64,1,disabled,yes,7,8192,373.401
1,mimalloc,zeroed,65536,64,1,disabled,yes,7,8192,1809.36
1,jemalloc,zeroed,65536,64,1,disabled,yes,7,8192,1798.69
1,mimalloc,reallocate,65536,64,1,disabled,yes,7,8192,2152.83
1,jemalloc,reallocate,65536,64,1,disabled,yes,7,8192,3560.79
1,mimalloc,reallocate_zeroed,65536,64,1,disabled,yes,7,8192,3452.56
1,jemalloc,reallocate_zeroed,65536,64,1,disabled,yes,7,8192,4932.4
1,mimalloc,batch,65536,64,1,disabled,yes,7,8192,117.59
1,jemalloc,batch,65536,64,1,disabled,yes,7,8192,654.993
1,mimalloc,mixed_lifetime,65536,64,1,disabled,yes,7,8192,50.6836
1,jemalloc,mixed_lifetime,65536,64,1,disabled,yes,7,8192,329.504
1,mimalloc,owned_block,65536,64,1,disabled,yes,7,8192,2169.56
1,jemalloc,owned_block,65536,64,1,disabled,yes,7,8192,3740.65
1,mimalloc,raw,65536,64,1,basic,yes,7,8192,57.251
1,jemalloc,raw,65536,64,1,basic,yes,7,8192,382.336
1,mimalloc,zeroed,65536,64,1,basic,yes,7,8192,1832.79
1,jemalloc,zeroed,65536,64,1,basic,yes,7,8192,1752.4
1,mimalloc,reallocate,65536,64,1,basic,yes,7,8192,2195.2
1,jemalloc,reallocate,65536,64,1,basic,yes,7,8192,3669.89
1,mimalloc,reallocate_zeroed,65536,64,1,basic,yes,7,8192,3479.58
1,jemalloc,reallocate_zeroed,65536,64,1,basic,yes,7,8192,5013.78
1,mimalloc,batch,65536,64,1,basic,yes,7,8192,139.27
1,jemalloc,batch,65536,64,1,basic,yes,7,8192,669.275
1,mimalloc,mixed_lifetime,65536,64,1,basic,yes,7,8192,57.9956
1,jemalloc,mixed_lifetime,65536,64,1,basic,yes,7,8192,334.583
1,mimalloc,owned_block,65536,64,1,basic,yes,7,8192,2205.73
1,jemalloc,owned_block,65536,64,1,basic,yes,7,8192,3697.01
1,standard,raw,65536,256,1,disabled,no,7,8192,161.597
1,mimalloc,raw,65536,256,1,disabled,no,7,8192,42.3096
1,jemalloc,raw,65536,256,1,disabled,no,7,8192,583.289
1,standard,zeroed,65536,256,1,disabled,no,7,8192,1623.36
1,mimalloc,zeroed,65536,256,1,disabled,no,7,8192,1806.58
1,jemalloc,zeroed,65536,256,1,disabled,no,7,8192,1932.6
1,standard,reallocate,65536,256,1,disabled,no,7,8192,2078.83
1,mimalloc,reallocate,65536,256,1,disabled,no,7,8192,2167.35
1,jemalloc,reallocate,65536,256,1,disabled,no,7,8192,3926.12
1,standard,reallocate_zeroed,65536,256,1,disabled,no,7,8192,3585.77
1,mimalloc,reallocate_zeroed,65536,256,1,disabled,no,7,8192,3442.53
1,jemalloc,reallocate_zeroed,65536,256,1,disabled,no,7,8192,5119.91
1,standard,batch,65536,256,1,disabled,no,7,8192,378.088
1,mimalloc,batch,65536,256,1,disabled,no,7,8192,117.664
1,jemalloc,batch,65536,256,1,disabled,no,7,8192,602.319
1,standard,mixed_lifetime,65536,256,1,disabled,no,7,8192,510.999
1,mimalloc,mixed_lifetime,65536,256,1,disabled,no,7,8192,52.1851
1,jemalloc,mixed_lifetime,65536,256,1,disabled,no,7,8192,307.532
1,standard,owned_block,65536,256,1,disabled,no,7,8192,2077.4
1,mimalloc,owned_block,65536,256,1,disabled,no,7,8192,2670.68
1,jemalloc,owned_block,65536,256,1,disabled,no,7,8192,4131.77
1,mimalloc,raw,65536,256,1,disabled,yes,7,8192,41.0522
1,jemalloc,raw,65536,256,1,disabled,yes,7,8192,369.641
1,mimalloc,zeroed,65536,256,1,disabled,yes,7,8192,1807.97
1,jemalloc,zeroed,65536,256,1,disabled,yes,7,8192,1803.52
1,mimalloc,reallocate,65536,256,1,disabled,yes,7,8192,2164.42
1,jemalloc,reallocate,65536,256,1,disabled,yes,7,8192,3609.67
1,mimalloc,reallocate_zeroed,65536,256,1,disabled,yes,7,8192,3424.44
1,jemalloc,reallocate_zeroed,65536,256,1,disabled,yes,7,8192,4935.42
1,mimalloc,batch,65536,256,1,disabled,yes,7,8192,118.445
1,jemalloc,batch,65536,256,1,disabled,yes,7,8192,654.895
1,mimalloc,mixed_lifetime,65536,256,1,disabled,yes,7,8192,50.8911
1,jemalloc,mixed_lifetime,65536,256,1,disabled,yes,7,8192,322.485
1,mimalloc,owned_block,65536,256,1,disabled,yes,7,8192,2167.71
1,jemalloc,owned_block,65536,256,1,disabled,yes,7,8192,3628.6
1,mimalloc,raw,65536,256,1,basic,yes,7,8192,58.1421
1,jemalloc,raw,65536,256,1,basic,yes,7,8192,382.825
1,mimalloc,zeroed,65536,256,1,basic,yes,7,8192,1830.14
1,jemalloc,zeroed,65536,256,1,basic,yes,7,8192,1783.3
1,mimalloc,reallocate,65536,256,1,basic,yes,7,8192,2194.03
1,jemalloc,reallocate,65536,256,1,basic,yes,7,8192,3652.66
1,mimalloc,reallocate_zeroed,65536,256,1,basic,yes,7,8192,3466.91
1,jemalloc,reallocate_zeroed,65536,256,1,basic,yes,7,8192,4876.75
1,mimalloc,batch,65536,256,1,basic,yes,7,8192,138.977
1,jemalloc,batch,65536,256,1,basic,yes,7,8192,665.063
1,mimalloc,mixed_lifetime,65536,256,1,basic,yes,7,8192,57.4341
1,jemalloc,mixed_lifetime,65536,256,1,basic,yes,7,8192,331.055
1,mimalloc,owned_block,65536,256,1,basic,yes,7,8192,2201.28
1,jemalloc,owned_block,65536,256,1,basic,yes,7,8192,3665.12
1,standard,cross_thread,64,16,2,disabled,no,7,8192,122.302
1,mimalloc,cross_thread,64,16,2,disabled,no,7,8192,49.585
1,jemalloc,cross_thread,64,16,2,disabled,no,7,8192,80.0659
1,mimalloc,cross_thread,64,16,2,disabled,yes,7,8192,48.1323
1,jemalloc,cross_thread,64,16,2,disabled,yes,7,8192,218.567
1,standard,cross_thread,64,16,4,disabled,no,7,8192,112.488
1,mimalloc,cross_thread,64,16,4,disabled,no,7,8192,49.4629
1,jemalloc,cross_thread,64,16,4,disabled,no,7,8192,91.7358
1,mimalloc,cross_thread,64,16,4,disabled,yes,7,8192,50.0488
1,jemalloc,cross_thread,64,16,4,disabled,yes,7,8192,508.301
1,standard,cross_thread,64,16,8,disabled,no,7,8192,115.234
1,mimalloc,cross_thread,64,16,8,disabled,no,7,8192,57.0435
1,jemalloc,cross_thread,64,16,8,disabled,no,7,8192,148.218
1,mimalloc,cross_thread,64,16,8,disabled,yes,7,8192,62.9883
1,jemalloc,cross_thread,64,16,8,disabled,yes,7,8192,658.472
1,mimalloc,detailed_statistics,0,0,1,disabled,no,7,512,1749.22
1,jemalloc,detailed_statistics,0,0,1,disabled,no,7,512,91163.9
1,mimalloc,detailed_statistics,0,0,1,disabled,yes,7,512,3.125
1,jemalloc,detailed_statistics,0,0,1,disabled,yes,7,512,101898
1,fixed_buffer,stack_mark_rewind,64,16,1,disabled,no,7,8192,3.49121
1,fixed_buffer,stack_mark_rewind,64,64,1,disabled,no,7,8192,3.83301
1,fixed_buffer,stack_mark_rewind,64,256,1,disabled,no,7,8192,3.49121
1,fixed_buffer,stack_mark_rewind,256,16,1,disabled,no,7,8192,3.8208
1,fixed_buffer,stack_mark_rewind,256,64,1,disabled,no,7,8192,3.8208
1,fixed_buffer,stack_mark_rewind,256,256,1,disabled,no,7,8192,3.8208
1,fixed_buffer,stack_mark_rewind,4096,16,1,disabled,no,7,8192,3.57666
1,fixed_buffer,stack_mark_rewind,4096,64,1,disabled,no,7,8192,3.8208
1,fixed_buffer,stack_mark_rewind,4096,256,1,disabled,no,7,8192,3.8208
1,fixed_buffer,stack_mark_rewind,65536,16,1,disabled,no,7,8192,3.8208
1,fixed_buffer,stack_mark_rewind,65536,64,1,disabled,no,7,8192,3.80859
1,fixed_buffer,stack_mark_rewind,65536,256,1,disabled,no,7,8192,3.50342
1,standard,raw,64,16,1,basic,no,7,8192,72.2412
1,mimalloc,raw,64,16,1,basic,no,7,8192,34.2163
1,jemalloc,raw,64,16,1,basic,no,7,8192,65.8447
1,standard,zeroed,64,16,1,basic,no,7,8192,76.9409
1,mimalloc,zeroed,64,16,1,basic,no,7,8192,36.4746
1,jemalloc,zeroed,64,16,1,basic,no,7,8192,68.5547
1,standard,reallocate,64,16,1,basic,no,7,8192,137.378
1,mimalloc,reallocate,64,16,1,basic,no,7,8192,67.2485
1,jemalloc,reallocate,64,16,1,basic,no,7,8192,155.347
1,standard,reallocate_zeroed,64,16,1,basic,no,7,8192,141.357
1,mimalloc,reallocate_zeroed,64,16,1,basic,no,7,8192,64.8804
1,jemalloc,reallocate_zeroed,64,16,1,basic,no,7,8192,159.021
1,standard,batch,64,16,1,basic,no,7,8192,89.7217
1,mimalloc,batch,64,16,1,basic,no,7,8192,35.2905
1,jemalloc,batch,64,16,1,basic,no,7,8192,66.1499
1,standard,mixed_lifetime,64,16,1,basic,no,7,8192,42.4316
1,mimalloc,mixed_lifetime,64,16,1,basic,no,7,8192,23.4497
1,jemalloc,mixed_lifetime,64,16,1,basic,no,7,8192,35.7056
1,standard,owned_block,64,16,1,basic,no,7,8192,140.295
1,mimalloc,owned_block,64,16,1,basic,no,7,8192,69.7876
1,jemalloc,owned_block,64,16,1,basic,no,7,8192,157.3
1,standard,typed_raw,64,1,1,basic,no,7,8192,70.7275
1,mimalloc,typed_raw,64,1,1,basic,no,7,8192,33.6426
1,jemalloc,typed_raw,64,1,1,basic,no,7,8192,62.3535
1,standard,create_destroy,64,1,1,basic,no,7,8192,71.2402
1,mimalloc,create_destroy,64,1,1,basic,no,7,8192,34.314
1,jemalloc,create_destroy,64,1,1,basic,no,7,8192,63.3789
1,standard,object,64,1,1,basic,no,7,8192,71.5332
1,mimalloc,object,64,1,1,basic,no,7,8192,34.4482
1,jemalloc,object,64,1,1,basic,no,7,8192,63.4521
1,standard,shared_object,64,1,1,basic,no,7,8192,90.3931
1,mimalloc,shared_object,64,1,1,basic,no,7,8192,51.9165
1,jemalloc,shared_object,64,1,1,basic,no,7,8192,84.5947
1,standard,array,64,1,1,basic,no,7,8192,74.6582
1,mimalloc,array,64,1,1,basic,no,7,8192,36.5967
1,jemalloc,array,64,1,1,basic,no,7,8192,64.917
1,standard,std_vector,256,8,1,basic,no,7,8192,796.179
1,mimalloc,std_vector,256,8,1,basic,no,7,8192,421.838
1,jemalloc,std_vector,256,8,1,basic,no,7,8192,752.673
1,standard,pmr_vector,256,8,1,basic,no,7,8192,791.504
1,mimalloc,pmr_vector,256,8,1,basic,no,7,8192,429.102
1,jemalloc,pmr_vector,256,8,1,basic,no,7,8192,764.099
1,standard,raw,64,64,1,basic,no,7,8192,73.4619
1,mimalloc,raw,64,64,1,basic,no,7,8192,34.9365
1,jemalloc,raw,64,64,1,basic,no,7,8192,65.8203
1,standard,zeroed,64,64,1,basic,no,7,8192,77.4048
1,mimalloc,zeroed,64,64,1,basic,no,7,8192,36.9873
1,jemalloc,zeroed,64,64,1,basic,no,7,8192,68.4204
1,standard,reallocate,64,64,1,basic,no,7,8192,138.037
1,mimalloc,reallocate,64,64,1,basic,no,7,8192,65.9424
1,jemalloc,reallocate,64,64,1,basic,no,7,8192,153.638
1,standard,reallocate_zeroed,64,64,1,basic,no,7,8192,140.93
1,mimalloc,reallocate_zeroed,64,64,1,basic,no,7,8192,64.6118
1,jemalloc,reallocate_zeroed,64,64,1,basic,no,7,8192,158.948
1,standard,batch,64,64,1,basic,no,7,8192,80.5298
1,mimalloc,batch,64,64,1,basic,no,7,8192,34.6558
1,jemalloc,batch,64,64,1,basic,no,7,8192,65.979
1,standard,mixed_lifetime,64,64,1,basic,no,7,8192,42.2363
1,mimalloc,mixed_lifetime,64,64,1,basic,no,7,8192,23.4985
1,jemalloc,mixed_lifetime,64,64,1,basic,no,7,8192,35.7544
1,standard,owned_block,64,64,1,basic,no,7,8192,142.126
1,mimalloc,owned_block,64,64,1,basic,no,7,8192,69.3359
1,jemalloc,owned_block,64,64,1,basic,no,7,8192,157.849
1,standard,raw,64,256,1,basic,no,7,8192,70.2881
1,mimalloc,raw,64,256,1,basic,no,7,8192,74.1699
1,jemalloc,raw,64,256,1,basic,no,7,8192,66.1987
1,standard,zeroed,64,256,1,basic,no,7,8192,76.5747
1,mimalloc,zeroed,64,256,1,basic,no,7,8192,83.3618
1,jemalloc,zeroed,64,256,1,basic,no,7,8192,70.5444
1,standard,reallocate,64,256,1,basic,no,7,8192,136.975
1,mimalloc,reallocate,64,256,1,basic,no,7,8192,102.979
1,jemalloc,reallocate,64,256,1,basic,no,7,8192,147.253
1,standard,reallocate_zeroed,64,256,1,basic,no,7,8192,141.675
1,mimalloc,reallocate_zeroed,64,256,1,basic,no,7,8192,91.1133
1,jemalloc,reallocate_zeroed,64,256,1,basic,no,7,8192,150.659
1,standard,batch,64,256,1,basic,no,7,8192,73.4619
1,mimalloc,batch,64,256,1,basic,no,7,8192,48.291
1,jemalloc,batch,64,256,1,basic,no,7,8192,87.1094
1,standard,mixed_lifetime,64,256,1,basic,no,7,8192,44.7998
1,mimalloc,mixed_lifetime,64,256,1,basic,no,7,8192,30.9082
1,jemalloc,mixed_lifetime,64,256,1,basic,no,7,8192,36.8042
1,standard,owned_block,64,256,1,basic,no,7,8192,139.575
1,mimalloc,owned_block,64,256,1,basic,no,7,8192,97.3633
1,jemalloc,owned_block,64,256,1,basic,no,7,8192,148.181
1,standard,raw,256,16,1,basic,no,7,8192,74.0723
1,mimalloc,raw,256,16,1,basic,no,7,8192,34.2651
1,jemalloc,raw,256,16,1,basic,no,7,8192,66.0645
1,standard,zeroed,256,16,1,basic,no,7,8192,78.7964
1,mimalloc,zeroed,256,16,1,basic,no,7,8192,37.3535
1,jemalloc,zeroed,256,16,1,basic,no,7,8192,69.2627
1,standard,reallocate,256,16,1,basic,no,7,8192,137.036
1,mimalloc,reallocate,256,16,1,basic,no,7,8192,70.3003
1,jemalloc,reallocate,256,16,1,basic,no,7,8192,156.543
1,standard,reallocate_zeroed,256,16,1,basic,no,7,8192,145.374
1,mimalloc,reallocate_zeroed,256,16,1,basic,no,7,8192,68.5669
1,jemalloc,reallocate_zeroed,256,16,1,basic,no,7,8192,160.73
1,standard,batch,256,16,1,basic,no,7,8192,86.6333
1,mimalloc,batch,256,16,1,basic,no,7,8192,34.3628
1,jemalloc,batch,256,16,1,basic,no,7,8192,87.3901
1,standard,mixed_lifetime,256,16,1,basic,no,7,8192,43.9453
1,mimalloc,mixed_lifetime,256,16,1,basic,no,7,8192,24.4995
1,jemalloc,mixed_lifetime,256,16,1,basic,no,7,8192,37.6465
1,standard,owned_block,256,16,1,basic,no,7,8192,141.504
1,mimalloc,owned_block,256,16,1,basic,no,7,8192,68.2495
1,jemalloc,owned_block,256,16,1,basic,no,7,8192,158.118
1,standard,typed_raw,256,1,1,basic,no,7,8192,69.9585
1,mimalloc,typed_raw,256,1,1,basic,no,7,8192,34.1431
1,jemalloc,typed_raw,256,1,1,basic,no,7,8192,62.9761
1,standard,array,256,1,1,basic,no,7,8192,76.0132
1,mimalloc,array,256,1,1,basic,no,7,8192,37.2192
1,jemalloc,array,256,1,1,basic,no,7,8192,65.0146
1,standard,raw,256,64,1,basic,no,7,8192,73.5352
1,mimalloc,raw,256,64,1,basic,no,7,8192,34.668
1,jemalloc,raw,256,64,1,basic,no,7,8192,66.6748
1,standard,zeroed,256,64,1,basic,no,7,8192,78.2593
1,mimalloc,zeroed,256,64,1,basic,no,7,8192,38.3667
1,jemalloc,zeroed,256,64,1,basic,no,7,8192,69.8364
1,standard,reallocate,256,64,1,basic,no,7,8192,139.575
1,mimalloc,reallocate,256,64,1,basic,no,7,8192,66.0278
1,jemalloc,reallocate,256,64,1,basic,no,7,8192,157.605
1,standard,reallocate_zeroed,256,64,1,basic,no,7,8192,142.92
1,mimalloc,reallocate_zeroed,256,64,1,basic,no,7,8192,66.3696
1,jemalloc,reallocate_zeroed,256,64,1,basic,no,7,8192,161.255
1,standard,batch,256,64,1,basic,no,7,8192,90.2222
1,mimalloc,batch,256,64,1,basic,no,7,8192,34.5825
1,jemalloc,batch,256,64,1,basic,no,7,8192,92.7734
1,standard,mixed_lifetime,256,64,1,basic,no,7,8192,43.3105
1,mimalloc,mixed_lifetime,256,64,1,basic,no,7,8192,24.5117
1,jemalloc,mixed_lifetime,256,64,1,basic,no,7,8192,37.4146
1,standard,owned_block,256,64,1,basic,no,7,8192,143.604
1,mimalloc,owned_block,256,64,1,basic,no,7,8192,68.4937
1,jemalloc,owned_block,256,64,1,basic,no,7,8192,158.716
1,standard,raw,256,256,1,basic,no,7,8192,73.3643
1,mimalloc,raw,256,256,1,basic,no,7,8192,35.2173
1,jemalloc,raw,256,256,1,basic,no,7,8192,66.9922
1,standard,zeroed,256,256,1,basic,no,7,8192,78.6011
1,mimalloc,zeroed,256,256,1,basic,no,7,8192,37.793
1,jemalloc,zeroed,256,256,1,basic,no,7,8192,70.3735
1,standard,reallocate,256,256,1,basic,no,7,8192,138.293
1,mimalloc,reallocate,256,256,1,basic,no,7,8192,66.3208
1,jemalloc,reallocate,256,256,1,basic,no,7,8192,157.397
1,standard,reallocate_zeroed,256,256,1,basic,no,7,8192,144.458
1,mimalloc,reallocate_zeroed,256,256,1,basic,no,7,8192,66.7725
1,jemalloc,reallocate_zeroed,256,256,1,basic,no,7,8192,162.17
1,standard,batch,256,256,1,basic,no,7,8192,90.1367
1,mimalloc,batch,256,256,1,basic,no,7,8192,34.021
1,jemalloc,batch,256,256,1,basic,no,7,8192,90.6128
1,standard,mixed_lifetime,256,256,1,basic,no,7,8192,50.647
1,mimalloc,mixed_lifetime,256,256,1,basic,no,7,8192,24.9756
1,jemalloc,mixed_lifetime,256,256,1,basic,no,7,8192,37.3047
1,standard,owned_block,256,256,1,basic,no,7,8192,143.225
1,mimalloc,owned_block,256,256,1,basic,no,7,8192,67.6392
1,jemalloc,owned_block,256,256,1,basic,no,7,8192,159.326
1,standard,raw,4096,16,1,basic,no,7,8192,73.8892
1,mimalloc,raw,4096,16,1,basic,no,7,8192,56.1035
1,jemalloc,raw,4096,16,1,basic,no,7,8192,74.3774
1,standard,zeroed,4096,16,1,basic,no,7,8192,108.215
1,mimalloc,zeroed,4096,16,1,basic,no,7,8192,80.127
1,jemalloc,zeroed,4096,16,1,basic,no,7,8192,98.645
1,standard,reallocate,4096,16,1,basic,no,7,8192,209.924
1,mimalloc,reallocate,4096,16,1,basic,no,7,8192,164.16
1,jemalloc,reallocate,4096,16,1,basic,no,7,8192,196.13
1,standard,reallocate_zeroed,4096,16,1,basic,no,7,8192,279.321
1,mimalloc,reallocate_zeroed,4096,16,1,basic,no,7,8192,179.041
1,jemalloc,reallocate_zeroed,4096,16,1,basic,no,7,8192,221.423
1,standard,batch,4096,16,1,basic,no,7,8192,527.966
1,mimalloc,batch,4096,16,1,basic,no,7,8192,89.624
1,jemalloc,batch,4096,16,1,basic,no,7,8192,429.395
1,standard,mixed_lifetime,4096,16,1,basic,no,7,8192,162.866
1,mimalloc,mixed_lifetime,4096,16,1,basic,no,7,8192,50.7202
1,jemalloc,mixed_lifetime,4096,16,1,basic,no,7,8192,145.251
1,standard,owned_block,4096,16,1,basic,no,7,8192,207.556
1,mimalloc,owned_block,4096,16,1,basic,no,7,8192,182.336
1,jemalloc,owned_block,4096,16,1,basic,no,7,8192,193.091
1,standard,typed_raw,4096,1,1,basic,no,7,8192,70.7642
1,mimalloc,typed_raw,4096,1,1,basic,no,7,8192,52.6123
1,jemalloc,typed_raw,4096,1,1,basic,no,7,8192,69.3481
1,standard,array,4096,1,1,basic,no,7,8192,110.364
1,mimalloc,array,4096,1,1,basic,no,7,8192,101.355
1,jemalloc,array,4096,1,1,basic,no,7,8192,95.4834
1,standard,raw,4096,64,1,basic,no,7,8192,73.4619
1,mimalloc,raw,4096,64,1,basic,no,7,8192,55.8594
1,jemalloc,raw,4096,64,1,basic,no,7,8192,74.4995
1,standard,zeroed,4096,64,1,basic,no,7,8192,107.019
1,mimalloc,zeroed,4096,64,1,basic,no,7,8192,108.362
1,jemalloc,zeroed,4096,64,1,basic,no,7,8192,98.1323
1,standard,reallocate,4096,64,1,basic,no,7,8192,210.681
1,mimalloc,reallocate,4096,64,1,basic,no,7,8192,170.935
1,jemalloc,reallocate,4096,64,1,basic,no,7,8192,198.12
1,standard,reallocate_zeroed,4096,64,1,basic,no,7,8192,288.074
1,mimalloc,reallocate_zeroed,4096,64,1,basic,no,7,8192,193.066
1,jemalloc,reallocate_zeroed,4096,64,1,basic,no,7,8192,222.913
1,standard,batch,4096,64,1,basic,no,7,8192,103.345
1,mimalloc,batch,4096,64,1,basic,no,7,8192,89.0503
1,jemalloc,batch,4096,64,1,basic,no,7,8192,438.062
1,standard,mixed_lifetime,4096,64,1,basic,no,7,8192,142.664
1,mimalloc,mixed_lifetime,4096,64,1,basic,no,7,8192,49.231
1,jemalloc,mixed_lifetime,4096,64,1,basic,no,7,8192,147.095
1,standard,owned_block,4096,64,1,basic,no,7,8192,214.539
1,mimalloc,owned_block,4096,64,1,basic,no,7,8192,191.467
1,jemalloc,owned_block,4096,64,1,basic,no,7,8192,198.73
1,standard,raw,4096,256,1,basic,no,7,8192,74.5605
1,mimalloc,raw,4096,256,1,basic,no,7,8192,55.8716
1,jemalloc,raw,4096,256,1,basic,no,7,8192,74.2554
1,standard,zeroed,4096,256,1,basic,no,7,8192,105.872
1,mimalloc,zeroed,4096,256,1,basic,no,7,8192,107.422
1,jemalloc,zeroed,4096,256,1,basic,no,7,8192,98.5718
1,standard,reallocate,4096,256,1,basic,no,7,8192,213.477
1,mimalloc,reallocate,4096,256,1,basic,no,7,8192,169.006
1,jemalloc,reallocate,4096,256,1,basic,no,7,8192,194.128
1,standard,reallocate_zeroed,4096,256,1,basic,no,7,8192,280.42
1,mimalloc,reallocate_zeroed,4096,256,1,basic,no,7,8192,189.026
1,jemalloc,reallocate_zeroed,4096,256,1,basic,no,7,8192,213.477
1,standard,batch,4096,256,1,basic,no,7,8192,103.979
1,mimalloc,batch,4096,256,1,basic,no,7,8192,91.3086
1,jemalloc,batch,4096,256,1,basic,no,7,8192,431.274
1,standard,mixed_lifetime,4096,256,1,basic,no,7,8192,133.63
1,mimalloc,mixed_lifetime,4096,256,1,basic,no,7,8192,49.5728
1,jemalloc,mixed_lifetime,4096,256,1,basic,no,7,8192,146.106
1,standard,owned_block,4096,256,1,basic,no,7,8192,217.383
1,mimalloc,owned_block,4096,256,1,basic,no,7,8192,192.529
1,jemalloc,owned_block,4096,256,1,basic,no,7,8192,199.353
1,standard,raw,65536,16,1,basic,no,7,8192,206.042
1,mimalloc,raw,65536,16,1,basic,no,7,8192,87.4268
1,jemalloc,raw,65536,16,1,basic,no,7,8192,359.79
1,standard,zeroed,65536,16,1,basic,no,7,8192,1811.62
1,mimalloc,zeroed,65536,16,1,basic,no,7,8192,1865.61
1,jemalloc,zeroed,65536,16,1,basic,no,7,8192,1823.82
1,standard,reallocate,65536,16,1,basic,no,7,8192,3122.56
1,mimalloc,reallocate,65536,16,1,basic,no,7,8192,2229.24
1,jemalloc,reallocate,65536,16,1,basic,no,7,8192,3570.47
1,standard,reallocate_zeroed,65536,16,1,basic,no,7,8192,5117.68
1,mimalloc,reallocate_zeroed,65536,16,1,basic,no,7,8192,3527.76
1,jemalloc,reallocate_zeroed,65536,16,1,basic,no,7,8192,5091.83
1,standard,batch,65536,16,1,basic,no,7,8192,3328.38
1,mimalloc,batch,65536,16,1,basic,no,7,8192,157.19
1,jemalloc,batch,65536,16,1,basic,no,7,8192,649.292
1,standard,mixed_lifetime,65536,16,1,basic,no,7,8192,702.905
1,mimalloc,mixed_lifetime,65536,16,1,basic,no,7,8192,65.979
1,jemalloc,mixed_lifetime,65536,16,1,basic,no,7,8192,342.212
1,standard,owned_block,65536,16,1,basic,no,7,8192,2148.88
1,mimalloc,owned_block,65536,16,1,basic,no,7,8192,2694.65
1,jemalloc,owned_block,65536,16,1,basic,no,7,8192,4371.84
1,standard,typed_raw,65536,1,1,basic,no,7,8192,178.625
1,mimalloc,typed_raw,65536,1,1,basic,no,7,8192,52.2217
1,jemalloc,typed_raw,65536,1,1,basic,no,7,8192,644.397
1,standard,array,65536,1,1,basic,no,7,8192,1649.55
1,mimalloc,array,65536,1,1,basic,no,7,8192,1496.81
1,jemalloc,array,65536,1,1,basic,no,7,8192,2068.26
1,standard,raw,65536,64,1,basic,no,7,8192,183.167
1,mimalloc,raw,65536,64,1,basic,no,7,8192,87.085
1,jemalloc,raw,65536,64,1,basic,no,7,8192,654.834
1,standard,zeroed,65536,64,1,basic,no,7,8192,1655.35
1,mimalloc,zeroed,65536,64,1,basic,no,7,8192,1863.92
1,jemalloc,zeroed,65536,64,1,basic,no,7,8192,2075
1,standard,reallocate,65536,64,1,basic,no,7,8192,2154.66
1,mimalloc,reallocate,65536,64,1,basic,no,7,8192,2226.88
1,jemalloc,reallocate,65536,64,1,basic,no,7,8192,4327.14
1,standard,reallocate_zeroed,65536,64,1,basic,no,7,8192,3677.09
1,mimalloc,reallocate_zeroed,65536,64,1,basic,no,7,8192,3506.81
1,jemalloc,reallocate_zeroed,65536,64,1,basic,no,7,8192,5610.41
1,standard,batch,65536,64,1,basic,no,7,8192,371.155
1,mimalloc,batch,65536,64,1,basic,no,7,8192,157.19
1,jemalloc,batch,65536,64,1,basic,no,7,8192,646.118
1,standard,mixed_lifetime,65536,64,1,basic,no,7,8192,643.677
1,mimalloc,mixed_lifetime,65536,64,1,basic,no,7,8192,65.5029
1,jemalloc,mixed_lifetime,65536,64,1,basic,no,7,8192,338.989
1,standard,owned_block,65536,64,1,basic,no,7,8192,2148.5
1,mimalloc,owned_block,65536,64,1,basic,no,7,8192,2767.61
1,jemalloc,owned_block,65536,64,1,basic,no,7,8192,4359.01
1,standard,raw,65536,256,1,basic,no,7,8192,182.837
1,mimalloc,raw,65536,256,1,basic,no,7,8192,92.6147
1,jemalloc,raw,65536,256,1,basic,no,7,8192,660.645
1,standard,zeroed,65536,256,1,basic,no,7,8192,1654.65
1,mimalloc,zeroed,65536,256,1,basic,no,7,8192,1866.27
1,jemalloc,zeroed,65536,256,1,basic,no,7,8192,2084.75
1,standard,reallocate,65536,256,1,basic,no,7,8192,2146.37
1,mimalloc,reallocate,65536,256,1,basic,no,7,8192,2232.98
1,jemalloc,reallocate,65536,256,1,basic,no,7,8192,4306.58
1,standard,reallocate_zeroed,65536,256,1,basic,no,7,8192,3659.8
1,mimalloc,reallocate_zeroed,65536,256,1,basic,no,7,8192,3490.87
1,jemalloc,reallocate_zeroed,65536,256,1,basic,no,7,8192,5501.9
1,standard,batch,65536,256,1,basic,no,7,8192,394.641
1,mimalloc,batch,65536,256,1,basic,no,7,8192,157.19
1,jemalloc,batch,65536,256,1,basic,no,7,8192,642.297
1,standard,mixed_lifetime,65536,256,1,basic,no,7,8192,632.751
1,mimalloc,mixed_lifetime,65536,256,1,basic,no,7,8192,64.8682
1,jemalloc,mixed_lifetime,65536,256,1,basic,no,7,8192,337.524
1,standard,owned_block,65536,256,1,basic,no,7,8192,2148.77
1,mimalloc,owned_block,65536,256,1,basic,no,7,8192,2695.03
1,jemalloc,owned_block,65536,256,1,basic,no,7,8192,4330.11
2,standard,raw,64,16,1,basic,no,7,8192,69.9585
2,mimalloc,raw,64,16,1,basic,no,7,8192,33.2031
2,jemalloc,raw,64,16,1,basic,no,7,8192,64.0137
2,standard,zeroed,64,16,1,basic,no,7,8192,76.8311
2,mimalloc,zeroed,64,16,1,basic,no,7,8192,35.6567
2,jemalloc,zeroed,64,16,1,basic,no,7,8192,65.5029
2,standard,reallocate,64,16,1,basic,no,7,8192,132.581
2,mimalloc,reallocate,64,16,1,basic,no,7,8192,65.0513
2,jemalloc,reallocate,64,16,1,basic,no,7,8192,150.562
2,standard,reallocate_zeroed,64,16,1,basic,no,7,8192,135.144
2,mimalloc,reallocate_zeroed,64,16,1,basic,no,7,8192,61.9507
2,jemalloc,reallocate_zeroed,64,16,1,basic,no,7,8192,153.723
2,standard,batch,64,16,1,basic,no,7,8192,86.5723
2,mimalloc,batch,64,16,1,basic,no,7,8192,33.4351
2,jemalloc,batch,64,16,1,basic,no,7,8192,63.269
2,standard,mixed_lifetime,64,16,1,basic,no,7,8192,39.3433
2,mimalloc,mixed_lifetime,64,16,1,basic,no,7,8192,22.9126
2,jemalloc,mixed_lifetime,64,16,1,basic,no,7,8192,33.9844
2,standard,owned_block,64,16,1,basic,no,7,8192,133.569
2,mimalloc,owned_block,64,16,1,basic,no,7,8192,67.4561
2,jemalloc,owned_block,64,16,1,basic,no,7,8192,151.233
2,standard,typed_raw,64,1,1,basic,no,7,8192,68.1152
2,mimalloc,typed_raw,64,1,1,basic,no,7,8192,32.4585
2,jemalloc,typed_raw,64,1,1,basic,no,7,8192,61.2549
2,standard,create_destroy,64,1,1,basic,no,7,8192,68.75
2,mimalloc,create_destroy,64,1,1,basic,no,7,8192,33.1055
2,jemalloc,create_destroy,64,1,1,basic,no,7,8192,61.2061
2,standard,object,64,1,1,basic,no,7,8192,69.1162
2,mimalloc,object,64,1,1,basic,no,7,8192,33.1177
2,jemalloc,object,64,1,1,basic,no,7,8192,61.9629
2,standard,shared_object,64,1,1,basic,no,7,8192,85.9985
2,mimalloc,shared_object,64,1,1,basic,no,7,8192,50.5371
2,jemalloc,shared_object,64,1,1,basic,no,7,8192,81.8115
2,standard,array,64,1,1,basic,no,7,8192,72.7905
2,mimalloc,array,64,1,1,basic,no,7,8192,35.5469
2,jemalloc,array,64,1,1,basic,no,7,8192,63.2812
2,standard,std_vector,256,8,1,basic,no,7,8192,760.486
2,mimalloc,std_vector,256,8,1,basic,no,7,8192,410.522
2,jemalloc,std_vector,256,8,1,basic,no,7,8192,723.792
2,standard,pmr_vector,256,8,1,basic,no,7,8192,755.237
2,mimalloc,pmr_vector,256,8,1,basic,no,7,8192,416.003
2,jemalloc,pmr_vector,256,8,1,basic,no,7,8192,724.988
2,standard,raw,64,64,1,basic,no,7,8192,70.2393
2,mimalloc,raw,64,64,1,basic,no,7,8192,33.2153
2,jemalloc,raw,64,64,1,basic,no,7,8192,63.6475
2,standard,zeroed,64,64,1,basic,no,7,8192,76.3428
2,mimalloc,zeroed,64,64,1,basic,no,7,8192,35.8398
2,jemalloc,zeroed,64,64,1,basic,no,7,8192,65.6738
2,standard,reallocate,64,64,1,basic,no,7,8192,130.505
2,mimalloc,reallocate,64,64,1,basic,no,7,8192,64.27
2,jemalloc,reallocate,64,64,1,basic,no,7,8192,149.976
2,standard,reallocate_zeroed,64,64,1,basic,no,7,8192,134.827
2,mimalloc,reallocate_zeroed,64,64,1,basic,no,7,8192,62.1948
2,jemalloc,reallocate_zeroed,64,64,1,basic,no,7,8192,153.76
2,standard,batch,64,64,1,basic,no,7,8192,79.4434
2,mimalloc,batch,64,64,1,basic,no,7,8192,33.2275
2,jemalloc,batch,64,64,1,basic,no,7,8192,63.9648
2,standard,mixed_lifetime,64,64,1,basic,no,7,8192,42.1021
2,mimalloc,mixed_lifetime,64,64,1,basic,no,7,8192,22.937
2,jemalloc,mixed_lifetime,64,64,1,basic,no,7,8192,34.1187
2,standard,owned_block,64,64,1,basic,no,7,8192,133.813
2,mimalloc,owned_block,64,64,1,basic,no,7,8192,67.749
2,jemalloc,owned_block,64,64,1,basic,no,7,8192,151.025
2,standard,raw,64,256,1,basic,no,7,8192,71.2158
2,mimalloc,raw,64,256,1,basic,no,7,8192,72.8394
2,jemalloc,raw,64,256,1,basic,no,7,8192,65.2588
2,standard,zeroed,64,256,1,basic,no,7,8192,77.1484
2,mimalloc,zeroed,64,256,1,basic,no,7,8192,81.7261
2,jemalloc,zeroed,64,256,1,basic,no,7,8192,68.9087
2,standard,reallocate,64,256,1,basic,no,7,8192,131.274
2,mimalloc,reallocate,64,256,1,basic,no,7,8192,100.83
2,jemalloc,reallocate,64,256,1,basic,no,7,8192,144.312
2,standard,reallocate_zeroed,64,256,1,basic,no,7,8192,134.363
2,mimalloc,reallocate_zeroed,64,256,1,basic,no,7,8192,88.5254
2,jemalloc,reallocate_zeroed,64,256,1,basic,no,7,8192,148.23
2,standard,batch,64,256,1,basic,no,7,8192,90.9058
2,mimalloc,batch,64,256,1,basic,no,7,8192,46.875
2,jemalloc,batch,64,256,1,basic,no,7,8192,84.7778
2,standard,mixed_lifetime,64,256,1,basic,no,7,8192,42.4316
2,mimalloc,mixed_lifetime,64,256,1,basic,no,7,8192,30.0537
2,jemalloc,mixed_lifetime,64,256,1,basic,no,7,8192,35.2295
2,standard,owned_block,64,256,1,basic,no,7,8192,135.51
2,mimalloc,owned_block,64,256,1,basic,no,7,8192,98.0347
2,jemalloc,owned_block,64,256,1,basic,no,7,8192,144.336
2,standard,raw,256,16,1,basic,no,7,8192,73.0469
2,mimalloc,raw,256,16,1,basic,no,7,8192,33.2764
2,jemalloc,raw,256,16,1,basic,no,7,8192,65.2588
2,standard,zeroed,256,16,1,basic,no,7,8192,82.959
2,mimalloc,zeroed,256,16,1,basic,no,7,8192,36.7554
2,jemalloc,zeroed,256,16,1,basic,no,7,8192,68.2617
2,standard,reallocate,256,16,1,basic,no,7,8192,134.375
2,mimalloc,reallocate,256,16,1,basic,no,7,8192,68.7866
2,jemalloc,reallocate,256,16,1,basic,no,7,8192,152.539
2,standard,reallocate_zeroed,256,16,1,basic,no,7,8192,140.747
2,mimalloc,reallocate_zeroed,256,16,1,basic,no,7,8192,65.8447
2,jemalloc,reallocate_zeroed,256,16,1,basic,no,7,8192,155.969
2,standard,batch,256,16,1,basic,no,7,8192,87.5977
2,mimalloc,batch,256,16,1,basic,no,7,8192,33.252
2,jemalloc,batch,256,16,1,basic,no,7,8192,84.729
2,standard,mixed_lifetime,256,16,1,basic,no,7,8192,43.6035
2,mimalloc,mixed_lifetime,256,16,1,basic,no,7,8192,23.1934
2,jemalloc,mixed_lifetime,256,16,1,basic,no,7,8192,36.1816
2,standard,owned_block,256,16,1,basic,no,7,8192,139.111
2,mimalloc,owned_block,256,16,1,basic,no,7,8192,64.1846
2,jemalloc,owned_block,256,16,1,basic,no,7,8192,153.528
2,standard,typed_raw,256,1,1,basic,no,7,8192,68.2373
2,mimalloc,typed_raw,256,1,1,basic,no,7,8192,32.4951
2,jemalloc,typed_raw,256,1,1,basic,no,7,8192,61.3525
2,standard,array,256,1,1,basic,no,7,8192,72.6562
2,mimalloc,array,256,1,1,basic,no,7,8192,36.0229
2,jemalloc,array,256,1,1,basic,no,7,8192,65.1611
2,standard,raw,256,64,1,basic,no,7,8192,70.2515
2,mimalloc,raw,256,64,1,basic,no,7,8192,33.2031
2,jemalloc,raw,256,64,1,basic,no,7,8192,64.8315
2,standard,zeroed,256,64,1,basic,no,7,8192,77.7954
2,mimalloc,zeroed,256,64,1,basic,no,7,8192,36.7432
2,jemalloc,zeroed,256,64,1,basic,no,7,8192,68.2495
2,standard,reallocate,256,64,1,basic,no,7,8192,131.97
2,mimalloc,reallocate,256,64,1,basic,no,7,8192,65.0391
2,jemalloc,reallocate,256,64,1,basic,no,7,8192,152.405
2,standard,reallocate_zeroed,256,64,1,basic,no,7,8192,136.707
2,mimalloc,reallocate_zeroed,256,64,1,basic,no,7,8192,63.6597
2,jemalloc,reallocate_zeroed,256,64,1,basic,no,7,8192,156.055
2,standard,batch,256,64,1,basic,no,7,8192,72.0581
2,mimalloc,batch,256,64,1,basic,no,7,8192,33.252
2,jemalloc,batch,256,64,1,basic,no,7,8192,89.0503
2,standard,mixed_lifetime,256,64,1,basic,no,7,8192,42.981
2,mimalloc,mixed_lifetime,256,64,1,basic,no,7,8192,23.3154
2,jemalloc,mixed_lifetime,256,64,1,basic,no,7,8192,35.8154
2,standard,owned_block,256,64,1,basic,no,7,8192,136.548
2,mimalloc,owned_block,256,64,1,basic,no,7,8192,67.1387
2,jemalloc,owned_block,256,64,1,basic,no,7,8192,152.966
2,standard,raw,256,256,1,basic,no,7,8192,71.2769
2,mimalloc,raw,256,256,1,basic,no,7,8192,33.2153
2,jemalloc,raw,256,256,1,basic,no,7,8192,63.9282
2,standard,zeroed,256,256,1,basic,no,7,8192,78.6499
2,mimalloc,zeroed,256,256,1,basic,no,7,8192,36.9385
2,jemalloc,zeroed,256,256,1,basic,no,7,8192,68.6768
2,standard,reallocate,256,256,1,basic,no,7,8192,133.972
2,mimalloc,reallocate,256,256,1,basic,no,7,8192,64.4287
2,jemalloc,reallocate,256,256,1,basic,no,7,8192,152.136
2,standard,reallocate_zeroed,256,256,1,basic,no,7,8192,138.904
2,mimalloc,reallocate_zeroed,256,256,1,basic,no,7,8192,63.8428
2,jemalloc,reallocate_zeroed,256,256,1,basic,no,7,8192,155.518
2,standard,batch,256,256,1,basic,no,7,8192,88.7695
2,mimalloc,batch,256,256,1,basic,no,7,8192,33.2397
2,jemalloc,batch,256,256,1,basic,no,7,8192,88.7817
2,standard,mixed_lifetime,256,256,1,basic,no,7,8192,50.6836
2,mimalloc,mixed_lifetime,256,256,1,basic,no,7,8192,24.6826
2,jemalloc,mixed_lifetime,256,256,1,basic,no,7,8192,36.1206
2,standard,owned_block,256,256,1,basic,no,7,8192,136.646
2,mimalloc,owned_block,256,256,1,basic,no,7,8192,67.2363
2,jemalloc,owned_block,256,256,1,basic,no,7,8192,154.883
2,standard,raw,4096,16,1,basic,no,7,8192,70.2637
2,mimalloc,raw,4096,16,1,basic,no,7,8192,53.7476
2,jemalloc,raw,4096,16,1,basic,no,7,8192,72.0337
2,standard,zeroed,4096,16,1,basic,no,7,8192,106.567
2,mimalloc,zeroed,4096,16,1,basic,no,7,8192,77.9785
2,jemalloc,zeroed,4096,16,1,basic,no,7,8192,95.5933
2,standard,reallocate,4096,16,1,basic,no,7,8192,204.016
2,mimalloc,reallocate,4096,16,1,basic,no,7,8192,160.156
2,jemalloc,reallocate,4096,16,1,basic,no,7,8192,187.317
2,standard,reallocate_zeroed,4096,16,1,basic,no,7,8192,276.367
2,mimalloc,reallocate_zeroed,4096,16,1,basic,no,7,8192,175.464
2,jemalloc,reallocate_zeroed,4096,16,1,basic,no,7,8192,213.098
2,standard,batch,4096,16,1,basic,no,7,8192,528.76
2,mimalloc,batch,4096,16,1,basic,no,7,8192,87.2803
2,jemalloc,batch,4096,16,1,basic,no,7,8192,419.214
2,standard,mixed_lifetime,4096,16,1,basic,no,7,8192,156.348
2,mimalloc,mixed_lifetime,4096,16,1,basic,no,7,8192,48.1323
2,jemalloc,mixed_lifetime,4096,16,1,basic,no,7,8192,138.611
2,standard,owned_block,4096,16,1,basic,no,7,8192,213.293
2,mimalloc,owned_block,4096,16,1,basic,no,7,8192,185.461
2,jemalloc,owned_block,4096,16,1,basic,no,7,8192,188.684
2,standard,typed_raw,4096,1,1,basic,no,7,8192,68.042
2,mimalloc,typed_raw,4096,1,1,basic,no,7,8192,50.1465
2,jemalloc,typed_raw,4096,1,1,basic,no,7,8192,67.2119
2,standard,array,4096,1,1,basic,no,7,8192,104.773
2,mimalloc,array,4096,1,1,basic,no,7,8192,95.874
2,jemalloc,array,4096,1,1,basic,no,7,8192,92.1265
2,standard,raw,4096,64,1,basic,no,7,8192,70.8984
2,mimalloc,raw,4096,64,1,basic,no,7,8192,53.8208
2,jemalloc,raw,4096,64,1,basic,no,7,8192,72.4731
2,standard,zeroed,4096,64,1,basic,no,7,8192,105.579
2,mimalloc,zeroed,4096,64,1,basic,no,7,8192,105.835
2,jemalloc,zeroed,4096,64,1,basic,no,7,8192,96.0815
2,standard,reallocate,4096,64,1,basic,no,7,8192,206.018
2,mimalloc,reallocate,4096,64,1,basic,no,7,8192,164.392
2,jemalloc,reallocate,4096,64,1,basic,no,7,8192,187.183
2,standard,reallocate_zeroed,4096,64,1,basic,no,7,8192,284.521
2,mimalloc,reallocate_zeroed,4096,64,1,basic,no,7,8192,188.733
2,jemalloc,reallocate_zeroed,4096,64,1,basic,no,7,8192,212.585
2,standard,batch,4096,64,1,basic,no,7,8192,96.3989
2,mimalloc,batch,4096,64,1,basic,no,7,8192,87.3779
2,jemalloc,batch,4096,64,1,basic,no,7,8192,403.857
2,standard,mixed_lifetime,4096,64,1,basic,no,7,8192,138.416
2,mimalloc,mixed_lifetime,4096,64,1,basic,no,7,8192,48.1323
2,jemalloc,mixed_lifetime,4096,64,1,basic,no,7,8192,139.636
2,standard,owned_block,4096,64,1,basic,no,7,8192,210.376
2,mimalloc,owned_block,4096,64,1,basic,no,7,8192,185.657
2,jemalloc,owned_block,4096,64,1,basic,no,7,8192,189.258
2,standard,raw,4096,256,1,basic,no,7,8192,70.752
2,mimalloc,raw,4096,256,1,basic,no,7,8192,54.3579
2,jemalloc,raw,4096,256,1,basic,no,7,8192,71.9482
2,standard,zeroed,4096,256,1,basic,no,7,8192,106.909
2,mimalloc,zeroed,4096,256,1,basic,no,7,8192,109.314
2,jemalloc,zeroed,4096,256,1,basic,no,7,8192,96.4233
2,standard,reallocate,4096,256,1,basic,no,7,8192,202.148
2,mimalloc,reallocate,4096,256,1,basic,no,7,8192,162.83
2,jemalloc,reallocate,4096,256,1,basic,no,7,8192,186.646
2,standard,reallocate_zeroed,4096,256,1,basic,no,7,8192,278.821
2,mimalloc,reallocate_zeroed,4096,256,1,basic,no,7,8192,189.709
2,jemalloc,reallocate_zeroed,4096,256,1,basic,no,7,8192,212.488
2,standard,batch,4096,256,1,basic,no,7,8192,101.257
2,mimalloc,batch,4096,256,1,basic,no,7,8192,86.9385
2,jemalloc,batch,4096,256,1,basic,no,7,8192,413.037
2,standard,mixed_lifetime,4096,256,1,basic,no,7,8192,138.257
2,mimalloc,mixed_lifetime,4096,256,1,basic,no,7,8192,47.9858
2,jemalloc,mixed_lifetime,4096,256,1,basic,no,7,8192,138.184
2,standard,owned_block,4096,256,1,basic,no,7,8192,208.887
2,mimalloc,owned_block,4096,256,1,basic,no,7,8192,184.766
2,jemalloc,owned_block,4096,256,1,basic,no,7,8192,190.002
2,standard,raw,65536,16,1,basic,no,7,8192,228.467
2,mimalloc,raw,65536,16,1,basic,no,7,8192,88.5742
2,jemalloc,raw,65536,16,1,basic,no,7,8192,340.43
2,standard,zeroed,65536,16,1,basic,no,7,8192,1917.26
2,mimalloc,zeroed,65536,16,1,basic,no,7,8192,1842.29
2,jemalloc,zeroed,65536,16,1,basic,no,7,8192,1768.53
2,standard,reallocate,65536,16,1,basic,no,7,8192,4129.17
2,mimalloc,reallocate,65536,16,1,basic,no,7,8192,2193.47
2,jemalloc,reallocate,65536,16,1,basic,no,7,8192,3578.41
2,standard,reallocate_zeroed,65536,16,1,basic,no,7,8192,6393.49
2,mimalloc,reallocate_zeroed,65536,16,1,basic,no,7,8192,3473.34
2,jemalloc,reallocate_zeroed,65536,16,1,basic,no,7,8192,4983.47
2,standard,batch,65536,16,1,basic,no,7,8192,2840.09
2,mimalloc,batch,65536,16,1,basic,no,7,8192,152.039
2,jemalloc,batch,65536,16,1,basic,no,7,8192,614.246
2,standard,mixed_lifetime,65536,16,1,basic,no,7,8192,695.178
2,mimalloc,mixed_lifetime,65536,16,1,basic,no,7,8192,63.3301
2,jemalloc,mixed_lifetime,65536,16,1,basic,no,7,8192,322.51
2,standard,owned_block,65536,16,1,basic,no,7,8192,2142.5
2,mimalloc,owned_block,65536,16,1,basic,no,7,8192,2753.74
2,jemalloc,owned_block,65536,16,1,basic,no,7,8192,4194.21
2,standard,typed_raw,65536,1,1,basic,no,7,8192,171.118
2,mimalloc,typed_raw,65536,1,1,basic,no,7,8192,50.5737
2,jemalloc,typed_raw,65536,1,1,basic,no,7,8192,647.217
2,standard,array,65536,1,1,basic,no,7,8192,1634.29
2,mimalloc,array,65536,1,1,basic,no,7,8192,1478.99
2,jemalloc,array,65536,1,1,basic,no,7,8192,2026.16
2,standard,raw,65536,64,1,basic,no,7,8192,173.975
2,mimalloc,raw,65536,64,1,basic,no,7,8192,86.0474
2,jemalloc,raw,65536,64,1,basic,no,7,8192,645.007
2,standard,zeroed,65536,64,1,basic,no,7,8192,1652.94
2,mimalloc,zeroed,65536,64,1,basic,no,7,8192,1842.14
2,jemalloc,zeroed,65536,64,1,basic,no,7,8192,2032.25
2,standard,reallocate,65536,64,1,basic,no,7,8192,2127.6
2,mimalloc,reallocate,65536,64,1,basic,no,7,8192,2197.18
2,jemalloc,reallocate,65536,64,1,basic,no,7,8192,4149.24
2,standard,reallocate_zeroed,65536,64,1,basic,no,7,8192,3636.27
2,mimalloc,reallocate_zeroed,65536,64,1,basic,no,7,8192,3476.01
2,jemalloc,reallocate_zeroed,65536,64,1,basic,no,7,8192,5444.12
2,standard,batch,65536,64,1,basic,no,7,8192,373.523
2,mimalloc,batch,65536,64,1,basic,no,7,8192,151.013
2,jemalloc,batch,65536,64,1,basic,no,7,8192,612.524
2,standard,mixed_lifetime,65536,64,1,basic,no,7,8192,632.092
2,mimalloc,mixed_lifetime,65536,64,1,basic,no,7,8192,62.854
2,jemalloc,mixed_lifetime,65536,64,1,basic,no,7,8192,323.914
2,standard,owned_block,65536,64,1,basic,no,7,8192,2144.12
2,mimalloc,owned_block,65536,64,1,basic,no,7,8192,2743.71
2,jemalloc,owned_block,65536,64,1,basic,no,7,8192,4204.55
2,standard,raw,65536,256,1,basic,no,7,8192,174.573
2,mimalloc,raw,65536,256,1,basic,no,7,8192,91.6748
2,jemalloc,raw,65536,256,1,basic,no,7,8192,696.704
2,standard,zeroed,65536,256,1,basic,no,7,8192,1647.44
2,mimalloc,zeroed,65536,256,1,basic,no,7,8192,1845.36
2,jemalloc,zeroed,65536,256,1,basic,no,7,8192,2074.85
2,standard,reallocate,65536,256,1,basic,no,7,8192,2136.74
2,mimalloc,reallocate,65536,256,1,basic,no,7,8192,2201.12
2,jemalloc,reallocate,65536,256,1,basic,no,7,8192,4197.74
2,standard,reallocate_zeroed,65536,256,1,basic,no,7,8192,3640.52
2,mimalloc,reallocate_zeroed,65536,256,1,basic,no,7,8192,3473.22
2,jemalloc,reallocate_zeroed,65536,256,1,basic,no,7,8192,5307.48
2,standard,batch,65536,256,1,basic,no,7,8192,365.979
2,mimalloc,batch,65536,256,1,basic,no,7,8192,150.781
2,jemalloc,batch,65536,256,1,basic,no,7,8192,608.447
2,standard,mixed_lifetime,65536,256,1,basic,no,7,8192,607.373
2,mimalloc,mixed_lifetime,65536,256,1,basic,no,7,8192,64.6118
2,jemalloc,mixed_lifetime,65536,256,1,basic,no,7,8192,321.008
2,standard,owned_block,65536,256,1,basic,no,7,8192,2154.64
2,mimalloc,owned_block,65536,256,1,basic,no,7,8192,2702.5
2,jemalloc,owned_block,65536,256,1,basic,no,7,8192,4178.65
2,standard,raw,64,16,1,disabled,no,7,8192,48.8403
2,mimalloc,raw,64,16,1,disabled,no,7,8192,13.2324
2,jemalloc,raw,64,16,1,disabled,no,7,8192,39.3799
2,standard,zeroed,64,16,1,disabled,no,7,8192,54.4189
2,mimalloc,zeroed,64,16,1,disabled,no,7,8192,18.4692
2,jemalloc,zeroed,64,16,1,disabled,no,7,8192,42.1387
2,standard,reallocate,64,16,1,disabled,no,7,8192,102.966
2,mimalloc,reallocate,64,16,1,disabled,no,7,8192,48.3032
2,jemalloc,reallocate,64,16,1,disabled,no,7,8192,113.538
2,standard,reallocate_zeroed,64,16,1,disabled,no,7,8192,111.218
2,mimalloc,reallocate_zeroed,64,16,1,disabled,no,7,8192,39.7949
2,jemalloc,reallocate_zeroed,64,16,1,disabled,no,7,8192,117.59
2,standard,batch,64,16,1,disabled,no,7,8192,64.0259
2,mimalloc,batch,64,16,1,disabled,no,7,8192,12.4634
2,jemalloc,batch,64,16,1,disabled,no,7,8192,43.0542
2,standard,mixed_lifetime,64,16,1,disabled,no,7,8192,34.2285
2,mimalloc,mixed_lifetime,64,16,1,disabled,no,7,8192,17.6147
2,jemalloc,mixed_lifetime,64,16,1,disabled,no,7,8192,24.9023
2,standard,owned_block,64,16,1,disabled,no,7,8192,105.713
2,mimalloc,owned_block,64,16,1,disabled,no,7,8192,50.5371
2,jemalloc,owned_block,64,16,1,disabled,no,7,8192,116.516
2,standard,typed_raw,64,1,1,disabled,no,7,8192,44.6411
2,mimalloc,typed_raw,64,1,1,disabled,no,7,8192,11.3281
2,jemalloc,typed_raw,64,1,1,disabled,no,7,8192,35.2905
2,standard,create_destroy,64,1,1,disabled,no,7,8192,45.5811
2,mimalloc,create_destroy,64,1,1,disabled,no,7,8192,12.439
2,jemalloc,create_destroy,64,1,1,disabled,no,7,8192,36.5601
2,standard,object,64,1,1,disabled,no,7,8192,46.3501
2,mimalloc,object,64,1,1,disabled,no,7,8192,12.439
2,jemalloc,object,64,1,1,disabled,no,7,8192,36.5234
2,standard,shared_object,64,1,1,disabled,no,7,8192,63.0737
2,mimalloc,shared_object,64,1,1,disabled,no,7,8192,23.6938
2,jemalloc,shared_object,64,1,1,disabled,no,7,8192,56.5063
2,standard,array,64,1,1,disabled,no,7,8192,58.5083
2,mimalloc,array,64,1,1,disabled,no,7,8192,18.7744
2,jemalloc,array,64,1,1,disabled,no,7,8192,38.8672
2,standard,std_vector,256,8,1,disabled,no,7,8192,590.283
2,mimalloc,std_vector,256,8,1,disabled,no,7,8192,237.378
2,jemalloc,std_vector,256,8,1,disabled,no,7,8192,484.9
2,standard,pmr_vector,256,8,1,disabled,no,7,8192,588.367
2,mimalloc,pmr_vector,256,8,1,disabled,no,7,8192,255.334
2,jemalloc,pmr_vector,256,8,1,disabled,no,7,8192,494.739
2,mimalloc,raw,64,16,1,disabled,yes,7,8192,13.9893
2,jemalloc,raw,64,16,1,disabled,yes,7,8192,308.655
2,mimalloc,zeroed,64,16,1,disabled,yes,7,8192,19.0552
2,jemalloc,zeroed,64,16,1,disabled,yes,7,8192,308.069
2,mimalloc,reallocate,64,16,1,disabled,yes,7,8192,48.0957
2,jemalloc,reallocate,64,16,1,disabled,yes,7,8192,684.973
2,mimalloc,reallocate_zeroed,64,16,1,disabled,yes,7,8192,41.8457
2,jemalloc,reallocate_zeroed,64,16,1,disabled,yes,7,8192,634.119
2,mimalloc,batch,64,16,1,disabled,yes,7,8192,12.1338
2,jemalloc,batch,64,16,1,disabled,yes,7,8192,109.399
2,mimalloc,mixed_lifetime,64,16,1,disabled,yes,7,8192,18.0054
2,jemalloc,mixed_lifetime,64,16,1,disabled,yes,7,8192,74.1577
2,mimalloc,owned_block,64,16,1,disabled,yes,7,8192,50.3052
2,jemalloc,owned_block,64,16,1,disabled,yes,7,8192,694.067
2,mimalloc,typed_raw,64,1,1,disabled,yes,7,8192,12.9639
2,jemalloc,typed_raw,64,1,1,disabled,yes,7,8192,302.246
2,mimalloc,create_destroy,64,1,1,disabled,yes,7,8192,12.854
2,jemalloc,create_destroy,64,1,1,disabled,yes,7,8192,303.552
2,mimalloc,object,64,1,1,disabled,yes,7,8192,13.2568
2,jemalloc,object,64,1,1,disabled,yes,7,8192,302.429
2,mimalloc,shared_object,64,1,1,disabled,yes,7,8192,23.8403
2,jemalloc,shared_object,64,1,1,disabled,yes,7,8192,341.809
2,mimalloc,array,64,1,1,disabled,yes,7,8192,19.104
2,jemalloc,array,64,1,1,disabled,yes,7,8192,307.605
2,mimalloc,std_vector,256,8,1,disabled,yes,7,8192,241.736
2,jemalloc,std_vector,256,8,1,disabled,yes,7,8192,3391.54
2,mimalloc,pmr_vector,256,8,1,disabled,yes,7,8192,255.847
2,jemalloc,pmr_vector,256,8,1,disabled,yes,7,8192,3446.96
2,mimalloc,raw,64,16,1,basic,yes,7,8192,34.4116
2,jemalloc,raw,64,16,1,basic,yes,7,8192,332.336
2,mimalloc,zeroed,64,16,1,basic,yes,7,8192,37.1338
2,jemalloc,zeroed,64,16,1,basic,yes,7,8192,334.57
2,mimalloc,reallocate,64,16,1,basic,yes,7,8192,67.2852
2,jemalloc,reallocate,64,16,1,basic,yes,7,8192,711.084
2,mimalloc,reallocate_zeroed,64,16,1,basic,yes,7,8192,62.915
2,jemalloc,reallocate_zeroed,64,16,1,basic,yes,7,8192,683.691
2,mimalloc,batch,64,16,1,basic,yes,7,8192,34.5459
2,jemalloc,batch,64,16,1,basic,yes,7,8192,161.023
2,mimalloc,mixed_lifetime,64,16,1,basic,yes,7,8192,24.8901
2,jemalloc,mixed_lifetime,64,16,1,basic,yes,7,8192,86.9873
2,mimalloc,owned_block,64,16,1,basic,yes,7,8192,69.7144
2,jemalloc,owned_block,64,16,1,basic,yes,7,8192,732.495
2,mimalloc,typed_raw,64,1,1,basic,yes,7,8192,33.2642
2,jemalloc,typed_raw,64,1,1,basic,yes,7,8192,323.804
2,mimalloc,create_destroy,64,1,1,basic,yes,7,8192,34.6558
2,jemalloc,create_destroy,64,1,1,basic,yes,7,8192,328.882
2,mimalloc,object,64,1,1,basic,yes,7,8192,34.2041
2,jemalloc,object,64,1,1,basic,yes,7,8192,331.995
2,mimalloc,shared_object,64,1,1,basic,yes,7,8192,52.0386
2,jemalloc,shared_object,64,1,1,basic,yes,7,8192,367.261
2,mimalloc,array,64,1,1,basic,yes,7,8192,37.1704
2,jemalloc,array,64,1,1,basic,yes,7,8192,333.716
2,mimalloc,std_vector,256,8,1,basic,yes,7,8192,436.157
2,jemalloc,std_vector,256,8,1,basic,yes,7,8192,3637.93
2,mimalloc,pmr_vector,256,8,1,basic,yes,7,8192,433.313
2,jemalloc,pmr_vector,256,8,1,basic,yes,7,8192,3698.89
2,standard,raw,64,64,1,disabled,no,7,8192,48.7549
2,mimalloc,raw,64,64,1,disabled,no,7,8192,13.208
2,jemalloc,raw,64,64,1,disabled,no,7,8192,38.5986
2,standard,zeroed,64,64,1,disabled,no,7,8192,55.0537
2,mimalloc,zeroed,64,64,1,disabled,no,7,8192,18.3472
2,jemalloc,zeroed,64,64,1,disabled,no,7,8192,41.2842
2,standard,reallocate,64,64,1,disabled,no,7,8192,102.222
2,mimalloc,reallocate,64,64,1,disabled,no,7,8192,47.876
2,jemalloc,reallocate,64,64,1,disabled,no,7,8192,114.062
2,standard,reallocate_zeroed,64,64,1,disabled,no,7,8192,114.136
2,mimalloc,reallocate_zeroed,64,64,1,disabled,no,7,8192,39.7095
2,jemalloc,reallocate_zeroed,64,64,1,disabled,no,7,8192,119.971
2,standard,batch,64,64,1,disabled,no,7,8192,57.4829
2,mimalloc,batch,64,64,1,disabled,no,7,8192,12.3657
2,jemalloc,batch,64,64,1,disabled,no,7,8192,43.1152
2,standard,mixed_lifetime,64,64,1,disabled,no,7,8192,34.4849
2,mimalloc,mixed_lifetime,64,64,1,disabled,no,7,8192,17.627
2,jemalloc,mixed_lifetime,64,64,1,disabled,no,7,8192,24.8779
2,standard,owned_block,64,64,1,disabled,no,7,8192,105.334
2,mimalloc,owned_block,64,64,1,disabled,no,7,8192,50.8789
2,jemalloc,owned_block,64,64,1,disabled,no,7,8192,117.603
2,mimalloc,raw,64,64,1,disabled,yes,7,8192,13.623
2,jemalloc,raw,64,64,1,disabled,yes,7,8192,309.827
2,mimalloc,zeroed,64,64,1,disabled,yes,7,8192,19.1284
2,jemalloc,zeroed,64,64,1,disabled,yes,7,8192,309.961
2,mimalloc,reallocate,64,64,1,disabled,yes,7,8192,48.23
2,jemalloc,reallocate,64,64,1,disabled,yes,7,8192,693.494
2,mimalloc,reallocate_zeroed,64,64,1,disabled,yes,7,8192,39.8071
2,jemalloc,reallocate_zeroed,64,64,1,disabled,yes,7,8192,683.142
2,mimalloc,batch,64,64,1,disabled,yes,7,8192,12.3901
2,jemalloc,batch,64,64,1,disabled,yes,7,8192,135.193
2,mimalloc,mixed_lifetime,64,64,1,disabled,yes,7,8192,17.9688
2,jemalloc,mixed_lifetime,64,64,1,disabled,yes,7,8192,75.9521
2,mimalloc,owned_block,64,64,1,disabled,yes,7,8192,50.4883
2,jemalloc,owned_block,64,64,1,disabled,yes,7,8192,678.296
2,mimalloc,raw,64,64,1,basic,yes,7,8192,35.0708
2,jemalloc,raw,64,64,1,basic,yes,7,8192,331.421
2,mimalloc,zeroed,64,64,1,basic,yes,7,8192,36.6821
2,jemalloc,zeroed,64,64,1,basic,yes,7,8192,336.841
2,mimalloc,reallocate,64,64,1,basic,yes,7,8192,68.0908
2,jemalloc,reallocate,64,64,1,basic,yes,7,8192,710.242
2,mimalloc,reallocate_zeroed,64,64,1,basic,yes,7,8192,65.7471
2,jemalloc,reallocate_zeroed,64,64,1,basic,yes,7,8192,719.031
2,mimalloc,batch,64,64,1,basic,yes,7,8192,34.8511
2,jemalloc,batch,64,64,1,basic,yes,7,8192,162.598
2,mimalloc,mixed_lifetime,64,64,1,basic,yes,7,8192,24.0112
2,jemalloc,mixed_lifetime,64,64,1,basic,yes,7,8192,84.8511
2,mimalloc,owned_block,64,64,1,basic,yes,7,8192,71.2524
2,jemalloc,owned_block,64,64,1,basic,yes,7,8192,730.896
2,standard,raw,64,256,1,disabled,no,7,8192,48.6206
2,mimalloc,raw,64,256,1,disabled,no,7,8192,68.457
2,jemalloc,raw,64,256,1,disabled,no,7,8192,39.5874
2,standard,zeroed,64,256,1,disabled,no,7,8192,54.2725
2,mimalloc,zeroed,64,256,1,disabled,no,7,8192,74.8657
2,jemalloc,zeroed,64,256,1,disabled,no,7,8192,42.1875
2,standard,reallocate,64,256,1,disabled,no,7,8192,100.977
2,mimalloc,reallocate,64,256,1,disabled,no,7,8192,85.0586
2,jemalloc,reallocate,64,256,1,disabled,no,7,8192,103.955
2,standard,reallocate_zeroed,64,256,1,disabled,no,7,8192,109.839
2,mimalloc,reallocate_zeroed,64,256,1,disabled,no,7,8192,71.1548
2,jemalloc,reallocate_zeroed,64,256,1,disabled,no,7,8192,106.189
2,standard,batch,64,256,1,disabled,no,7,8192,68.8232
2,mimalloc,batch,64,256,1,disabled,no,7,8192,35.4736
2,jemalloc,batch,64,256,1,disabled,no,7,8192,66.8945
2,standard,mixed_lifetime,64,256,1,disabled,no,7,8192,37.3413
2,mimalloc,mixed_lifetime,64,256,1,disabled,no,7,8192,25.6348
2,jemalloc,mixed_lifetime,64,256,1,disabled,no,7,8192,25.4517
2,standard,owned_block,64,256,1,disabled,no,7,8192,105.115
2,mimalloc,owned_block,64,256,1,disabled,no,7,8192,84.4727
2,jemalloc,owned_block,64,256,1,disabled,no,7,8192,105.994
2,mimalloc,raw,64,256,1,disabled,yes,7,8192,69.0674
2,jemalloc,raw,64,256,1,disabled,yes,7,8192,304.468
2,mimalloc,zeroed,64,256,1,disabled,yes,7,8192,75.1953
2,jemalloc,zeroed,64,256,1,disabled,yes,7,8192,306.335
2,mimalloc,reallocate,64,256,1,disabled,yes,7,8192,88.9648
2,jemalloc,reallocate,64,256,1,disabled,yes,7,8192,387.72
2,mimalloc,reallocate_zeroed,64,256,1,disabled,yes,7,8192,73.9502
2,jemalloc,reallocate_zeroed,64,256,1,disabled,yes,7,8192,392.273
2,mimalloc,batch,64,256,1,disabled,yes,7,8192,36.6211
2,jemalloc,batch,64,256,1,disabled,yes,7,8192,146.924
2,mimalloc,mixed_lifetime,64,256,1,disabled,yes,7,8192,25.9277
2,jemalloc,mixed_lifetime,64,256,1,disabled,yes,7,8192,85.9009
2,mimalloc,owned_block,64,256,1,disabled,yes,7,8192,85.144
2,jemalloc,owned_block,64,256,1,disabled,yes,7,8192,391.858
2,mimalloc,raw,64,256,1,basic,yes,7,8192,75.5981
2,jemalloc,raw,64,256,1,basic,yes,7,8192,328.723
2,mimalloc,zeroed,64,256,1,basic,yes,7,8192,84.0698
2,jemalloc,zeroed,64,256,1,basic,yes,7,8192,332.446
2,mimalloc,reallocate,64,256,1,basic,yes,7,8192,107.08
2,jemalloc,reallocate,64,256,1,basic,yes,7,8192,425.867
2,mimalloc,reallocate_zeroed,64,256,1,basic,yes,7,8192,91.7969
2,jemalloc,reallocate_zeroed,64,256,1,basic,yes,7,8192,435.229
2,mimalloc,batch,64,256,1,basic,yes,7,8192,47.7905
2,jemalloc,batch,64,256,1,basic,yes,7,8192,166.65
2,mimalloc,mixed_lifetime,64,256,1,basic,yes,7,8192,31.3721
2,jemalloc,mixed_lifetime,64,256,1,basic,yes,7,8192,93.3105
2,mimalloc,owned_block,64,256,1,basic,yes,7,8192,102.747
2,jemalloc,owned_block,64,256,1,basic,yes,7,8192,432.861
2,standard,raw,256,16,1,disabled,no,7,8192,48.6572
2,mimalloc,raw,256,16,1,disabled,no,7,8192,13.2202
2,jemalloc,raw,256,16,1,disabled,no,7,8192,39.0625
2,standard,zeroed,256,16,1,disabled,no,7,8192,55.1147
2,mimalloc,zeroed,256,16,1,disabled,no,7,8192,18.811
2,jemalloc,zeroed,256,16,1,disabled,no,7,8192,42.1265
2,standard,reallocate,256,16,1,disabled,no,7,8192,98.4863
2,mimalloc,reallocate,256,16,1,disabled,no,7,8192,56.2378
2,jemalloc,reallocate,256,16,1,disabled,no,7,8192,109.851
2,standard,reallocate_zeroed,256,16,1,disabled,no,7,8192,112.024
2,mimalloc,reallocate_zeroed,256,16,1,disabled,no,7,8192,48.6816
2,jemalloc,reallocate_zeroed,256,16,1,disabled,no,7,8192,119.36
2,standard,batch,256,16,1,disabled,no,7,8192,66.4551
2,mimalloc,batch,256,16,1,disabled,no,7,8192,12.2681
2,jemalloc,batch,256,16,1,disabled,no,7,8192,67.4316
2,standard,mixed_lifetime,256,16,1,disabled,no,7,8192,38.4033
2,mimalloc,mixed_lifetime,256,16,1,disabled,no,7,8192,17.981
2,jemalloc,mixed_lifetime,256,16,1,disabled,no,7,8192,26.6113
2,standard,owned_block,256,16,1,disabled,no,7,8192,106.689
2,mimalloc,owned_block,256,16,1,disabled,no,7,8192,54.4312
2,jemalloc,owned_block,256,16,1,disabled,no,7,8192,117.48
2,standard,typed_raw,256,1,1,disabled,no,7,8192,44.4336
2,mimalloc,typed_raw,256,1,1,disabled,no,7,8192,11.6821
2,jemalloc,typed_raw,256,1,1,disabled,no,7,8192,36.2549
2,standard,array,256,1,1,disabled,no,7,8192,52.5757
2,mimalloc,array,256,1,1,disabled,no,7,8192,18.7378
2,jemalloc,array,256,1,1,disabled,no,7,8192,40.5884
2,mimalloc,raw,256,16,1,disabled,yes,7,8192,15.4419
2,jemalloc,raw,256,16,1,disabled,yes,7,8192,302.625
2,mimalloc,zeroed,256,16,1,disabled,yes,7,8192,21.5576
2,jemalloc,zeroed,256,16,1,disabled,yes,7,8192,306.848
2,mimalloc,reallocate,256,16,1,disabled,yes,7,8192,57.6416
2,jemalloc,reallocate,256,16,1,disabled,yes,7,8192,686.047
2,mimalloc,reallocate_zeroed,256,16,1,disabled,yes,7,8192,50.0122
2,jemalloc,reallocate_zeroed,256,16,1,disabled,yes,7,8192,691.748
2,mimalloc,batch,256,16,1,disabled,yes,7,8192,12.9028
2,jemalloc,batch,256,16,1,disabled,yes,7,8192,146.924
2,mimalloc,mixed_lifetime,256,16,1,disabled,yes,7,8192,19.3237
2,jemalloc,mixed_lifetime,256,16,1,disabled,yes,7,8192,92.0776
2,mimalloc,owned_block,256,16,1,disabled,yes,7,8192,59.7046
2,jemalloc,owned_block,256,16,1,disabled,yes,7,8192,692.505
2,mimalloc,typed_raw,256,1,1,disabled,yes,7,8192,13.4766
2,jemalloc,typed_raw,256,1,1,disabled,yes,7,8192,299.463
2,mimalloc,array,256,1,1,disabled,yes,7,8192,21.1182
2,jemalloc,array,256,1,1,disabled,yes,7,8192,304.443
2,mimalloc,raw,256,16,1,basic,yes,7,8192,35.9009
2,jemalloc,raw,256,16,1,basic,yes,7,8192,324.573
2,mimalloc,zeroed,256,16,1,basic,yes,7,8192,39.2334
2,jemalloc,zeroed,256,16,1,basic,yes,7,8192,330.969
2,mimalloc,reallocate,256,16,1,basic,yes,7,8192,72.7417
2,jemalloc,reallocate,256,16,1,basic,yes,7,8192,705.505
2,mimalloc,reallocate_zeroed,256,16,1,basic,yes,7,8192,72.3999
2,jemalloc,reallocate_zeroed,256,16,1,basic,yes,7,8192,737.427
2,mimalloc,batch,256,16,1,basic,yes,7,8192,35.3638
2,jemalloc,batch,256,16,1,basic,yes,7,8192,175.439
2,mimalloc,mixed_lifetime,256,16,1,basic,yes,7,8192,25.4028
2,jemalloc,mixed_lifetime,256,16,1,basic,yes,7,8192,102.087
2,mimalloc,owned_block,256,16,1,basic,yes,7,8192,73.6084
2,jemalloc,owned_block,256,16,1,basic,yes,7,8192,743.945
2,mimalloc,typed_raw,256,1,1,basic,yes,7,8192,34.3262
2,jemalloc,typed_raw,256,1,1,basic,yes,7,8192,323.193
2,mimalloc,array,256,1,1,basic,yes,7,8192,38.7329
2,jemalloc,array,256,1,1,basic,yes,7,8192,333.386
2,standard,raw,256,64,1,disabled,no,7,8192,48.877
2,mimalloc,raw,256,64,1,disabled,no,7,8192,13.0127
2,jemalloc,raw,256,64,1,disabled,no,7,8192,38.9893
2,standard,zeroed,256,64,1,disabled,no,7,8192,54.6021
2,mimalloc,zeroed,256,64,1,disabled,no,7,8192,18.6768
2,jemalloc,zeroed,256,64,1,disabled,no,7,8192,42.1997
2,standard,reallocate,256,64,1,disabled,no,7,8192,100.562
2,mimalloc,reallocate,256,64,1,disabled,no,7,8192,52.5513
2,jemalloc,reallocate,256,64,1,disabled,no,7,8192,113.916
2,standard,reallocate_zeroed,256,64,1,disabled,no,7,8192,111.279
2,mimalloc,reallocate_zeroed,256,64,1,disabled,no,7,8192,45.3857
2,jemalloc,reallocate_zeroed,256,64,1,disabled,no,7,8192,118.799
2,standard,batch,256,64,1,disabled,no,7,8192,47.7783
2,mimalloc,batch,256,64,1,disabled,no,7,8192,11.853
2,jemalloc,batch,256,64,1,disabled,no,7,8192,67.4805
2,standard,mixed_lifetime,256,64,1,disabled,no,7,8192,34.79
2,mimalloc,mixed_lifetime,256,64,1,disabled,no,7,8192,17.4316
2,jemalloc,mixed_lifetime,256,64,1,disabled,no,7,8192,25.647
2,standard,owned_block,256,64,1,disabled,no,7,8192,101.55
2,mimalloc,owned_block,256,64,1,disabled,no,7,8192,53.9185
2,jemalloc,owned_block,256,64,1,disabled,no,7,8192,113.354
2,mimalloc,raw,256,64,1,disabled,yes,7,8192,15.4785
2,jemalloc,raw,256,64,1,disabled,yes,7,8192,304.724
2,mimalloc,zeroed,256,64,1,disabled,yes,7,8192,21.1792
2,jemalloc,zeroed,256,64,1,disabled,yes,7,8192,304.431
2,mimalloc,reallocate,256,64,1,disabled,yes,7,8192,57.2266
2,jemalloc,reallocate,256,64,1,disabled,yes,7,8192,675.354
2,mimalloc,reallocate_zeroed,256,64,1,disabled,yes,7,8192,50.7935
2,jemalloc,reallocate_zeroed,256,64,1,disabled,yes,7,8192,690.405
2,mimalloc,batch,256,64,1,disabled,yes,7,8192,13.2935
2,jemalloc,batch,256,64,1,disabled,yes,7,8192,148.315
2,mimalloc,mixed_lifetime,256,64,1,disabled,yes,7,8192,18.8354
2,jemalloc,mixed_lifetime,256,64,1,disabled,yes,7,8192,92.9077
2,mimalloc,owned_block,256,64,1,disabled,yes,7,8192,60.083
2,jemalloc,owned_block,256,64,1,disabled,yes,7,8192,693.433
2,mimalloc,raw,256,64,1,basic,yes,7,8192,36.3037
2,jemalloc,raw,256,64,1,basic,yes,7,8192,329.102
2,mimalloc,zeroed,256,64,1,basic,yes,7,8192,39.5142
2,jemalloc,zeroed,256,64,1,basic,yes,7,8192,333.459
2,mimalloc,reallocate,256,64,1,basic,yes,7,8192,72.583
2,jemalloc,reallocate,256,64,1,basic,yes,7,8192,704.15
2,mimalloc,reallocate_zeroed,256,64,1,basic,yes,7,8192,69.4092
2,jemalloc,reallocate_zeroed,256,64,1,basic,yes,7,8192,720.093
2,mimalloc,batch,256,64,1,basic,yes,7,8192,34.2041
2,jemalloc,batch,256,64,1,basic,yes,7,8192,170.312
2,mimalloc,mixed_lifetime,256,64,1,basic,yes,7,8192,25.4639
2,jemalloc,mixed_lifetime,256,64,1,basic,yes,7,8192,100.977
2,mimalloc,owned_block,256,64,1,basic,yes,7,8192,73.1934
2,jemalloc,owned_block,256,64,1,basic,yes,7,8192,730.066
2,standard,raw,256,256,1,disabled,no,7,8192,48.9502
2,mimalloc,raw,256,256,1,disabled,no,7,8192,12.9028
2,jemalloc,raw,256,256,1,disabled,no,7,8192,38.3179
2,standard,zeroed,256,256,1,disabled,no,7,8192,54.0405
2,mimalloc,zeroed,256,256,1,disabled,no,7,8192,18.7988
2,jemalloc,zeroed,256,256,1,disabled,no,7,8192,42.4194
2,standard,reallocate,256,256,1,disabled,no,7,8192,101.355
2,mimalloc,reallocate,256,256,1,disabled,no,7,8192,52.8809
2,jemalloc,reallocate,256,256,1,disabled,no,7,8192,112.781
2,standard,reallocate_zeroed,256,256,1,disabled,no,7,8192,109.839
2,mimalloc,reallocate_zeroed,256,256,1,disabled,no,7,8192,45.1538
2,jemalloc,reallocate_zeroed,256,256,1,disabled,no,7,8192,119.446
2,standard,batch,256,256,1,disabled,no,7,8192,140.369
2,mimalloc,batch,256,256,1,disabled,no,7,8192,12.5977
2,jemalloc,batch,256,256,1,disabled,no,7,8192,71.2769
2,standard,mixed_lifetime,256,256,1,disabled,no,7,8192,45.8008
2,mimalloc,mixed_lifetime,256,256,1,disabled,no,7,8192,18.7744
2,jemalloc,mixed_lifetime,256,256,1,disabled,no,7,8192,27.124
2,standard,owned_block,256,256,1,disabled,no,7,8192,105.688
2,mimalloc,owned_block,256,256,1,disabled,no,7,8192,55.188
2,jemalloc,owned_block,256,256,1,disabled,no,7,8192,118.689
2,mimalloc,raw,256,256,1,disabled,yes,7,8192,15.7959
2,jemalloc,raw,256,256,1,disabled,yes,7,8192,305.164
2,mimalloc,zeroed,256,256,1,disabled,yes,7,8192,21.5576
2,jemalloc,zeroed,256,256,1,disabled,yes,7,8192,308.008
2,mimalloc,reallocate,256,256,1,disabled,yes,7,8192,57.1533
2,jemalloc,reallocate,256,256,1,disabled,yes,7,8192,677.93
2,mimalloc,reallocate_zeroed,256,256,1,disabled,yes,7,8192,50.9766
2,jemalloc,reallocate_zeroed,256,256,1,disabled,yes,7,8192,685.132
2,mimalloc,batch,256,256,1,disabled,yes,7,8192,12.9028
2,jemalloc,batch,256,256,1,disabled,yes,7,8192,147.412
2,mimalloc,mixed_lifetime,256,256,1,disabled,yes,7,8192,20.0195
2,jemalloc,mixed_lifetime,256,256,1,disabled,yes,7,8192,93.103
2,mimalloc,owned_block,256,256,1,disabled,yes,7,8192,60.7178
2,jemalloc,owned_block,256,256,1,disabled,yes,7,8192,681.372
2,mimalloc,raw,256,256,1,basic,yes,7,8192,34.9731
2,jemalloc,raw,256,256,1,basic,yes,7,8192,311.169
2,mimalloc,zeroed,256,256,1,basic,yes,7,8192,38.9893
2,jemalloc,zeroed,256,256,1,basic,yes,7,8192,329.993
2,mimalloc,reallocate,256,256,1,basic,yes,7,8192,72.0703
2,jemalloc,reallocate,256,256,1,basic,yes,7,8192,706.628
2,mimalloc,reallocate_zeroed,256,256,1,basic,yes,7,8192,71.1792
2,jemalloc,reallocate_zeroed,256,256,1,basic,yes,7,8192,720.483
2,mimalloc,batch,256,256,1,basic,yes,7,8192,34.8755
2,jemalloc,batch,256,256,1,basic,yes,7,8192,174.841
2,mimalloc,mixed_lifetime,256,256,1,basic,yes,7,8192,24.4019
2,jemalloc,mixed_lifetime,256,256,1,basic,yes,7,8192,88.0005
2,mimalloc,owned_block,256,256,1,basic,yes,7,8192,71.4111
2,jemalloc,owned_block,256,256,1,basic,yes,7,8192,703.308
2,standard,raw,4096,16,1,disabled,no,7,8192,48.7427
2,mimalloc,raw,4096,16,1,disabled,no,7,8192,35.8398
2,jemalloc,raw,4096,16,1,disabled,no,7,8192,42.395
2,standard,zeroed,4096,16,1,disabled,no,7,8192,81.2744
2,mimalloc,zeroed,4096,16,1,disabled,no,7,8192,52.1118
2,jemalloc,zeroed,4096,16,1,disabled,no,7,8192,70.3979
2,standard,reallocate,4096,16,1,disabled,no,7,8192,168.481
2,mimalloc,reallocate,4096,16,1,disabled,no,7,8192,139.807
2,jemalloc,reallocate,4096,16,1,disabled,no,7,8192,149.353
2,standard,reallocate_zeroed,4096,16,1,disabled,no,7,8192,251.245
2,mimalloc,reallocate_zeroed,4096,16,1,disabled,no,7,8192,155.969
2,jemalloc,reallocate_zeroed,4096,16,1,disabled,no,7,8192,183.789
2,standard,batch,4096,16,1,disabled,no,7,8192,846.252
2,mimalloc,batch,4096,16,1,disabled,no,7,8192,72.8882
2,jemalloc,batch,4096,16,1,disabled,no,7,8192,420.764
2,standard,mixed_lifetime,4096,16,1,disabled,no,7,8192,141.772
2,mimalloc,mixed_lifetime,4096,16,1,disabled,no,7,8192,44.9219
2,jemalloc,mixed_lifetime,4096,16,1,disabled,no,7,8192,138.477
2,standard,owned_block,4096,16,1,disabled,no,7,8192,179.517
2,mimalloc,owned_block,4096,16,1,disabled,no,7,8192,160.156
2,jemalloc,owned_block,4096,16,1,disabled,no,7,8192,157.983
2,standard,typed_raw,4096,1,1,disabled,no,7,8192,45.52
2,mimalloc,typed_raw,4096,1,1,disabled,no,7,8192,26.9287
2,jemalloc,typed_raw,4096,1,1,disabled,no,7,8192,37.9395
2,standard,array,4096,1,1,disabled,no,7,8192,81.2378
2,mimalloc,array,4096,1,1,disabled,no,7,8192,77.5146
2,jemalloc,array,4096,1,1,disabled,no,7,8192,66.7236
2,mimalloc,raw,4096,16,1,disabled,yes,7,8192,34.0942
2,jemalloc,raw,4096,16,1,disabled,yes,7,8192,311.658
2,mimalloc,zeroed,4096,16,1,disabled,yes,7,8192,55.1514
2,jemalloc,zeroed,4096,16,1,disabled,yes,7,8192,338.245
2,mimalloc,reallocate,4096,16,1,disabled,yes,7,8192,143.97
2,jemalloc,reallocate,4096,16,1,disabled,yes,7,8192,749.988
2,mimalloc,reallocate_zeroed,4096,16,1,disabled,yes,7,8192,159.021
2,jemalloc,reallocate_zeroed,4096,16,1,disabled,yes,7,8192,764.709
2,mimalloc,batch,4096,16,1,disabled,yes,7,8192,51.7334
2,jemalloc,batch,4096,16,1,disabled,yes,7,8192,483.118
2,mimalloc,mixed_lifetime,4096,16,1,disabled,yes,7,8192,35.791
2,jemalloc,mixed_lifetime,4096,16,1,disabled,yes,7,8192,264.539
2,mimalloc,owned_block,4096,16,1,disabled,yes,7,8192,125.024
2,jemalloc,owned_block,4096,16,1,disabled,yes,7,8192,616.809
2,mimalloc,typed_raw,4096,1,1,disabled,yes,7,8192,28.2593
2,jemalloc,typed_raw,4096,1,1,disabled,yes,7,8192,288.831
2,mimalloc,array,4096,1,1,disabled,yes,7,8192,37.0361
2,jemalloc,array,4096,1,1,disabled,yes,7,8192,267.224
2,mimalloc,raw,4096,16,1,basic,yes,7,8192,54.3823
2,jemalloc,raw,4096,16,1,basic,yes,7,8192,284.497
2,mimalloc,zeroed,4096,16,1,basic,yes,7,8192,61.5479
2,jemalloc,zeroed,4096,16,1,basic,yes,7,8192,279.272
2,mimalloc,reallocate,4096,16,1,basic,yes,7,8192,163.953
2,jemalloc,reallocate,4096,16,1,basic,yes,7,8192,766.772
2,mimalloc,reallocate_zeroed,4096,16,1,basic,yes,7,8192,181.836
2,jemalloc,reallocate_zeroed,4096,16,1,basic,yes,7,8192,814.783
2,mimalloc,batch,4096,16,1,basic,yes,7,8192,90.9302
2,jemalloc,batch,4096,16,1,basic,yes,7,8192,615.088
2,mimalloc,mixed_lifetime,4096,16,1,basic,yes,7,8192,48.3521
2,jemalloc,mixed_lifetime,4096,16,1,basic,yes,7,8192,337.573
2,mimalloc,owned_block,4096,16,1,basic,yes,7,8192,160.767
2,jemalloc,owned_block,4096,16,1,basic,yes,7,8192,785.693
2,mimalloc,typed_raw,4096,1,1,basic,yes,7,8192,51.3428
2,jemalloc,typed_raw,4096,1,1,basic,yes,7,8192,329.419
2,mimalloc,array,4096,1,1,basic,yes,7,8192,77.9175
2,jemalloc,array,4096,1,1,basic,yes,7,8192,357.397
2,standard,raw,4096,64,1,disabled,no,7,8192,49.7559
2,mimalloc,raw,4096,64,1,disabled,no,7,8192,35.8765
2,jemalloc,raw,4096,64,1,disabled,no,7,8192,42.4561
2,standard,zeroed,4096,64,1,disabled,no,7,8192,82.3853
2,mimalloc,zeroed,4096,64,1,disabled,no,7,8192,82.6538
2,jemalloc,zeroed,4096,64,1,disabled,no,7,8192,72.583
2,standard,reallocate,4096,64,1,disabled,no,7,8192,173.035
2,mimalloc,reallocate,4096,64,1,disabled,no,7,8192,150
2,jemalloc,reallocate,4096,64,1,disabled,no,7,8192,154.736
2,standard,reallocate_zeroed,4096,64,1,disabled,no,7,8192,251.025
2,mimalloc,reallocate_zeroed,4096,64,1,disabled,no,7,8192,171.118
2,jemalloc,reallocate_zeroed,4096,64,1,disabled,no,7,8192,182.178
2,standard,batch,4096,64,1,disabled,no,7,8192,63.6963
2,mimalloc,batch,4096,64,1,disabled,no,7,8192,72.6196
2,jemalloc,batch,4096,64,1,disabled,no,7,8192,418.188
2,standard,mixed_lifetime,4096,64,1,disabled,no,7,8192,112.683
2,mimalloc,mixed_lifetime,4096,64,1,disabled,no,7,8192,44.7144
2,jemalloc,mixed_lifetime,4096,64,1,disabled,no,7,8192,139.539
2,standard,owned_block,4096,64,1,disabled,no,7,8192,176.611
2,mimalloc,owned_block,4096,64,1,disabled,no,7,8192,165.405
2,jemalloc,owned_block,4096,64,1,disabled,no,7,8192,155.884
2,mimalloc,raw,4096,64,1,disabled,yes,7,8192,34.0942
2,jemalloc,raw,4096,64,1,disabled,yes,7,8192,312.573
2,mimalloc,zeroed,4096,64,1,disabled,yes,7,8192,55.9082
2,jemalloc,zeroed,4096,64,1,disabled,yes,7,8192,333.582
2,mimalloc,reallocate,4096,64,1,disabled,yes,7,8192,144.165
2,jemalloc,reallocate,4096,64,1,disabled,yes,7,8192,739.172
2,mimalloc,reallocate_zeroed,4096,64,1,disabled,yes,7,8192,152.307
2,jemalloc,reallocate_zeroed,4096,64,1,disabled,yes,7,8192,706.909
2,mimalloc,batch,4096,64,1,disabled,yes,7,8192,72.3511
2,jemalloc,batch,4096,64,1,disabled,yes,7,8192,575.574
2,mimalloc,mixed_lifetime,4096,64,1,disabled,yes,7,8192,45.3369
2,jemalloc,mixed_lifetime,4096,64,1,disabled,yes,7,8192,338
2,mimalloc,owned_block,4096,64,1,disabled,yes,7,8192,147.778
2,jemalloc,owned_block,4096,64,1,disabled,yes,7,8192,741.98
2,mimalloc,raw,4096,64,1,basic,yes,7,8192,55.188
2,jemalloc,raw,4096,64,1,basic,yes,7,8192,318.103
2,mimalloc,zeroed,4096,64,1,basic,yes,7,8192,82.1289
2,jemalloc,zeroed,4096,64,1,basic,yes,7,8192,364.783
2,mimalloc,reallocate,4096,64,1,basic,yes,7,8192,164.722
2,jemalloc,reallocate,4096,64,1,basic,yes,7,8192,768.677
2,mimalloc,reallocate_zeroed,4096,64,1,basic,yes,7,8192,182.434
2,jemalloc,reallocate_zeroed,4096,64,1,basic,yes,7,8192,817.761
2,mimalloc,batch,4096,64,1,basic,yes,7,8192,87.0728
2,jemalloc,batch,4096,64,1,basic,yes,7,8192,615.015
2,mimalloc,mixed_lifetime,4096,64,1,basic,yes,7,8192,49.2798
2,jemalloc,mixed_lifetime,4096,64,1,basic,yes,7,8192,347.363
2,mimalloc,owned_block,4096,64,1,basic,yes,7,8192,157.764
2,jemalloc,owned_block,4096,64,1,basic,yes,7,8192,796.497
2,standard,raw,4096,256,1,disabled,no,7,8192,50.1221
2,mimalloc,raw,4096,256,1,disabled,no,7,8192,36.0474
2,jemalloc,raw,4096,256,1,disabled,no,7,8192,42.9321
2,standard,zeroed,4096,256,1,disabled,no,7,8192,82.6416
2,mimalloc,zeroed,4096,256,1,disabled,no,7,8192,83.7036
2,jemalloc,zeroed,4096,256,1,disabled,no,7,8192,73.6694
2,standard,reallocate,4096,256,1,disabled,no,7,8192,173.145
2,mimalloc,reallocate,4096,256,1,disabled,no,7,8192,149.744
2,jemalloc,reallocate,4096,256,1,disabled,no,7,8192,157.349
2,standard,reallocate_zeroed,4096,256,1,disabled,no,7,8192,250.977
2,mimalloc,reallocate_zeroed,4096,256,1,disabled,no,7,8192,170.776
2,jemalloc,reallocate_zeroed,4096,256,1,disabled,no,7,8192,183.276
2,standard,batch,4096,256,1,disabled,no,7,8192,61.7065
2,mimalloc,batch,4096,256,1,disabled,no,7,8192,69.7754
2,jemalloc,batch,4096,256,1,disabled,no,7,8192,386.157
2,standard,mixed_lifetime,4096,256,1,disabled,no,7,8192,112.451
2,mimalloc,mixed_lifetime,4096,256,1,disabled,no,7,8192,42.9321
2,jemalloc,mixed_lifetime,4096,256,1,disabled,no,7,8192,131.616
2,standard,owned_block,4096,256,1,disabled,no,7,8192,172.314
2,mimalloc,owned_block,4096,256,1,disabled,no,7,8192,157.947
2,jemalloc,owned_block,4096,256,1,disabled,no,7,8192,151.233
2,mimalloc,raw,4096,256,1,disabled,yes,7,8192,34.3628
2,jemalloc,raw,4096,256,1,disabled,yes,7,8192,313.477
2,mimalloc,zeroed,4096,256,1,disabled,yes,7,8192,54.8828
2,jemalloc,zeroed,4096,256,1,disabled,yes,7,8192,335.547
2,mimalloc,reallocate,4096,256,1,disabled,yes,7,8192,142.578
2,jemalloc,reallocate,4096,256,1,disabled,yes,7,8192,739.526
2,mimalloc,reallocate_zeroed,4096,256,1,disabled,yes,7,8192,158.972
2,jemalloc,reallocate_zeroed,4096,256,1,disabled,yes,7,8192,766.333
2,mimalloc,batch,4096,256,1,disabled,yes,7,8192,73.4985
2,jemalloc,batch,4096,256,1,disabled,yes,7,8192,605.615
2,mimalloc,mixed_lifetime,4096,256,1,disabled,yes,7,8192,44.8486
2,jemalloc,mixed_lifetime,4096,256,1,disabled,yes,7,8192,333.252
2,mimalloc,owned_block,4096,256,1,disabled,yes,7,8192,149.231
2,jemalloc,owned_block,4096,256,1,disabled,yes,7,8192,685.779
2,mimalloc,raw,4096,256,1,basic,yes,7,8192,55.1147
2,jemalloc,raw,4096,256,1,basic,yes,7,8192,316.699
2,mimalloc,zeroed,4096,256,1,basic,yes,7,8192,81.7017
2,jemalloc,zeroed,4096,256,1,basic,yes,7,8192,362.231
2,mimalloc,reallocate,4096,256,1,basic,yes,7,8192,165.588
2,jemalloc,reallocate,4096,256,1,basic,yes,7,8192,767.859
2,mimalloc,reallocate_zeroed,4096,256,1,basic,yes,7,8192,180.969
2,jemalloc,reallocate_zeroed,4096,256,1,basic,yes,7,8192,820.374
2,mimalloc,batch,4096,256,1,basic,yes,7,8192,91.1377
2,jemalloc,batch,4096,256,1,basic,yes,7,8192,618.469
2,mimalloc,mixed_lifetime,4096,256,1,basic,yes,7,8192,49.9146
2,jemalloc,mixed_lifetime,4096,256,1,basic,yes,7,8192,343.347
2,mimalloc,owned_block,4096,256,1,basic,yes,7,8192,160.754
2,jemalloc,owned_block,4096,256,1,basic,yes,7,8192,786.45
2,standard,raw,65536,16,1,disabled,no,7,8192,148.755
2,mimalloc,raw,65536,16,1,disabled,no,7,8192,78.8208
2,jemalloc,raw,65536,16,1,disabled,no,7,8192,352.478
2,standard,zeroed,65536,16,1,disabled,no,7,8192,1602.2
2,mimalloc,zeroed,65536,16,1,disabled,no,7,8192,1819.92
2,jemalloc,zeroed,65536,16,1,disabled,no,7,8192,1804.72
2,standard,reallocate,65536,16,1,disabled,no,7,8192,3442.24
2,mimalloc,reallocate,65536,16,1,disabled,no,7,8192,2212.84
2,jemalloc,reallocate,65536,16,1,disabled,no,7,8192,3751.53
2,standard,reallocate_zeroed,65536,16,1,disabled,no,7,8192,5498
2,mimalloc,reallocate_zeroed,65536,16,1,disabled,no,7,8192,3516.85
2,jemalloc,reallocate_zeroed,65536,16,1,disabled,no,7,8192,5051.44
2,standard,batch,65536,16,1,disabled,no,7,8192,3751.9
2,mimalloc,batch,65536,16,1,disabled,no,7,8192,135.876
2,jemalloc,batch,65536,16,1,disabled,no,7,8192,634.167
2,standard,mixed_lifetime,65536,16,1,disabled,no,7,8192,702.881
2,mimalloc,mixed_lifetime,65536,16,1,disabled,no,7,8192,58.9722
2,jemalloc,mixed_lifetime,65536,16,1,disabled,no,7,8192,324.463
2,standard,owned_block,65536,16,1,disabled,no,7,8192,2072.89
2,mimalloc,owned_block,65536,16,1,disabled,no,7,8192,2804.63
2,jemalloc,owned_block,65536,16,1,disabled,no,7,8192,4333.06
2,standard,typed_raw,65536,1,1,disabled,no,7,8192,144.617
2,mimalloc,typed_raw,65536,1,1,disabled,no,7,8192,27.2827
2,jemalloc,typed_raw,65536,1,1,disabled,no,7,8192,672.302
2,standard,array,65536,1,1,disabled,no,7,8192,1610.82
2,mimalloc,array,65536,1,1,disabled,no,7,8192,1468.18
2,jemalloc,array,65536,1,1,disabled,no,7,8192,2085.03
2,mimalloc,raw,65536,16,1,disabled,yes,7,8192,78.6133
2,jemalloc,raw,65536,16,1,disabled,yes,7,8192,386.621
2,mimalloc,zeroed,65536,16,1,disabled,yes,7,8192,1832.75
2,jemalloc,zeroed,65536,16,1,disabled,yes,7,8192,1872.51
2,mimalloc,reallocate,65536,16,1,disabled,yes,7,8192,2213.18
2,jemalloc,reallocate,65536,16,1,disabled,yes,7,8192,3719.35
2,mimalloc,reallocate_zeroed,65536,16,1,disabled,yes,7,8192,3510.68
2,jemalloc,reallocate_zeroed,65536,16,1,disabled,yes,7,8192,5135.07
2,mimalloc,batch,65536,16,1,disabled,yes,7,8192,141.296
2,jemalloc,batch,65536,16,1,disabled,yes,7,8192,696.96
2,mimalloc,mixed_lifetime,65536,16,1,disabled,yes,7,8192,57.8247
2,jemalloc,mixed_lifetime,65536,16,1,disabled,yes,7,8192,348.694
2,mimalloc,owned_block,65536,16,1,disabled,yes,7,8192,2221.74
2,jemalloc,owned_block,65536,16,1,disabled,yes,7,8192,3845.31
2,mimalloc,typed_raw,65536,1,1,disabled,yes,7,8192,26.7212
2,jemalloc,typed_raw,65536,1,1,disabled,yes,7,8192,400.818
2,mimalloc,array,65536,1,1,disabled,yes,7,8192,1469.75
2,jemalloc,array,65536,1,1,disabled,yes,7,8192,1838.39
2,mimalloc,raw,65536,16,1,basic,yes,7,8192,87.0117
2,jemalloc,raw,65536,16,1,basic,yes,7,8192,405.408
2,mimalloc,zeroed,65536,16,1,basic,yes,7,8192,1860.8
2,jemalloc,zeroed,65536,16,1,basic,yes,7,8192,1813.65
2,mimalloc,reallocate,65536,16,1,basic,yes,7,8192,2251.79
2,jemalloc,reallocate,65536,16,1,basic,yes,7,8192,3875.92
2,mimalloc,reallocate_zeroed,65536,16,1,basic,yes,7,8192,3520.29
2,jemalloc,reallocate_zeroed,65536,16,1,basic,yes,7,8192,5200.38
2,mimalloc,batch,65536,16,1,basic,yes,7,8192,156.152
2,jemalloc,batch,65536,16,1,basic,yes,7,8192,696.619
2,mimalloc,mixed_lifetime,65536,16,1,basic,yes,7,8192,61.6943
2,jemalloc,mixed_lifetime,65536,16,1,basic,yes,7,8192,333.997
2,mimalloc,owned_block,65536,16,1,basic,yes,7,8192,2209.07
2,jemalloc,owned_block,65536,16,1,basic,yes,7,8192,3711.12
2,mimalloc,typed_raw,65536,1,1,basic,yes,7,8192,53.0762
2,jemalloc,typed_raw,65536,1,1,basic,yes,7,8192,416.223
2,mimalloc,array,65536,1,1,basic,yes,7,8192,1500.24
2,jemalloc,array,65536,1,1,basic,yes,7,8192,1889.04
2,standard,raw,65536,64,1,disabled,no,7,8192,138.293
2,mimalloc,raw,65536,64,1,disabled,no,7,8192,79.9927
2,jemalloc,raw,65536,64,1,disabled,no,7,8192,541.174
2,standard,zeroed,65536,64,1,disabled,no,7,8192,1607.62
2,mimalloc,zeroed,65536,64,1,disabled,no,7,8192,1829.93
2,jemalloc,zeroed,65536,64,1,disabled,no,7,8192,1956.45
2,standard,reallocate,65536,64,1,disabled,no,7,8192,2083.14
2,mimalloc,reallocate,65536,64,1,disabled,no,7,8192,2170.87
2,jemalloc,reallocate,65536,64,1,disabled,no,7,8192,3986.47
2,standard,reallocate_zeroed,65536,64,1,disabled,no,7,8192,3581.16
2,mimalloc,reallocate_zeroed,65536,64,1,disabled,no,7,8192,3490.39
2,jemalloc,reallocate_zeroed,65536,64,1,disabled,no,7,8192,5153.97
2,standard,batch,65536,64,1,disabled,no,7,8192,347.217
2,mimalloc,batch,65536,64,1,disabled,no,7,8192,137.317
2,jemalloc,batch,65536,64,1,disabled,no,7,8192,626.526
2,standard,mixed_lifetime,65536,64,1,disabled,no,7,8192,625.964
2,mimalloc,mixed_lifetime,65536,64,1,disabled,no,7,8192,58.0444
2,jemalloc,mixed_lifetime,65536,64,1,disabled,no,7,8192,320.544
2,standard,owned_block,65536,64,1,disabled,no,7,8192,2085.08
2,mimalloc,owned_block,65536,64,1,disabled,no,7,8192,2830.38
2,jemalloc,owned_block,65536,64,1,disabled,no,7,8192,4262.3
2,mimalloc,raw,65536,64,1,disabled,yes,7,8192,78.1616
2,jemalloc,raw,65536,64,1,disabled,yes,7,8192,396.326
2,mimalloc,zeroed,65536,64,1,disabled,yes,7,8192,1830.19
2,jemalloc,zeroed,65536,64,1,disabled,yes,7,8192,1852.67
2,mimalloc,reallocate,65536,64,1,disabled,yes,7,8192,2213.37
2,jemalloc,reallocate,65536,64,1,disabled,yes,7,8192,3797.13
2,mimalloc,reallocate_zeroed,65536,64,1,disabled,yes,7,8192,3505.71
2,jemalloc,reallocate_zeroed,65536,64,1,disabled,yes,7,8192,5163.87
2,mimalloc,batch,65536,64,1,disabled,yes,7,8192,138.489
2,jemalloc,batch,65536,64,1,disabled,yes,7,8192,699.316
2,mimalloc,mixed_lifetime,65536,64,1,disabled,yes,7,8192,57.8125
2,jemalloc,mixed_lifetime,65536,64,1,disabled,yes,7,8192,345.532
2,mimalloc,owned_block,65536,64,1,disabled,yes,7,8192,2223.66
2,jemalloc,owned_block,65536,64,1,disabled,yes,7,8192,3653.54
2,mimalloc,raw,65536,64,1,basic,yes,7,8192,85.7178
2,jemalloc,raw,65536,64,1,basic,yes,7,8192,382.629
2,mimalloc,zeroed,65536,64,1,basic,yes,7,8192,1861.3
2,jemalloc,zeroed,65536,64,1,basic,yes,7,8192,1881.59
2,mimalloc,reallocate,65536,64,1,basic,yes,7,8192,2238.67
2,jemalloc,reallocate,65536,64,1,basic,yes,7,8192,3848.22
2,mimalloc,reallocate_zeroed,65536,64,1,basic,yes,7,8192,3522.36
2,jemalloc,reallocate_zeroed,65536,64,1,basic,yes,7,8192,5070.8
2,mimalloc,batch,65536,64,1,basic,yes,7,8192,157.19
2,jemalloc,batch,65536,64,1,basic,yes,7,8192,697.437
2,mimalloc,mixed_lifetime,65536,64,1,basic,yes,7,8192,64.4043
2,jemalloc,mixed_lifetime,65536,64,1,basic,yes,7,8192,353.662
2,mimalloc,owned_block,65536,64,1,basic,yes,7,8192,2247.66
2,jemalloc,owned_block,65536,64,1,basic,yes,7,8192,3880.96
2,standard,raw,65536,256,1,disabled,no,7,8192,153.137
2,mimalloc,raw,65536,256,1,disabled,no,7,8192,81.9458
2,jemalloc,raw,65536,256,1,disabled,no,7,8192,620.667
2,standard,zeroed,65536,256,1,disabled,no,7,8192,1626.16
2,mimalloc,zeroed,65536,256,1,disabled,no,7,8192,1835.38
2,jemalloc,zeroed,65536,256,1,disabled,no,7,8192,2014.65
2,standard,reallocate,65536,256,1,disabled,no,7,8192,2078.78
2,mimalloc,reallocate,65536,256,1,disabled,no,7,8192,2219.93
2,jemalloc,reallocate,65536,256,1,disabled,no,7,8192,4098.39
2,standard,reallocate_zeroed,65536,256,1,disabled,no,7,8192,3499.56
2,mimalloc,reallocate_zeroed,65536,256,1,disabled,no,7,8192,3497.89
2,jemalloc,reallocate_zeroed,65536,256,1,disabled,no,7,8192,5183.45
2,standard,batch,65536,256,1,disabled,no,7,8192,312.988
2,mimalloc,batch,65536,256,1,disabled,no,7,8192,135.339
2,jemalloc,batch,65536,256,1,disabled,no,7,8192,624.658
2,standard,mixed_lifetime,65536,256,1,disabled,no,7,8192,524.365
2,mimalloc,mixed_lifetime,65536,256,1,disabled,no,7,8192,59.1675
2,jemalloc,mixed_lifetime,65536,256,1,disabled,no,7,8192,323.657
2,standard,owned_block,65536,256,1,disabled,no,7,8192,2037.39
2,mimalloc,owned_block,65536,256,1,disabled,no,7,8192,2690.73
2,jemalloc,owned_block,65536,256,1,disabled,no,7,8192,4108.59
2,mimalloc,raw,65536,256,1,disabled,yes,7,8192,78.0029
2,jemalloc,raw,65536,256,1,disabled,yes,7,8192,392.09
2,mimalloc,zeroed,65536,256,1,disabled,yes,7,8192,1843.21
2,jemalloc,zeroed,65536,256,1,disabled,yes,7,8192,1866.39
2,mimalloc,reallocate,65536,256,1,disabled,yes,7,8192,2173.67
2,jemalloc,reallocate,65536,256,1,disabled,yes,7,8192,3608.95
2,mimalloc,reallocate_zeroed,65536,256,1,disabled,yes,7,8192,3405.53
2,jemalloc,reallocate_zeroed,65536,256,1,disabled,yes,7,8192,5114.99
2,mimalloc,batch,65536,256,1,disabled,yes,7,8192,136.426
2,jemalloc,batch,65536,256,1,disabled,yes,7,8192,657.043
2,mimalloc,mixed_lifetime,65536,256,1,disabled,yes,7,8192,57.3608
2,jemalloc,mixed_lifetime,65536,256,1,disabled,yes,7,8192,338.794
2,mimalloc,owned_block,65536,256,1,disabled,yes,7,8192,2178.98
2,jemalloc,owned_block,65536,256,1,disabled,yes,7,8192,3830.19
2,mimalloc,raw,65536,256,1,basic,yes,7,8192,87.5122
2,jemalloc,raw,65536,256,1,basic,yes,7,8192,403.186
2,mimalloc,zeroed,65536,256,1,basic,yes,7,8192,1839.81
2,jemalloc,zeroed,65536,256,1,basic,yes,7,8192,1828.86
2,mimalloc,reallocate,65536,256,1,basic,yes,7,8192,2234.7
2,jemalloc,reallocate,65536,256,1,basic,yes,7,8192,3859.53
2,mimalloc,reallocate_zeroed,65536,256,1,basic,yes,7,8192,3478.54
2,jemalloc,reallocate_zeroed,65536,256,1,basic,yes,7,8192,5143.46
2,mimalloc,batch,65536,256,1,basic,yes,7,8192,159.668
2,jemalloc,batch,65536,256,1,basic,yes,7,8192,698.462
2,mimalloc,mixed_lifetime,65536,256,1,basic,yes,7,8192,63.5986
2,jemalloc,mixed_lifetime,65536,256,1,basic,yes,7,8192,349.658
2,mimalloc,owned_block,65536,256,1,basic,yes,7,8192,2244.71
2,jemalloc,owned_block,65536,256,1,basic,yes,7,8192,3819.01
2,standard,cross_thread,64,16,2,disabled,no,7,8192,118.713
2,mimalloc,cross_thread,64,16,2,disabled,no,7,8192,56.9214
2,jemalloc,cross_thread,64,16,2,disabled,no,7,8192,81.4575
2,mimalloc,cross_thread,64,16,2,disabled,yes,7,8192,53.2715
2,jemalloc,cross_thread,64,16,2,disabled,yes,7,8192,212.158
2,standard,cross_thread,64,16,4,disabled,no,7,8192,101.208
2,mimalloc,cross_thread,64,16,4,disabled,no,7,8192,50.3662
2,jemalloc,cross_thread,64,16,4,disabled,no,7,8192,100.061
2,mimalloc,cross_thread,64,16,4,disabled,yes,7,8192,50.8057
2,jemalloc,cross_thread,64,16,4,disabled,yes,7,8192,509.558
2,standard,cross_thread,64,16,8,disabled,no,7,8192,98.6084
2,mimalloc,cross_thread,64,16,8,disabled,no,7,8192,59.8022
2,jemalloc,cross_thread,64,16,8,disabled,no,7,8192,166.638
2,mimalloc,cross_thread,64,16,8,disabled,yes,7,8192,54.0527
2,jemalloc,cross_thread,64,16,8,disabled,yes,7,8192,696.179
2,mimalloc,detailed_statistics,0,0,1,disabled,no,7,512,1810.74
2,jemalloc,detailed_statistics,0,0,1,disabled,no,7,512,90752.5
2,mimalloc,detailed_statistics,0,0,1,disabled,yes,7,512,3.32031
2,jemalloc,detailed_statistics,0,0,1,disabled,yes,7,512,102686
2,fixed_buffer,stack_mark_rewind,64,16,1,disabled,no,7,8192,3.479
2,fixed_buffer,stack_mark_rewind,64,64,1,disabled,no,7,8192,3.84521
2,fixed_buffer,stack_mark_rewind,64,256,1,disabled,no,7,8192,3.95508
2,fixed_buffer,stack_mark_rewind,256,16,1,disabled,no,7,8192,3.51562
2,fixed_buffer,stack_mark_rewind,256,64,1,disabled,no,7,8192,3.57666
2,fixed_buffer,stack_mark_rewind,256,256,1,disabled,no,7,8192,4.1626
2,fixed_buffer,stack_mark_rewind,4096,16,1,disabled,no,7,8192,3.80859
2,fixed_buffer,stack_mark_rewind,4096,64,1,disabled,no,7,8192,3.8208
2,fixed_buffer,stack_mark_rewind,4096,256,1,disabled,no,7,8192,3.80859
2,fixed_buffer,stack_mark_rewind,65536,16,1,disabled,no,7,8192,3.84521
2,fixed_buffer,stack_mark_rewind,65536,64,1,disabled,no,7,8192,3.72314
2,fixed_buffer,stack_mark_rewind,65536,256,1,disabled,no,7,8192,3.55225
3,standard,raw,64,16,1,disabled,no,7,8192,48.3154
3,mimalloc,raw,64,16,1,disabled,no,7,8192,13.1836
3,jemalloc,raw,64,16,1,disabled,no,7,8192,39.8438
3,standard,zeroed,64,16,1,disabled,no,7,8192,55.0903
3,mimalloc,zeroed,64,16,1,disabled,no,7,8192,18.2983
3,jemalloc,zeroed,64,16,1,disabled,no,7,8192,46.875
3,standard,reallocate,64,16,1,disabled,no,7,8192,102.661
3,mimalloc,reallocate,64,16,1,disabled,no,7,8192,47.998
3,jemalloc,reallocate,64,16,1,disabled,no,7,8192,114.612
3,standard,reallocate_zeroed,64,16,1,disabled,no,7,8192,112.402
3,mimalloc,reallocate_zeroed,64,16,1,disabled,no,7,8192,39.6484
3,jemalloc,reallocate_zeroed,64,16,1,disabled,no,7,8192,118.616
3,standard,batch,64,16,1,disabled,no,7,8192,72.3511
3,mimalloc,batch,64,16,1,disabled,no,7,8192,12.1948
3,jemalloc,batch,64,16,1,disabled,no,7,8192,42.9565
3,standard,mixed_lifetime,64,16,1,disabled,no,7,8192,34.1431
3,mimalloc,mixed_lifetime,64,16,1,disabled,no,7,8192,17.7612
3,jemalloc,mixed_lifetime,64,16,1,disabled,no,7,8192,25.0366
3,standard,owned_block,64,16,1,disabled,no,7,8192,104.138
3,mimalloc,owned_block,64,16,1,disabled,no,7,8192,50.6592
3,jemalloc,owned_block,64,16,1,disabled,no,7,8192,115.613
3,standard,typed_raw,64,1,1,disabled,no,7,8192,45.2393
3,mimalloc,typed_raw,64,1,1,disabled,no,7,8192,12.0605
3,jemalloc,typed_raw,64,1,1,disabled,no,7,8192,35.6812
3,standard,create_destroy,64,1,1,disabled,no,7,8192,46.6675
3,mimalloc,create_destroy,64,1,1,disabled,no,7,8192,12.4268
3,jemalloc,create_destroy,64,1,1,disabled,no,7,8192,36.084
3,standard,object,64,1,1,disabled,no,7,8192,47.8638
3,mimalloc,object,64,1,1,disabled,no,7,8192,12.2192
3,jemalloc,object,64,1,1,disabled,no,7,8192,36.0474
3,standard,shared_object,64,1,1,disabled,no,7,8192,65.4297
3,mimalloc,shared_object,64,1,1,disabled,no,7,8192,23.7305
3,jemalloc,shared_object,64,1,1,disabled,no,7,8192,56.7627
3,standard,array,64,1,1,disabled,no,7,8192,61.4014
3,mimalloc,array,64,1,1,disabled,no,7,8192,19.2871
3,jemalloc,array,64,1,1,disabled,no,7,8192,40.5884
3,standard,std_vector,256,8,1,disabled,no,7,8192,592.334
3,mimalloc,std_vector,256,8,1,disabled,no,7,8192,247.949
3,jemalloc,std_vector,256,8,1,disabled,no,7,8192,488.452
3,standard,pmr_vector,256,8,1,disabled,no,7,8192,580.542
3,mimalloc,pmr_vector,256,8,1,disabled,no,7,8192,253.577
3,jemalloc,pmr_vector,256,8,1,disabled,no,7,8192,496.57
3,mimalloc,raw,64,16,1,disabled,yes,7,8192,13.6719
3,jemalloc,raw,64,16,1,disabled,yes,7,8192,304.797
3,mimalloc,zeroed,64,16,1,disabled,yes,7,8192,19.043
3,jemalloc,zeroed,64,16,1,disabled,yes,7,8192,310.4
3,mimalloc,reallocate,64,16,1,disabled,yes,7,8192,47.0703
3,jemalloc,reallocate,64,16,1,disabled,yes,7,8192,674.207
3,mimalloc,reallocate_zeroed,64,16,1,disabled,yes,7,8192,40.4419
3,jemalloc,reallocate_zeroed,64,16,1,disabled,yes,7,8192,686.365
3,mimalloc,batch,64,16,1,disabled,yes,7,8192,12.8784
3,jemalloc,batch,64,16,1,disabled,yes,7,8192,134.009
3,mimalloc,mixed_lifetime,64,16,1,disabled,yes,7,8192,18.4692
3,jemalloc,mixed_lifetime,64,16,1,disabled,yes,7,8192,75.5859
3,mimalloc,owned_block,64,16,1,disabled,yes,7,8192,49.7681
3,jemalloc,owned_block,64,16,1,disabled,yes,7,8192,657.227
3,mimalloc,typed_raw,64,1,1,disabled,yes,7,8192,12.6465
3,jemalloc,typed_raw,64,1,1,disabled,yes,7,8192,304.797
3,mimalloc,create_destroy,64,1,1,disabled,yes,7,8192,12.793
3,jemalloc,create_destroy,64,1,1,disabled,yes,7,8192,300.745
3,mimalloc,object,64,1,1,disabled,yes,7,8192,14.27
3,jemalloc,object,64,1,1,disabled,yes,7,8192,301.465
3,mimalloc,shared_object,64,1,1,disabled,yes,7,8192,24.2065
3,jemalloc,shared_object,64,1,1,disabled,yes,7,8192,337.158
3,mimalloc,array,64,1,1,disabled,yes,7,8192,19.0796
3,jemalloc,array,64,1,1,disabled,yes,7,8192,304.065
3,mimalloc,std_vector,256,8,1,disabled,yes,7,8192,247.778
3,jemalloc,std_vector,256,8,1,disabled,yes,7,8192,3415.52
3,mimalloc,pmr_vector,256,8,1,disabled,yes,7,8192,253.784
3,jemalloc,pmr_vector,256,8,1,disabled,yes,7,8192,3429.15
3,mimalloc,raw,64,16,1,basic,yes,7,8192,34.5337
3,jemalloc,raw,64,16,1,basic,yes,7,8192,333.655
3,mimalloc,zeroed,64,16,1,basic,yes,7,8192,36.9385
3,jemalloc,zeroed,64,16,1,basic,yes,7,8192,336.853
3,mimalloc,reallocate,64,16,1,basic,yes,7,8192,67.7246
3,jemalloc,reallocate,64,16,1,basic,yes,7,8192,711.719
3,mimalloc,reallocate_zeroed,64,16,1,basic,yes,7,8192,65.1245
3,jemalloc,reallocate_zeroed,64,16,1,basic,yes,7,8192,737.256
3,mimalloc,batch,64,16,1,basic,yes,7,8192,34.6558
3,jemalloc,batch,64,16,1,basic,yes,7,8192,161.633
3,mimalloc,mixed_lifetime,64,16,1,basic,yes,7,8192,23.5962
3,jemalloc,mixed_lifetime,64,16,1,basic,yes,7,8192,87.7808
3,mimalloc,owned_block,64,16,1,basic,yes,7,8192,69.1406
3,jemalloc,owned_block,64,16,1,basic,yes,7,8192,717.786
3,mimalloc,typed_raw,64,1,1,basic,yes,7,8192,33.313
3,jemalloc,typed_raw,64,1,1,basic,yes,7,8192,330.603
3,mimalloc,create_destroy,64,1,1,basic,yes,7,8192,34.4116
3,jemalloc,create_destroy,64,1,1,basic,yes,7,8192,328.003
3,mimalloc,object,64,1,1,basic,yes,7,8192,34.0088
3,jemalloc,object,64,1,1,basic,yes,7,8192,330.859
3,mimalloc,shared_object,64,1,1,basic,yes,7,8192,52.1362
3,jemalloc,shared_object,64,1,1,basic,yes,7,8192,366.882
3,mimalloc,array,64,1,1,basic,yes,7,8192,36.9385
3,jemalloc,array,64,1,1,basic,yes,7,8192,332.312
3,mimalloc,std_vector,256,8,1,basic,yes,7,8192,424.451
3,jemalloc,std_vector,256,8,1,basic,yes,7,8192,3626.26
3,mimalloc,pmr_vector,256,8,1,basic,yes,7,8192,427.917
3,jemalloc,pmr_vector,256,8,1,basic,yes,7,8192,3631.56
3,standard,raw,64,64,1,disabled,no,7,8192,47.3267
3,mimalloc,raw,64,64,1,disabled,no,7,8192,13.1714
3,jemalloc,raw,64,64,1,disabled,no,7,8192,39.2578
3,standard,zeroed,64,64,1,disabled,no,7,8192,54.4189
3,mimalloc,zeroed,64,64,1,disabled,no,7,8192,18.689
3,jemalloc,zeroed,64,64,1,disabled,no,7,8192,47.3267
3,standard,reallocate,64,64,1,disabled,no,7,8192,101.184
3,mimalloc,reallocate,64,64,1,disabled,no,7,8192,47.583
3,jemalloc,reallocate,64,64,1,disabled,no,7,8192,114.368
3,standard,reallocate_zeroed,64,64,1,disabled,no,7,8192,110.156
3,mimalloc,reallocate_zeroed,64,64,1,disabled,no,7,8192,40.1611
3,jemalloc,reallocate_zeroed,64,64,1,disabled,no,7,8192,118.042
3,standard,batch,64,64,1,disabled,no,7,8192,57.0312
3,mimalloc,batch,64,64,1,disabled,no,7,8192,12.4268
3,jemalloc,batch,64,64,1,disabled,no,7,8192,42.2729
3,standard,mixed_lifetime,64,64,1,disabled,no,7,8192,35.0098
3,mimalloc,mixed_lifetime,64,64,1,disabled,no,7,8192,17.8101
3,jemalloc,mixed_lifetime,64,64,1,disabled,no,7,8192,25.1099
3,standard,owned_block,64,64,1,disabled,no,7,8192,104.675
3,mimalloc,owned_block,64,64,1,disabled,no,7,8192,50.5981
3,jemalloc,owned_block,64,64,1,disabled,no,7,8192,116.272
3,mimalloc,raw,64,64,1,disabled,yes,7,8192,14.2456
3,jemalloc,raw,64,64,1,disabled,yes,7,8192,305.957
3,mimalloc,zeroed,64,64,1,disabled,yes,7,8192,19.7021
3,jemalloc,zeroed,64,64,1,disabled,yes,7,8192,309.705
3,mimalloc,reallocate,64,64,1,disabled,yes,7,8192,47.9736
3,jemalloc,reallocate,64,64,1,disabled,yes,7,8192,691.345
3,mimalloc,reallocate_zeroed,64,64,1,disabled,yes,7,8192,39.9536
3,jemalloc,reallocate_zeroed,64,64,1,disabled,yes,7,8192,685.828
3,mimalloc,batch,64,64,1,disabled,yes,7,8192,12.9883
3,jemalloc,batch,64,64,1,disabled,yes,7,8192,134.143
3,mimalloc,mixed_lifetime,64,64,1,disabled,yes,7,8192,18.1641
3,jemalloc,mixed_lifetime,64,64,1,disabled,yes,7,8192,75.293
3,mimalloc,owned_block,64,64,1,disabled,yes,7,8192,51.2695
3,jemalloc,owned_block,64,64,1,disabled,yes,7,8192,676.27
3,mimalloc,raw,64,64,1,basic,yes,7,8192,34.79
3,jemalloc,raw,64,64,1,basic,yes,7,8192,331.702
3,mimalloc,zeroed,64,64,1,basic,yes,7,8192,37.3535
3,jemalloc,zeroed,64,64,1,basic,yes,7,8192,337.61
3,mimalloc,reallocate,64,64,1,basic,yes,7,8192,67.5903
3,jemalloc,reallocate,64,64,1,basic,yes,7,8192,712.134
3,mimalloc,reallocate_zeroed,64,64,1,basic,yes,7,8192,65.5029
3,jemalloc,reallocate_zeroed,64,64,1,basic,yes,7,8192,730.261
3,mimalloc,batch,64,64,1,basic,yes,7,8192,35.0098
3,jemalloc,batch,64,64,1,basic,yes,7,8192,162.048
3,mimalloc,mixed_lifetime,64,64,1,basic,yes,7,8192,24.3896
3,jemalloc,mixed_lifetime,64,64,1,basic,yes,7,8192,87.6831
3,mimalloc,owned_block,64,64,1,basic,yes,7,8192,70.3125
3,jemalloc,owned_block,64,64,1,basic,yes,7,8192,729.59
3,standard,raw,64,256,1,disabled,no,7,8192,48.5474
3,mimalloc,raw,64,256,1,disabled,no,7,8192,67.6758
3,jemalloc,raw,64,256,1,disabled,no,7,8192,39.2822
3,standard,zeroed,64,256,1,disabled,no,7,8192,54.8218
3,mimalloc,zeroed,64,256,1,disabled,no,7,8192,74.9268
3,jemalloc,zeroed,64,256,1,disabled,no,7,8192,47.4487
3,standard,reallocate,64,256,1,disabled,no,7,8192,101.514
3,mimalloc,reallocate,64,256,1,disabled,no,7,8192,83.1177
3,jemalloc,reallocate,64,256,1,disabled,no,7,8192,104.224
3,standard,reallocate_zeroed,64,256,1,disabled,no,7,8192,108.606
3,mimalloc,reallocate_zeroed,64,256,1,disabled,no,7,8192,71.8262
3,jemalloc,reallocate_zeroed,64,256,1,disabled,no,7,8192,107.629
3,standard,batch,64,256,1,disabled,no,7,8192,71.7163
3,mimalloc,batch,64,256,1,disabled,no,7,8192,37.4634
3,jemalloc,batch,64,256,1,disabled,no,7,8192,66.1499
3,standard,mixed_lifetime,64,256,1,disabled,no,7,8192,36.4136
3,mimalloc,mixed_lifetime,64,256,1,disabled,no,7,8192,25.647
3,jemalloc,mixed_lifetime,64,256,1,disabled,no,7,8192,25.5981
3,standard,owned_block,64,256,1,disabled,no,7,8192,107.068
3,mimalloc,owned_block,64,256,1,disabled,no,7,8192,83.3008
3,jemalloc,owned_block,64,256,1,disabled,no,7,8192,106.848
3,mimalloc,raw,64,256,1,disabled,yes,7,8192,68.8843
3,jemalloc,raw,64,256,1,disabled,yes,7,8192,303.674
3,mimalloc,zeroed,64,256,1,disabled,yes,7,8192,75.9399
3,jemalloc,zeroed,64,256,1,disabled,yes,7,8192,307.91
3,mimalloc,reallocate,64,256,1,disabled,yes,7,8192,88.0127
3,jemalloc,reallocate,64,256,1,disabled,yes,7,8192,385.364
3,mimalloc,reallocate_zeroed,64,256,1,disabled,yes,7,8192,73.2788
3,jemalloc,reallocate_zeroed,64,256,1,disabled,yes,7,8192,387.891
3,mimalloc,batch,64,256,1,disabled,yes,7,8192,36.6455
3,jemalloc,batch,64,256,1,disabled,yes,7,8192,148.352
3,mimalloc,mixed_lifetime,64,256,1,disabled,yes,7,8192,25.708
3,jemalloc,mixed_lifetime,64,256,1,disabled,yes,7,8192,86.145
3,mimalloc,owned_block,64,256,1,disabled,yes,7,8192,85.376
3,jemalloc,owned_block,64,256,1,disabled,yes,7,8192,392.004
3,mimalloc,raw,64,256,1,basic,yes,7,8192,75.061
3,jemalloc,raw,64,256,1,basic,yes,7,8192,328.674
3,mimalloc,zeroed,64,256,1,basic,yes,7,8192,84.4238
3,jemalloc,zeroed,64,256,1,basic,yes,7,8192,335.388
3,mimalloc,reallocate,64,256,1,basic,yes,7,8192,102.832
3,jemalloc,reallocate,64,256,1,basic,yes,7,8192,393.469
3,mimalloc,reallocate_zeroed,64,256,1,basic,yes,7,8192,88.5132
3,jemalloc,reallocate_zeroed,64,256,1,basic,yes,7,8192,405.322
3,mimalloc,batch,64,256,1,basic,yes,7,8192,48.2666
3,jemalloc,batch,64,256,1,basic,yes,7,8192,167.029
3,mimalloc,mixed_lifetime,64,256,1,basic,yes,7,8192,30.3711
3,jemalloc,mixed_lifetime,64,256,1,basic,yes,7,8192,91.0645
3,mimalloc,owned_block,64,256,1,basic,yes,7,8192,101.221
3,jemalloc,owned_block,64,256,1,basic,yes,7,8192,401.807
3,standard,raw,256,16,1,disabled,no,7,8192,48.3643
3,mimalloc,raw,256,16,1,disabled,no,7,8192,13.147
3,jemalloc,raw,256,16,1,disabled,no,7,8192,37.7441
3,standard,zeroed,256,16,1,disabled,no,7,8192,50.5249
3,mimalloc,zeroed,256,16,1,disabled,no,7,8192,14.5874
3,jemalloc,zeroed,256,16,1,disabled,no,7,8192,35.8154
3,standard,reallocate,256,16,1,disabled,no,7,8192,94.3115
3,mimalloc,reallocate,256,16,1,disabled,no,7,8192,55.2002
3,jemalloc,reallocate,256,16,1,disabled,no,7,8192,109.57
3,standard,reallocate_zeroed,256,16,1,disabled,no,7,8192,81.5674
3,mimalloc,reallocate_zeroed,256,16,1,disabled,no,7,8192,35.8276
3,jemalloc,reallocate_zeroed,256,16,1,disabled,no,7,8192,89.1357
3,standard,batch,256,16,1,disabled,no,7,8192,65.3442
3,mimalloc,batch,256,16,1,disabled,no,7,8192,12.2559
3,jemalloc,batch,256,16,1,disabled,no,7,8192,66.4551
3,standard,mixed_lifetime,256,16,1,disabled,no,7,8192,38.3179
3,mimalloc,mixed_lifetime,256,16,1,disabled,no,7,8192,18.0908
3,jemalloc,mixed_lifetime,256,16,1,disabled,no,7,8192,27.4048
3,standard,owned_block,256,16,1,disabled,no,7,8192,107.825
3,mimalloc,owned_block,256,16,1,disabled,no,7,8192,54.7974
3,jemalloc,owned_block,256,16,1,disabled,no,7,8192,118.86
3,standard,typed_raw,256,1,1,disabled,no,7,8192,44.1162
3,mimalloc,typed_raw,256,1,1,disabled,no,7,8192,10.9863
3,jemalloc,typed_raw,256,1,1,disabled,no,7,8192,35.3271
3,standard,array,256,1,1,disabled,no,7,8192,61.3525
3,mimalloc,array,256,1,1,disabled,no,7,8192,18.5303
3,jemalloc,array,256,1,1,disabled,no,7,8192,40.0391
3,mimalloc,raw,256,16,1,disabled,yes,7,8192,15.3687
3,jemalloc,raw,256,16,1,disabled,yes,7,8192,308.679
3,mimalloc,zeroed,256,16,1,disabled,yes,7,8192,22.1558
3,jemalloc,zeroed,256,16,1,disabled,yes,7,8192,306.531
3,mimalloc,reallocate,256,16,1,disabled,yes,7,8192,56.4575
3,jemalloc,reallocate,256,16,1,disabled,yes,7,8192,684.436
3,mimalloc,reallocate_zeroed,256,16,1,disabled,yes,7,8192,50.8301
3,jemalloc,reallocate_zeroed,256,16,1,disabled,yes,7,8192,700.11
3,mimalloc,batch,256,16,1,disabled,yes,7,8192,13.147
3,jemalloc,batch,256,16,1,disabled,yes,7,8192,149.377
3,mimalloc,mixed_lifetime,256,16,1,disabled,yes,7,8192,19.5801
3,jemalloc,mixed_lifetime,256,16,1,disabled,yes,7,8192,92.2974
3,mimalloc,owned_block,256,16,1,disabled,yes,7,8192,59.9976
3,jemalloc,owned_block,256,16,1,disabled,yes,7,8192,681.177
3,mimalloc,typed_raw,256,1,1,disabled,yes,7,8192,13.9282
3,jemalloc,typed_raw,256,1,1,disabled,yes,7,8192,327.808
3,mimalloc,array,256,1,1,disabled,yes,7,8192,21.7651
3,jemalloc,array,256,1,1,disabled,yes,7,8192,304.48
3,mimalloc,raw,256,16,1,basic,yes,7,8192,36.6211
3,jemalloc,raw,256,16,1,basic,yes,7,8192,331.213
3,mimalloc,zeroed,256,16,1,basic,yes,7,8192,40.5884
3,jemalloc,zeroed,256,16,1,basic,yes,7,8192,337.061
3,mimalloc,reallocate,256,16,1,basic,yes,7,8192,72.3633
3,jemalloc,reallocate,256,16,1,basic,yes,7,8192,703.137
3,mimalloc,reallocate_zeroed,256,16,1,basic,yes,7,8192,71.936
3,jemalloc,reallocate_zeroed,256,16,1,basic,yes,7,8192,741.174
3,mimalloc,batch,256,16,1,basic,yes,7,8192,34.8389
3,jemalloc,batch,256,16,1,basic,yes,7,8192,173.352
3,mimalloc,mixed_lifetime,256,16,1,basic,yes,7,8192,25.415
3,jemalloc,mixed_lifetime,256,16,1,basic,yes,7,8192,101.843
3,mimalloc,owned_block,256,16,1,basic,yes,7,8192,73.7305
3,jemalloc,owned_block,256,16,1,basic,yes,7,8192,731.86
3,mimalloc,typed_raw,256,1,1,basic,yes,7,8192,34.6436
3,jemalloc,typed_raw,256,1,1,basic,yes,7,8192,330.408
3,mimalloc,array,256,1,1,basic,yes,7,8192,38.6475
3,jemalloc,array,256,1,1,basic,yes,7,8192,332.178
3,standard,raw,256,64,1,disabled,no,7,8192,49.0112
3,mimalloc,raw,256,64,1,disabled,no,7,8192,13.2446
3,jemalloc,raw,256,64,1,disabled,no,7,8192,39.4287
3,standard,zeroed,256,64,1,disabled,no,7,8192,55.3833
3,mimalloc,zeroed,256,64,1,disabled,no,7,8192,18.689
3,jemalloc,zeroed,256,64,1,disabled,no,7,8192,48.1201
3,standard,reallocate,256,64,1,disabled,no,7,8192,105.457
3,mimalloc,reallocate,256,64,1,disabled,no,7,8192,52.6611
3,jemalloc,reallocate,256,64,1,disabled,no,7,8192,118.433
3,standard,reallocate_zeroed,256,64,1,disabled,no,7,8192,112.903
3,mimalloc,reallocate_zeroed,256,64,1,disabled,no,7,8192,44.9463
3,jemalloc,reallocate_zeroed,256,64,1,disabled,no,7,8192,120.715
3,standard,batch,256,64,1,disabled,no,7,8192,47.3022
3,mimalloc,batch,256,64,1,disabled,no,7,8192,12.3413
3,jemalloc,batch,256,64,1,disabled,no,7,8192,70.8374
3,standard,mixed_lifetime,256,64,1,disabled,no,7,8192,37.4634
3,mimalloc,mixed_lifetime,256,64,1,disabled,no,7,8192,17.9932
3,jemalloc,mixed_lifetime,256,64,1,disabled,no,7,8192,27.3315
3,standard,owned_block,256,64,1,disabled,no,7,8192,106.47
3,mimalloc,owned_block,256,64,1,disabled,no,7,8192,54.7852
3,jemalloc,owned_block,256,64,1,disabled,no,7,8192,117.822
3,mimalloc,raw,256,64,1,disabled,yes,7,8192,15.3564
3,jemalloc,raw,256,64,1,disabled,yes,7,8192,303.467
3,mimalloc,zeroed,256,64,1,disabled,yes,7,8192,21.9238
3,jemalloc,zeroed,256,64,1,disabled,yes,7,8192,310.339
3,mimalloc,reallocate,256,64,1,disabled,yes,7,8192,56.5308
3,jemalloc,reallocate,256,64,1,disabled,yes,7,8192,683.057
3,mimalloc,reallocate_zeroed,256,64,1,disabled,yes,7,8192,50.8911
3,jemalloc,reallocate_zeroed,256,64,1,disabled,yes,7,8192,692.285
3,mimalloc,batch,256,64,1,disabled,yes,7,8192,12.9272
3,jemalloc,batch,256,64,1,disabled,yes,7,8192,148.267
3,mimalloc,mixed_lifetime,256,64,1,disabled,yes,7,8192,19.3848
3,jemalloc,mixed_lifetime,256,64,1,disabled,yes,7,8192,93.6523
3,mimalloc,owned_block,256,64,1,disabled,yes,7,8192,60.1562
3,jemalloc,owned_block,256,64,1,disabled,yes,7,8192,689.319
3,mimalloc,raw,256,64,1,basic,yes,7,8192,36.2183
3,jemalloc,raw,256,64,1,basic,yes,7,8192,328.87
3,mimalloc,zeroed,256,64,1,basic,yes,7,8192,40.625
3,jemalloc,zeroed,256,64,1,basic,yes,7,8192,336.047
3,mimalloc,reallocate,256,64,1,basic,yes,7,8192,71.7773
3,jemalloc,reallocate,256,64,1,basic,yes,7,8192,712.708
3,mimalloc,reallocate_zeroed,256,64,1,basic,yes,7,8192,69.519
3,jemalloc,reallocate_zeroed,256,64,1,basic,yes,7,8192,735.522
3,mimalloc,batch,256,64,1,basic,yes,7,8192,35.022
3,jemalloc,batch,256,64,1,basic,yes,7,8192,175.696
3,mimalloc,mixed_lifetime,256,64,1,basic,yes,7,8192,25
3,jemalloc,mixed_lifetime,256,64,1,basic,yes,7,8192,101.685
3,mimalloc,owned_block,256,64,1,basic,yes,7,8192,73.9136
3,jemalloc,owned_block,256,64,1,basic,yes,7,8192,734.9
3,standard,raw,256,256,1,disabled,no,7,8192,47.583
3,mimalloc,raw,256,256,1,disabled,no,7,8192,12.4756
3,jemalloc,raw,256,256,1,disabled,no,7,8192,37.7197
3,standard,zeroed,256,256,1,disabled,no,7,8192,52.1606
3,mimalloc,zeroed,256,256,1,disabled,no,7,8192,18.0176
3,jemalloc,zeroed,256,256,1,disabled,no,7,8192,45.7153
3,standard,reallocate,256,256,1,disabled,no,7,8192,97.9126
3,mimalloc,reallocate,256,256,1,disabled,no,7,8192,52.1484
3,jemalloc,reallocate,256,256,1,disabled,no,7,8192,110.742
3,standard,reallocate_zeroed,256,256,1,disabled,no,7,8192,106.067
3,mimalloc,reallocate_zeroed,256,256,1,disabled,no,7,8192,44.5557
3,jemalloc,reallocate_zeroed,256,256,1,disabled,no,7,8192,114.502
3,standard,batch,256,256,1,disabled,no,7,8192,67.4561
3,mimalloc,batch,256,256,1,disabled,no,7,8192,12.146
3,jemalloc,batch,256,256,1,disabled,no,7,8192,71.0327
3,standard,mixed_lifetime,256,256,1,disabled,no,7,8192,44.8975
3,mimalloc,mixed_lifetime,256,256,1,disabled,no,7,8192,19.5068
3,jemalloc,mixed_lifetime,256,256,1,disabled,no,7,8192,27.0996
3,standard,owned_block,256,256,1,disabled,no,7,8192,105.994
3,mimalloc,owned_block,256,256,1,disabled,no,7,8192,54.5288
3,jemalloc,owned_block,256,256,1,disabled,no,7,8192,118.604
3,mimalloc,raw,256,256,1,disabled,yes,7,8192,15.3076
3,jemalloc,raw,256,256,1,disabled,yes,7,8192,303.149
3,mimalloc,zeroed,256,256,1,disabled,yes,7,8192,21.0815
3,jemalloc,zeroed,256,256,1,disabled,yes,7,8192,303.418
3,mimalloc,reallocate,256,256,1,disabled,yes,7,8192,56.9092
3,jemalloc,reallocate,256,256,1,disabled,yes,7,8192,683.728
3,mimalloc,reallocate_zeroed,256,256,1,disabled,yes,7,8192,50.1099
3,jemalloc,reallocate_zeroed,256,256,1,disabled,yes,7,8192,684.619
3,mimalloc,batch,256,256,1,disabled,yes,7,8192,12.5122
3,jemalloc,batch,256,256,1,disabled,yes,7,8192,148.315
3,mimalloc,mixed_lifetime,256,256,1,disabled,yes,7,8192,20.166
3,jemalloc,mixed_lifetime,256,256,1,disabled,yes,7,8192,93.1519
3,mimalloc,owned_block,256,256,1,disabled,yes,7,8192,60.498
3,jemalloc,owned_block,256,256,1,disabled,yes,7,8192,685.632
3,mimalloc,raw,256,256,1,basic,yes,7,8192,35.73
3,jemalloc,raw,256,256,1,basic,yes,7,8192,330.542
3,mimalloc,zeroed,256,256,1,basic,yes,7,8192,39.6973
3,jemalloc,zeroed,256,256,1,basic,yes,7,8192,333.679
3,mimalloc,reallocate,256,256,1,basic,yes,7,8192,73.5229
3,jemalloc,reallocate,256,256,1,basic,yes,7,8192,712.073
3,mimalloc,reallocate_zeroed,256,256,1,basic,yes,7,8192,71.0571
3,jemalloc,reallocate_zeroed,256,256,1,basic,yes,7,8192,732.239
3,mimalloc,batch,256,256,1,basic,yes,7,8192,34.7534
3,jemalloc,batch,256,256,1,basic,yes,7,8192,174.353
3,mimalloc,mixed_lifetime,256,256,1,basic,yes,7,8192,26.123
3,jemalloc,mixed_lifetime,256,256,1,basic,yes,7,8192,102.136
3,mimalloc,owned_block,256,256,1,basic,yes,7,8192,73.999
3,jemalloc,owned_block,256,256,1,basic,yes,7,8192,733.264
3,standard,raw,4096,16,1,disabled,no,7,8192,50.5493
3,mimalloc,raw,4096,16,1,disabled,no,7,8192,34.5459
3,jemalloc,raw,4096,16,1,disabled,no,7,8192,46.0449
3,standard,zeroed,4096,16,1,disabled,no,7,8192,85.083
3,mimalloc,zeroed,4096,16,1,disabled,no,7,8192,53.3447
3,jemalloc,zeroed,4096,16,1,disabled,no,7,8192,72.3999
3,standard,reallocate,4096,16,1,disabled,no,7,8192,176.245
3,mimalloc,reallocate,4096,16,1,disabled,no,7,8192,143.762
3,jemalloc,reallocate,4096,16,1,disabled,no,7,8192,157.678
3,standard,reallocate_zeroed,4096,16,1,disabled,no,7,8192,251.599
3,mimalloc,reallocate_zeroed,4096,16,1,disabled,no,7,8192,156.519
3,jemalloc,reallocate_zeroed,4096,16,1,disabled,no,7,8192,184.998
3,standard,batch,4096,16,1,disabled,no,7,8192,858.459
3,mimalloc,batch,4096,16,1,disabled,no,7,8192,72.8027
3,jemalloc,batch,4096,16,1,disabled,no,7,8192,405.859
3,standard,mixed_lifetime,4096,16,1,disabled,no,7,8192,154.248
3,mimalloc,mixed_lifetime,4096,16,1,disabled,no,7,8192,45.752
3,jemalloc,mixed_lifetime,4096,16,1,disabled,no,7,8192,138.623
3,standard,owned_block,4096,16,1,disabled,no,7,8192,183.936
3,mimalloc,owned_block,4096,16,1,disabled,no,7,8192,164.734
3,jemalloc,owned_block,4096,16,1,disabled,no,7,8192,159.888
3,standard,typed_raw,4096,1,1,disabled,no,7,8192,46.3135
3,mimalloc,typed_raw,4096,1,1,disabled,no,7,8192,27.2339
3,jemalloc,typed_raw,4096,1,1,disabled,no,7,8192,38.5132
3,standard,array,4096,1,1,disabled,no,7,8192,83.3008
3,mimalloc,array,4096,1,1,disabled,no,7,8192,78.9185
3,jemalloc,array,4096,1,1,disabled,no,7,8192,68.4326
3,mimalloc,raw,4096,16,1,disabled,yes,7,8192,34.2773
3,jemalloc,raw,4096,16,1,disabled,yes,7,8192,315.063
3,mimalloc,zeroed,4096,16,1,disabled,yes,7,8192,53.6255
3,jemalloc,zeroed,4096,16,1,disabled,yes,7,8192,318.323
3,mimalloc,reallocate,4096,16,1,disabled,yes,7,8192,143.042
3,jemalloc,reallocate,4096,16,1,disabled,yes,7,8192,726.294
3,mimalloc,reallocate_zeroed,4096,16,1,disabled,yes,7,8192,158.63
3,jemalloc,reallocate_zeroed,4096,16,1,disabled,yes,7,8192,773.328
3,mimalloc,batch,4096,16,1,disabled,yes,7,8192,73.5962
3,jemalloc,batch,4096,16,1,disabled,yes,7,8192,602.075
3,mimalloc,mixed_lifetime,4096,16,1,disabled,yes,7,8192,45.3857
3,jemalloc,mixed_lifetime,4096,16,1,disabled,yes,7,8192,338.464
3,mimalloc,owned_block,4096,16,1,disabled,yes,7,8192,144.385
3,jemalloc,owned_block,4096,16,1,disabled,yes,7,8192,741.516
3,mimalloc,typed_raw,4096,1,1,disabled,yes,7,8192,26.2207
3,jemalloc,typed_raw,4096,1,1,disabled,yes,7,8192,304.834
3,mimalloc,array,4096,1,1,disabled,yes,7,8192,51.5015
3,jemalloc,array,4096,1,1,disabled,yes,7,8192,333.044
3,mimalloc,raw,4096,16,1,basic,yes,7,8192,55.7739
3,jemalloc,raw,4096,16,1,basic,yes,7,8192,339.221
3,mimalloc,zeroed,4096,16,1,basic,yes,7,8192,81.8359
3,jemalloc,zeroed,4096,16,1,basic,yes,7,8192,363.647
3,mimalloc,reallocate,4096,16,1,basic,yes,7,8192,162.866
3,jemalloc,reallocate,4096,16,1,basic,yes,7,8192,755.713
3,mimalloc,reallocate_zeroed,4096,16,1,basic,yes,7,8192,179.065
3,jemalloc,reallocate_zeroed,4096,16,1,basic,yes,7,8192,809.949
3,mimalloc,batch,4096,16,1,basic,yes,7,8192,90.1733
3,jemalloc,batch,4096,16,1,basic,yes,7,8192,592.456
3,mimalloc,mixed_lifetime,4096,16,1,basic,yes,7,8192,49.4263
3,jemalloc,mixed_lifetime,4096,16,1,basic,yes,7,8192,344.202
3,mimalloc,owned_block,4096,16,1,basic,yes,7,8192,160.583
3,jemalloc,owned_block,4096,16,1,basic,yes,7,8192,786.78
3,mimalloc,typed_raw,4096,1,1,basic,yes,7,8192,52.8687
3,jemalloc,typed_raw,4096,1,1,basic,yes,7,8192,333.35
3,mimalloc,array,4096,1,1,basic,yes,7,8192,77.3315
3,jemalloc,array,4096,1,1,basic,yes,7,8192,361.926
3,standard,raw,4096,64,1,disabled,no,7,8192,47.9614
3,mimalloc,raw,4096,64,1,disabled,no,7,8192,34.9243
3,jemalloc,raw,4096,64,1,disabled,no,7,8192,42.8955
3,standard,zeroed,4096,64,1,disabled,no,7,8192,81.7749
3,mimalloc,zeroed,4096,64,1,disabled,no,7,8192,83.0078
3,jemalloc,zeroed,4096,64,1,disabled,no,7,8192,72.3755
3,standard,reallocate,4096,64,1,disabled,no,7,8192,174.548
3,mimalloc,reallocate,4096,64,1,disabled,no,7,8192,149.512
3,jemalloc,reallocate,4096,64,1,disabled,no,7,8192,154.504
3,standard,reallocate_zeroed,4096,64,1,disabled,no,7,8192,252.307
3,mimalloc,reallocate_zeroed,4096,64,1,disabled,no,7,8192,169.678
3,jemalloc,reallocate_zeroed,4096,64,1,disabled,no,7,8192,182.349
3,standard,batch,4096,64,1,disabled,no,7,8192,62.3779
3,mimalloc,batch,4096,64,1,disabled,no,7,8192,73.1079
3,jemalloc,batch,4096,64,1,disabled,no,7,8192,408.362
3,standard,mixed_lifetime,4096,64,1,disabled,no,7,8192,127.771
3,mimalloc,mixed_lifetime,4096,64,1,disabled,no,7,8192,44.7876
3,jemalloc,mixed_lifetime,4096,64,1,disabled,no,7,8192,139.038
3,standard,owned_block,4096,64,1,disabled,no,7,8192,177.808
3,mimalloc,owned_block,4096,64,1,disabled,no,7,8192,164.294
3,jemalloc,owned_block,4096,64,1,disabled,no,7,8192,158.789
3,mimalloc,raw,4096,64,1,disabled,yes,7,8192,38.9648
3,jemalloc,raw,4096,64,1,disabled,yes,7,8192,312.085
3,mimalloc,zeroed,4096,64,1,disabled,yes,7,8192,54.0894
3,jemalloc,zeroed,4096,64,1,disabled,yes,7,8192,337.793
3,mimalloc,reallocate,4096,64,1,disabled,yes,7,8192,143.091
3,jemalloc,reallocate,4096,64,1,disabled,yes,7,8192,747.168
3,mimalloc,reallocate_zeroed,4096,64,1,disabled,yes,7,8192,151.172
3,jemalloc,reallocate_zeroed,4096,64,1,disabled,yes,7,8192,702.905
3,mimalloc,batch,4096,64,1,disabled,yes,7,8192,73.7915
3,jemalloc,batch,4096,64,1,disabled,yes,7,8192,607.812
3,mimalloc,mixed_lifetime,4096,64,1,disabled,yes,7,8192,45.3125
3,jemalloc,mixed_lifetime,4096,64,1,disabled,yes,7,8192,336.389
3,mimalloc,owned_block,4096,64,1,disabled,yes,7,8192,143.64
3,jemalloc,owned_block,4096,64,1,disabled,yes,7,8192,745.264
3,mimalloc,raw,4096,64,1,basic,yes,7,8192,56.0547
3,jemalloc,raw,4096,64,1,basic,yes,7,8192,339.722
3,mimalloc,zeroed,4096,64,1,basic,yes,7,8192,81.543
3,jemalloc,zeroed,4096,64,1,basic,yes,7,8192,369.128
3,mimalloc,reallocate,4096,64,1,basic,yes,7,8192,164.319
3,jemalloc,reallocate,4096,64,1,basic,yes,7,8192,774.023
3,mimalloc,reallocate_zeroed,4096,64,1,basic,yes,7,8192,179.761
3,jemalloc,reallocate_zeroed,4096,64,1,basic,yes,7,8192,815.796
3,mimalloc,batch,4096,64,1,basic,yes,7,8192,91.9556
3,jemalloc,batch,4096,64,1,basic,yes,7,8192,620.789
3,mimalloc,mixed_lifetime,4096,64,1,basic,yes,7,8192,50.293
3,jemalloc,mixed_lifetime,4096,64,1,basic,yes,7,8192,351.05
3,mimalloc,owned_block,4096,64,1,basic,yes,7,8192,161.108
3,jemalloc,owned_block,4096,64,1,basic,yes,7,8192,794.092
3,standard,raw,4096,256,1,disabled,no,7,8192,48.6084
3,mimalloc,raw,4096,256,1,disabled,no,7,8192,35.2783
3,jemalloc,raw,4096,256,1,disabled,no,7,8192,43.3838
3,standard,zeroed,4096,256,1,disabled,no,7,8192,80.8472
3,mimalloc,zeroed,4096,256,1,disabled,no,7,8192,83.252
3,jemalloc,zeroed,4096,256,1,disabled,no,7,8192,73.5352
3,standard,reallocate,4096,256,1,disabled,no,7,8192,176.001
3,mimalloc,reallocate,4096,256,1,disabled,no,7,8192,150.293
3,jemalloc,reallocate,4096,256,1,disabled,no,7,8192,157.922
3,standard,reallocate_zeroed,4096,256,1,disabled,no,7,8192,255.737
3,mimalloc,reallocate_zeroed,4096,256,1,disabled,no,7,8192,171.008
3,jemalloc,reallocate_zeroed,4096,256,1,disabled,no,7,8192,184.204
3,standard,batch,4096,256,1,disabled,no,7,8192,63.5254
3,mimalloc,batch,4096,256,1,disabled,no,7,8192,74.0601
3,jemalloc,batch,4096,256,1,disabled,no,7,8192,409.082
3,standard,mixed_lifetime,4096,256,1,disabled,no,7,8192,123.828
3,mimalloc,mixed_lifetime,4096,256,1,disabled,no,7,8192,44.7876
3,jemalloc,mixed_lifetime,4096,256,1,disabled,no,7,8192,138.354
3,standard,owned_block,4096,256,1,disabled,no,7,8192,176.599
3,mimalloc,owned_block,4096,256,1,disabled,no,7,8192,164.136
3,jemalloc,owned_block,4096,256,1,disabled,no,7,8192,160.046
3,mimalloc,raw,4096,256,1,disabled,yes,7,8192,35.9863
3,jemalloc,raw,4096,256,1,disabled,yes,7,8192,302.625
3,mimalloc,zeroed,4096,256,1,disabled,yes,7,8192,54.4067
3,jemalloc,zeroed,4096,256,1,disabled,yes,7,8192,338.403
3,mimalloc,reallocate,4096,256,1,disabled,yes,7,8192,142.419
3,jemalloc,reallocate,4096,256,1,disabled,yes,7,8192,728.247
3,mimalloc,reallocate_zeroed,4096,256,1,disabled,yes,7,8192,158.594
3,jemalloc,reallocate_zeroed,4096,256,1,disabled,yes,7,8192,762.537
3,mimalloc,batch,4096,256,1,disabled,yes,7,8192,72.9858
3,jemalloc,batch,4096,256,1,disabled,yes,7,8192,603.931
3,mimalloc,mixed_lifetime,4096,256,1,disabled,yes,7,8192,44.4092
3,jemalloc,mixed_lifetime,4096,256,1,disabled,yes,7,8192,334.106
3,mimalloc,owned_block,4096,256,1,disabled,yes,7,8192,146.13
3,jemalloc,owned_block,4096,256,1,disabled,yes,7,8192,744.409
3,mimalloc,raw,4096,256,1,basic,yes,7,8192,56.5186
3,jemalloc,raw,4096,256,1,basic,yes,7,8192,339.868
3,mimalloc,zeroed,4096,256,1,basic,yes,7,8192,81.6895
3,jemalloc,zeroed,4096,256,1,basic,yes,7,8192,367.371
3,mimalloc,reallocate,4096,256,1,basic,yes,7,8192,163.196
3,jemalloc,reallocate,4096,256,1,basic,yes,7,8192,767.029
3,mimalloc,reallocate_zeroed,4096,256,1,basic,yes,7,8192,182.581
3,jemalloc,reallocate_zeroed,4096,256,1,basic,yes,7,8192,808.179
3,mimalloc,batch,4096,256,1,basic,yes,7,8192,90.686
3,jemalloc,batch,4096,256,1,basic,yes,7,8192,619.031
3,mimalloc,mixed_lifetime,4096,256,1,basic,yes,7,8192,49.3408
3,jemalloc,mixed_lifetime,4096,256,1,basic,yes,7,8192,342.578
3,mimalloc,owned_block,4096,256,1,basic,yes,7,8192,160.156
3,jemalloc,owned_block,4096,256,1,basic,yes,7,8192,787.146
3,standard,raw,65536,16,1,disabled,no,7,8192,152.368
3,mimalloc,raw,65536,16,1,disabled,no,7,8192,78.8574
3,jemalloc,raw,65536,16,1,disabled,no,7,8192,348.499
3,standard,zeroed,65536,16,1,disabled,no,7,8192,1599.17
3,mimalloc,zeroed,65536,16,1,disabled,no,7,8192,1830.36
3,jemalloc,zeroed,65536,16,1,disabled,no,7,8192,1794.58
3,standard,reallocate,65536,16,1,disabled,no,7,8192,4435.41
3,mimalloc,reallocate,65536,16,1,disabled,no,7,8192,2202.84
3,jemalloc,reallocate,65536,16,1,disabled,no,7,8192,3671.72
3,standard,reallocate_zeroed,65536,16,1,disabled,no,7,8192,7214.34
3,mimalloc,reallocate_zeroed,65536,16,1,disabled,no,7,8192,3493.21
3,jemalloc,reallocate_zeroed,65536,16,1,disabled,no,7,8192,5063.31
3,standard,batch,65536,16,1,disabled,no,7,8192,3992.47
3,mimalloc,batch,65536,16,1,disabled,no,7,8192,131.921
3,jemalloc,batch,65536,16,1,disabled,no,7,8192,631.934
3,standard,mixed_lifetime,65536,16,1,disabled,no,7,8192,779.126
3,mimalloc,mixed_lifetime,65536,16,1,disabled,no,7,8192,61.3281
3,jemalloc,mixed_lifetime,65536,16,1,disabled,no,7,8192,334.192
3,standard,owned_block,65536,16,1,disabled,no,7,8192,2087.87
3,mimalloc,owned_block,65536,16,1,disabled,no,7,8192,2871.23
3,jemalloc,owned_block,65536,16,1,disabled,no,7,8192,4340.23
3,standard,typed_raw,65536,1,1,disabled,no,7,8192,142.017
3,mimalloc,typed_raw,65536,1,1,disabled,no,7,8192,28.1616
3,jemalloc,typed_raw,65536,1,1,disabled,no,7,8192,682.031
3,standard,array,65536,1,1,disabled,no,7,8192,1608.39
3,mimalloc,array,65536,1,1,disabled,no,7,8192,1467.72
3,jemalloc,array,65536,1,1,disabled,no,7,8192,2074.77
3,mimalloc,raw,65536,16,1,disabled,yes,7,8192,77.3438
3,jemalloc,raw,65536,16,1,disabled,yes,7,8192,371.692
3,mimalloc,zeroed,65536,16,1,disabled,yes,7,8192,1830.73
3,jemalloc,zeroed,65536,16,1,disabled,yes,7,8192,1858.62
3,mimalloc,reallocate,65536,16,1,disabled,yes,7,8192,2205.4
3,jemalloc,reallocate,65536,16,1,disabled,yes,7,8192,3788.79
3,mimalloc,reallocate_zeroed,65536,16,1,disabled,yes,7,8192,3502.77
3,jemalloc,reallocate_zeroed,65536,16,1,disabled,yes,7,8192,5096.73
3,mimalloc,batch,65536,16,1,disabled,yes,7,8192,131.885
3,jemalloc,batch,65536,16,1,disabled,yes,7,8192,653.857
3,mimalloc,mixed_lifetime,65536,16,1,disabled,yes,7,8192,56.5186
3,jemalloc,mixed_lifetime,65536,16,1,disabled,yes,7,8192,327.441
3,mimalloc,owned_block,65536,16,1,disabled,yes,7,8192,2181.2
3,jemalloc,owned_block,65536,16,1,disabled,yes,7,8192,3649.6
3,mimalloc,typed_raw,65536,1,1,disabled,yes,7,8192,27.5757
3,jemalloc,typed_raw,65536,1,1,disabled,yes,7,8192,380.383
3,mimalloc,array,65536,1,1,disabled,yes,7,8192,1454.02
3,jemalloc,array,65536,1,1,disabled,yes,7,8192,1819.86
3,mimalloc,raw,65536,16,1,basic,yes,7,8192,86.731
3,jemalloc,raw,65536,16,1,basic,yes,7,8192,383.105
3,mimalloc,zeroed,65536,16,1,basic,yes,7,8192,2013.22
3,jemalloc,zeroed,65536,16,1,basic,yes,7,8192,1831.62
3,mimalloc,reallocate,65536,16,1,basic,yes,7,8192,2198.84
3,jemalloc,reallocate,65536,16,1,basic,yes,7,8192,3688.02
3,mimalloc,reallocate_zeroed,65536,16,1,basic,yes,7,8192,3476.75
3,jemalloc,reallocate_zeroed,65536,16,1,basic,yes,7,8192,4995.4
3,mimalloc,batch,65536,16,1,basic,yes,7,8192,150.305
3,jemalloc,batch,65536,16,1,basic,yes,7,8192,667.383
3,mimalloc,mixed_lifetime,65536,16,1,basic,yes,7,8192,61.7676
3,jemalloc,mixed_lifetime,65536,16,1,basic,yes,7,8192,333.398
3,mimalloc,owned_block,65536,16,1,basic,yes,7,8192,2215.01
3,jemalloc,owned_block,65536,16,1,basic,yes,7,8192,3718.36
3,mimalloc,typed_raw,65536,1,1,basic,yes,7,8192,50.6226
3,jemalloc,typed_raw,65536,1,1,basic,yes,7,8192,388.94
3,mimalloc,array,65536,1,1,basic,yes,7,8192,1482.29
3,jemalloc,array,65536,1,1,basic,yes,7,8192,1823.14
3,standard,raw,65536,64,1,disabled,no,7,8192,141.016
3,mimalloc,raw,65536,64,1,disabled,no,7,8192,77.771
3,jemalloc,raw,65536,64,1,disabled,no,7,8192,575.842
3,standard,zeroed,65536,64,1,disabled,no,7,8192,1585.68
3,mimalloc,zeroed,65536,64,1,disabled,no,7,8192,1808.01
3,jemalloc,zeroed,65536,64,1,disabled,no,7,8192,1909.25
3,standard,reallocate,65536,64,1,disabled,no,7,8192,2026.6
3,mimalloc,reallocate,65536,64,1,disabled,no,7,8192,2167.52
3,jemalloc,reallocate,65536,64,1,disabled,no,7,8192,3910.49
3,standard,reallocate_zeroed,65536,64,1,disabled,no,7,8192,3505.02
3,mimalloc,reallocate_zeroed,65536,64,1,disabled,no,7,8192,3451.39
3,jemalloc,reallocate_zeroed,65536,64,1,disabled,no,7,8192,4967.74
3,standard,batch,65536,64,1,disabled,no,7,8192,349.316
3,mimalloc,batch,65536,64,1,disabled,no,7,8192,132.129
3,jemalloc,batch,65536,64,1,disabled,no,7,8192,597.351
3,standard,mixed_lifetime,65536,64,1,disabled,no,7,8192,684.131
3,mimalloc,mixed_lifetime,65536,64,1,disabled,no,7,8192,59.1431
3,jemalloc,mixed_lifetime,65536,64,1,disabled,no,7,8192,307.739
3,standard,owned_block,65536,64,1,disabled,no,7,8192,2033.2
3,mimalloc,owned_block,65536,64,1,disabled,no,7,8192,2727.2
3,jemalloc,owned_block,65536,64,1,disabled,no,7,8192,4127.03
3,mimalloc,raw,65536,64,1,disabled,yes,7,8192,77.2095
3,jemalloc,raw,65536,64,1,disabled,yes,7,8192,382.776
3,mimalloc,zeroed,65536,64,1,disabled,yes,7,8192,1808.8
3,jemalloc,zeroed,65536,64,1,disabled,yes,7,8192,1804.8
3,mimalloc,reallocate,65536,64,1,disabled,yes,7,8192,2160.96
3,jemalloc,reallocate,65536,64,1,disabled,yes,7,8192,3622.03
3,mimalloc,reallocate_zeroed,65536,64,1,disabled,yes,7,8192,3457.47
3,jemalloc,reallocate_zeroed,65536,64,1,disabled,yes,7,8192,4968.97
3,mimalloc,batch,65536,64,1,disabled,yes,7,8192,132.275
3,jemalloc,batch,65536,64,1,disabled,yes,7,8192,658.496
3,mimalloc,mixed_lifetime,65536,64,1,disabled,yes,7,8192,55.3589
3,jemalloc,mixed_lifetime,65536,64,1,disabled,yes,7,8192,326.465
3,mimalloc,owned_block,65536,64,1,disabled,yes,7,8192,2167.59
3,jemalloc,owned_block,65536,64,1,disabled,yes,7,8192,3651.94
3,mimalloc,raw,65536,64,1,basic,yes,7,8192,86.6821
3,jemalloc,raw,65536,64,1,basic,yes,7,8192,382.678
3,mimalloc,zeroed,65536,64,1,basic,yes,7,8192,1839.72
3,jemalloc,zeroed,65536,64,1,basic,yes,7,8192,1823.18
3,mimalloc,reallocate,65536,64,1,basic,yes,7,8192,2192.9
3,jemalloc,reallocate,65536,64,1,basic,yes,7,8192,3662.62
3,mimalloc,reallocate_zeroed,65536,64,1,basic,yes,7,8192,3472.69
3,jemalloc,reallocate_zeroed,65536,64,1,basic,yes,7,8192,5004.82
3,mimalloc,batch,65536,64,1,basic,yes,7,8192,151.245
3,jemalloc,batch,65536,64,1,basic,yes,7,8192,666.541
3,mimalloc,mixed_lifetime,65536,64,1,basic,yes,7,8192,60.9985
3,jemalloc,mixed_lifetime,65536,64,1,basic,yes,7,8192,333.24
3,mimalloc,owned_block,65536,64,1,basic,yes,7,8192,2198.01
3,jemalloc,owned_block,65536,64,1,basic,yes,7,8192,3697.12
3,standard,raw,65536,256,1,disabled,no,7,8192,136.67
3,mimalloc,raw,65536,256,1,disabled,no,7,8192,81.4331
3,jemalloc,raw,65536,256,1,disabled,no,7,8192,574.231
3,standard,zeroed,65536,256,1,disabled,no,7,8192,1578.08
3,mimalloc,zeroed,65536,256,1,disabled,no,7,8192,1808.62
3,jemalloc,zeroed,65536,256,1,disabled,no,7,8192,1932.98
3,standard,reallocate,65536,256,1,disabled,no,7,8192,2022.73
3,mimalloc,reallocate,65536,256,1,disabled,no,7,8192,2173.46
3,jemalloc,reallocate,65536,256,1,disabled,no,7,8192,3830.08
3,standard,reallocate_zeroed,65536,256,1,disabled,no,7,8192,3513.59
3,mimalloc,reallocate_zeroed,65536,256,1,disabled,no,7,8192,3449.44
3,jemalloc,reallocate_zeroed,65536,256,1,disabled,no,7,8192,5105.18
3,standard,batch,65536,256,1,disabled,no,7,8192,296.948
3,mimalloc,batch,65536,256,1,disabled,no,7,8192,130.725
3,jemalloc,batch,65536,256,1,disabled,no,7,8192,594.128
3,standard,mixed_lifetime,65536,256,1,disabled,no,7,8192,661.548
3,mimalloc,mixed_lifetime,65536,256,1,disabled,no,7,8192,56.5308
3,jemalloc,mixed_lifetime,65536,256,1,disabled,no,7,8192,303.796
3,standard,owned_block,65536,256,1,disabled,no,7,8192,2040.17
3,mimalloc,owned_block,65536,256,1,disabled,no,7,8192,2634.79
3,jemalloc,owned_block,65536,256,1,disabled,no,7,8192,4120.39
3,mimalloc,raw,65536,256,1,disabled,yes,7,8192,76.4526
3,jemalloc,raw,65536,256,1,disabled,yes,7,8192,373.108
3,mimalloc,zeroed,65536,256,1,disabled,yes,7,8192,1808.02
3,jemalloc,zeroed,65536,256,1,disabled,yes,7,8192,1809.74
3,mimalloc,reallocate,65536,256,1,disabled,yes,7,8192,2165.58
3,jemalloc,reallocate,65536,256,1,disabled,yes,7,8192,3653.45
3,mimalloc,reallocate_zeroed,65536,256,1,disabled,yes,7,8192,3478.66
3,jemalloc,reallocate_zeroed,65536,256,1,disabled,yes,7,8192,4990.83
3,mimalloc,batch,65536,256,1,disabled,yes,7,8192,131.531
3,jemalloc,batch,65536,256,1,disabled,yes,7,8192,653.613
3,mimalloc,mixed_lifetime,65536,256,1,disabled,yes,7,8192,55.5664
3,jemalloc,mixed_lifetime,65536,256,1,disabled,yes,7,8192,324.097
3,mimalloc,owned_block,65536,256,1,disabled,yes,7,8192,2171.34
3,jemalloc,owned_block,65536,256,1,disabled,yes,7,8192,3650.04
3,mimalloc,raw,65536,256,1,basic,yes,7,8192,87.1216
3,jemalloc,raw,65536,256,1,basic,yes,7,8192,382.581
3,mimalloc,zeroed,65536,256,1,basic,yes,7,8192,1844.59
3,jemalloc,zeroed,65536,256,1,basic,yes,7,8192,1833.58
3,mimalloc,reallocate,65536,256,1,basic,yes,7,8192,2192.48
3,jemalloc,reallocate,65536,256,1,basic,yes,7,8192,3652.31
3,mimalloc,reallocate_zeroed,65536,256,1,basic,yes,7,8192,3477.7
3,jemalloc,reallocate_zeroed,65536,256,1,basic,yes,7,8192,4989.29
3,mimalloc,batch,65536,256,1,basic,yes,7,8192,152.441
3,jemalloc,batch,65536,256,1,basic,yes,7,8192,666.907
3,mimalloc,mixed_lifetime,65536,256,1,basic,yes,7,8192,63.0981
3,jemalloc,mixed_lifetime,65536,256,1,basic,yes,7,8192,328.101
3,mimalloc,owned_block,65536,256,1,basic,yes,7,8192,2201.45
3,jemalloc,owned_block,65536,256,1,basic,yes,7,8192,3664
3,standard,cross_thread,64,16,2,disabled,no,7,8192,116.65
3,mimalloc,cross_thread,64,16,2,disabled,no,7,8192,53.7598
3,jemalloc,cross_thread,64,16,2,disabled,no,7,8192,86.5234
3,mimalloc,cross_thread,64,16,2,disabled,yes,7,8192,49.7803
3,jemalloc,cross_thread,64,16,2,disabled,yes,7,8192,195.557
3,standard,cross_thread,64,16,4,disabled,no,7,8192,100.085
3,mimalloc,cross_thread,64,16,4,disabled,no,7,8192,46.7529
3,jemalloc,cross_thread,64,16,4,disabled,no,7,8192,100.269
3,mimalloc,cross_thread,64,16,4,disabled,yes,7,8192,51.4404
3,jemalloc,cross_thread,64,16,4,disabled,yes,7,8192,522.412
3,standard,cross_thread,64,16,8,disabled,no,7,8192,105.383
3,mimalloc,cross_thread,64,16,8,disabled,no,7,8192,61.1084
3,jemalloc,cross_thread,64,16,8,disabled,no,7,8192,167.517
3,mimalloc,cross_thread,64,16,8,disabled,yes,7,8192,58.252
3,jemalloc,cross_thread,64,16,8,disabled,yes,7,8192,654.614
3,mimalloc,detailed_statistics,0,0,1,disabled,no,7,512,1838.67
3,jemalloc,detailed_statistics,0,0,1,disabled,no,7,512,92142
3,mimalloc,detailed_statistics,0,0,1,disabled,yes,7,512,3.125
3,jemalloc,detailed_statistics,0,0,1,disabled,yes,7,512,103898
3,fixed_buffer,stack_mark_rewind,64,16,1,disabled,no,7,8192,3.8208
3,fixed_buffer,stack_mark_rewind,64,64,1,disabled,no,7,8192,3.8208
3,fixed_buffer,stack_mark_rewind,64,256,1,disabled,no,7,8192,3.8208
3,fixed_buffer,stack_mark_rewind,256,16,1,disabled,no,7,8192,3.83301
3,fixed_buffer,stack_mark_rewind,256,64,1,disabled,no,7,8192,3.83301
3,fixed_buffer,stack_mark_rewind,256,256,1,disabled,no,7,8192,3.80859
3,fixed_buffer,stack_mark_rewind,4096,16,1,disabled,no,7,8192,3.52783
3,fixed_buffer,stack_mark_rewind,4096,64,1,disabled,no,7,8192,3.83301
3,fixed_buffer,stack_mark_rewind,4096,256,1,disabled,no,7,8192,3.8208
3,fixed_buffer,stack_mark_rewind,65536,16,1,disabled,no,7,8192,3.86963
3,fixed_buffer,stack_mark_rewind,65536,64,1,disabled,no,7,8192,3.8208
3,fixed_buffer,stack_mark_rewind,65536,256,1,disabled,no,7,8192,3.51562
3,standard,raw,64,16,1,basic,no,7,8192,477.124
3,mimalloc,raw,64,16,1,basic,no,7,8192,34.0576
3,jemalloc,raw,64,16,1,basic,no,7,8192,65.7593
3,standard,zeroed,64,16,1,basic,no,7,8192,482.581
3,mimalloc,zeroed,64,16,1,basic,no,7,8192,36.8896
3,jemalloc,zeroed,64,16,1,basic,no,7,8192,67.6392
3,standard,reallocate,64,16,1,basic,no,7,8192,564.966
3,mimalloc,reallocate,64,16,1,basic,no,7,8192,66.8213
3,jemalloc,reallocate,64,16,1,basic,no,7,8192,154.639
3,standard,reallocate_zeroed,64,16,1,basic,no,7,8192,570.496
3,mimalloc,reallocate_zeroed,64,16,1,basic,no,7,8192,64.5752
3,jemalloc,reallocate_zeroed,64,16,1,basic,no,7,8192,157.361
3,standard,batch,64,16,1,basic,no,7,8192,91.6748
3,mimalloc,batch,64,16,1,basic,no,7,8192,34.8633
3,jemalloc,batch,64,16,1,basic,no,7,8192,66.394
3,standard,mixed_lifetime,64,16,1,basic,no,7,8192,42.1997
3,mimalloc,mixed_lifetime,64,16,1,basic,no,7,8192,23.7671
3,jemalloc,mixed_lifetime,64,16,1,basic,no,7,8192,35.3271
3,standard,owned_block,64,16,1,basic,no,7,8192,564.563
3,mimalloc,owned_block,64,16,1,basic,no,7,8192,70.2637
3,jemalloc,owned_block,64,16,1,basic,no,7,8192,158.655
3,standard,typed_raw,64,1,1,basic,no,7,8192,70.6665
3,mimalloc,typed_raw,64,1,1,basic,no,7,8192,33.6304
3,jemalloc,typed_raw,64,1,1,basic,no,7,8192,62.3535
3,standard,create_destroy,64,1,1,basic,no,7,8192,73.3765
3,mimalloc,create_destroy,64,1,1,basic,no,7,8192,34.8755
3,jemalloc,create_destroy,64,1,1,basic,no,7,8192,62.7808
3,standard,object,64,1,1,basic,no,7,8192,70.4224
3,mimalloc,object,64,1,1,basic,no,7,8192,34.314
3,jemalloc,object,64,1,1,basic,no,7,8192,61.4502
3,standard,shared_object,64,1,1,basic,no,7,8192,494.409
3,mimalloc,shared_object,64,1,1,basic,no,7,8192,51.8188
3,jemalloc,shared_object,64,1,1,basic,no,7,8192,85.083
3,standard,array,64,1,1,basic,no,7,8192,72.7173
3,mimalloc,array,64,1,1,basic,no,7,8192,35.5591
3,jemalloc,array,64,1,1,basic,no,7,8192,64.9536
3,standard,std_vector,256,8,1,basic,no,7,8192,792.725
3,mimalloc,std_vector,256,8,1,basic,no,7,8192,416.077
3,jemalloc,std_vector,256,8,1,basic,no,7,8192,775.488
3,standard,pmr_vector,256,8,1,basic,no,7,8192,789.954
3,mimalloc,pmr_vector,256,8,1,basic,no,7,8192,426.184
3,jemalloc,pmr_vector,256,8,1,basic,no,7,8192,767.004
3,standard,raw,64,64,1,basic,no,7,8192,74.292
3,mimalloc,raw,64,64,1,basic,no,7,8192,34.4116
3,jemalloc,raw,64,64,1,basic,no,7,8192,64.8193
3,standard,zeroed,64,64,1,basic,no,7,8192,77.2095
3,mimalloc,zeroed,64,64,1,basic,no,7,8192,36.5234
3,jemalloc,zeroed,64,64,1,basic,no,7,8192,68.2617
3,standard,reallocate,64,64,1,basic,no,7,8192,138.501
3,mimalloc,reallocate,64,64,1,basic,no,7,8192,66.8579
3,jemalloc,reallocate,64,64,1,basic,no,7,8192,154.956
3,standard,reallocate_zeroed,64,64,1,basic,no,7,8192,142.578
3,mimalloc,reallocate_zeroed,64,64,1,basic,no,7,8192,64.3311
3,jemalloc,reallocate_zeroed,64,64,1,basic,no,7,8192,159.058
3,standard,batch,64,64,1,basic,no,7,8192,82.0557
3,mimalloc,batch,64,64,1,basic,no,7,8192,34.5703
3,jemalloc,batch,64,64,1,basic,no,7,8192,66.5649
3,standard,mixed_lifetime,64,64,1,basic,no,7,8192,43.4937
3,mimalloc,mixed_lifetime,64,64,1,basic,no,7,8192,24.1577
3,jemalloc,mixed_lifetime,64,64,1,basic,no,7,8192,35.6445
3,standard,owned_block,64,64,1,basic,no,7,8192,143.152
3,mimalloc,owned_block,64,64,1,basic,no,7,8192,69.8364
3,jemalloc,owned_block,64,64,1,basic,no,7,8192,158.826
3,standard,raw,64,256,1,basic,no,7,8192,73.5596
3,mimalloc,raw,64,256,1,basic,no,7,8192,74.6338
3,jemalloc,raw,64,256,1,basic,no,7,8192,66.2842
3,standard,zeroed,64,256,1,basic,no,7,8192,77.3804
3,mimalloc,zeroed,64,256,1,basic,no,7,8192,83.2397
3,jemalloc,zeroed,64,256,1,basic,no,7,8192,69.4946
3,standard,reallocate,64,256,1,basic,no,7,8192,138.916
3,mimalloc,reallocate,64,256,1,basic,no,7,8192,103.381
3,jemalloc,reallocate,64,256,1,basic,no,7,8192,145.764
3,standard,reallocate_zeroed,64,256,1,basic,no,7,8192,144.189
3,mimalloc,reallocate_zeroed,64,256,1,basic,no,7,8192,90.8569
3,jemalloc,reallocate_zeroed,64,256,1,basic,no,7,8192,149.06
3,standard,batch,64,256,1,basic,no,7,8192,89.7583
3,mimalloc,batch,64,256,1,basic,no,7,8192,49.4873
3,jemalloc,batch,64,256,1,basic,no,7,8192,88.3179
3,standard,mixed_lifetime,64,256,1,basic,no,7,8192,43.6523
3,mimalloc,mixed_lifetime,64,256,1,basic,no,7,8192,31.9336
3,jemalloc,mixed_lifetime,64,256,1,basic,no,7,8192,36.5112
3,standard,owned_block,64,256,1,basic,no,7,8192,143.909
3,mimalloc,owned_block,64,256,1,basic,no,7,8192,99.4019
3,jemalloc,owned_block,64,256,1,basic,no,7,8192,150.806
3,standard,raw,256,16,1,basic,no,7,8192,73.7427
3,mimalloc,raw,256,16,1,basic,no,7,8192,34.4238
3,jemalloc,raw,256,16,1,basic,no,7,8192,66.1865
3,standard,zeroed,256,16,1,basic,no,7,8192,79.8218
3,mimalloc,zeroed,256,16,1,basic,no,7,8192,37.9517
3,jemalloc,zeroed,256,16,1,basic,no,7,8192,69.3848
3,standard,reallocate,256,16,1,basic,no,7,8192,142.139
3,mimalloc,reallocate,256,16,1,basic,no,7,8192,70.0317
3,jemalloc,reallocate,256,16,1,basic,no,7,8192,157.275
3,standard,reallocate_zeroed,256,16,1,basic,no,7,8192,146.96
3,mimalloc,reallocate_zeroed,256,16,1,basic,no,7,8192,68.0054
3,jemalloc,reallocate_zeroed,256,16,1,basic,no,7,8192,160.229
3,standard,batch,256,16,1,basic,no,7,8192,87.9028
3,mimalloc,batch,256,16,1,basic,no,7,8192,34.8145
3,jemalloc,batch,256,16,1,basic,no,7,8192,88.3423
3,standard,mixed_lifetime,256,16,1,basic,no,7,8192,44.9585
3,mimalloc,mixed_lifetime,256,16,1,basic,no,7,8192,24.5117
3,jemalloc,mixed_lifetime,256,16,1,basic,no,7,8192,37.3901
3,standard,owned_block,256,16,1,basic,no,7,8192,142.981
3,mimalloc,owned_block,256,16,1,basic,no,7,8192,68.6035
3,jemalloc,owned_block,256,16,1,basic,no,7,8192,160.938
3,standard,typed_raw,256,1,1,basic,no,7,8192,71.1304
3,mimalloc,typed_raw,256,1,1,basic,no,7,8192,33.8257
3,jemalloc,typed_raw,256,1,1,basic,no,7,8192,62.4268
3,standard,array,256,1,1,basic,no,7,8192,76.2207
3,mimalloc,array,256,1,1,basic,no,7,8192,37.6709
3,jemalloc,array,256,1,1,basic,no,7,8192,66.0645
3,standard,raw,256,64,1,basic,no,7,8192,74.9268
3,mimalloc,raw,256,64,1,basic,no,7,8192,34.4849
3,jemalloc,raw,256,64,1,basic,no,7,8192,66.1255
3,standard,zeroed,256,64,1,basic,no,7,8192,79.126
3,mimalloc,zeroed,256,64,1,basic,no,7,8192,37.5
3,jemalloc,zeroed,256,64,1,basic,no,7,8192,70.3003
3,standard,reallocate,256,64,1,basic,no,7,8192,139.612
3,mimalloc,reallocate,256,64,1,basic,no,7,8192,65.8936
3,jemalloc,reallocate,256,64,1,basic,no,7,8192,157.507
3,standard,reallocate_zeroed,256,64,1,basic,no,7,8192,145.422
3,mimalloc,reallocate_zeroed,256,64,1,basic,no,7,8192,64.1602
3,jemalloc,reallocate_zeroed,256,64,1,basic,no,7,8192,159.521
3,standard,batch,256,64,1,basic,no,7,8192,89.5264
3,mimalloc,batch,256,64,1,basic,no,7,8192,34.5825
3,jemalloc,batch,256,64,1,basic,no,7,8192,91.7969
3,standard,mixed_lifetime,256,64,1,basic,no,7,8192,43.2495
3,mimalloc,mixed_lifetime,256,64,1,basic,no,7,8192,23.7183
3,jemalloc,mixed_lifetime,256,64,1,basic,no,7,8192,37.4512
3,standard,owned_block,256,64,1,basic,no,7,8192,144.409
3,mimalloc,owned_block,256,64,1,basic,no,7,8192,69.7632
3,jemalloc,owned_block,256,64,1,basic,no,7,8192,160.388
3,standard,raw,256,256,1,basic,no,7,8192,74.3286
3,mimalloc,raw,256,256,1,basic,no,7,8192,34.8022
3,jemalloc,raw,256,256,1,basic,no,7,8192,66.1377
3,standard,zeroed,256,256,1,basic,no,7,8192,78.9062
3,mimalloc,zeroed,256,256,1,basic,no,7,8192,38.269
3,jemalloc,zeroed,256,256,1,basic,no,7,8192,68.9331
3,standard,reallocate,256,256,1,basic,no,7,8192,139.343
3,mimalloc,reallocate,256,256,1,basic,no,7,8192,66.5039
3,jemalloc,reallocate,256,256,1,basic,no,7,8192,156.384
3,standard,reallocate_zeroed,256,256,1,basic,no,7,8192,146.155
3,mimalloc,reallocate_zeroed,256,256,1,basic,no,7,8192,65.6616
3,jemalloc,reallocate_zeroed,256,256,1,basic,no,7,8192,160.266
3,standard,batch,256,256,1,basic,no,7,8192,90.0513
3,mimalloc,batch,256,256,1,basic,no,7,8192,35.1685
3,jemalloc,batch,256,256,1,basic,no,7,8192,93.3105
3,standard,mixed_lifetime,256,256,1,basic,no,7,8192,50.293
3,mimalloc,mixed_lifetime,256,256,1,basic,no,7,8192,24.9512
3,jemalloc,mixed_lifetime,256,256,1,basic,no,7,8192,36.8164
3,standard,owned_block,256,256,1,basic,no,7,8192,143.909
3,mimalloc,owned_block,256,256,1,basic,no,7,8192,68.811
3,jemalloc,owned_block,256,256,1,basic,no,7,8192,161.145
3,standard,raw,4096,16,1,basic,no,7,8192,73.9868
3,mimalloc,raw,4096,16,1,basic,no,7,8192,56.0547
3,jemalloc,raw,4096,16,1,basic,no,7,8192,74.292
3,standard,zeroed,4096,16,1,basic,no,7,8192,110.681
3,mimalloc,zeroed,4096,16,1,basic,no,7,8192,80.1514
3,jemalloc,zeroed,4096,16,1,basic,no,7,8192,101.66
3,standard,reallocate,4096,16,1,basic,no,7,8192,210.388
3,mimalloc,reallocate,4096,16,1,basic,no,7,8192,164.16
3,jemalloc,reallocate,4096,16,1,basic,no,7,8192,197.314
3,standard,reallocate_zeroed,4096,16,1,basic,no,7,8192,284.692
3,mimalloc,reallocate_zeroed,4096,16,1,basic,no,7,8192,181.213
3,jemalloc,reallocate_zeroed,4096,16,1,basic,no,7,8192,223.413
3,standard,batch,4096,16,1,basic,no,7,8192,1560.74
3,mimalloc,batch,4096,16,1,basic,no,7,8192,90.0879
3,jemalloc,batch,4096,16,1,basic,no,7,8192,436.426
3,standard,mixed_lifetime,4096,16,1,basic,no,7,8192,167.603
3,mimalloc,mixed_lifetime,4096,16,1,basic,no,7,8192,49.6582
3,jemalloc,mixed_lifetime,4096,16,1,basic,no,7,8192,146.936
3,standard,owned_block,4096,16,1,basic,no,7,8192,224.475
3,mimalloc,owned_block,4096,16,1,basic,no,7,8192,192.798
3,jemalloc,owned_block,4096,16,1,basic,no,7,8192,199.463
3,standard,typed_raw,4096,1,1,basic,no,7,8192,70.4346
3,mimalloc,typed_raw,4096,1,1,basic,no,7,8192,51.7944
3,jemalloc,typed_raw,4096,1,1,basic,no,7,8192,68.6157
3,standard,array,4096,1,1,basic,no,7,8192,111.89
3,mimalloc,array,4096,1,1,basic,no,7,8192,102.539
3,jemalloc,array,4096,1,1,basic,no,7,8192,96.0938
3,standard,raw,4096,64,1,basic,no,7,8192,74.1577
3,mimalloc,raw,4096,64,1,basic,no,7,8192,55.7983
3,jemalloc,raw,4096,64,1,basic,no,7,8192,73.3154
3,standard,zeroed,4096,64,1,basic,no,7,8192,108.386
3,mimalloc,zeroed,4096,64,1,basic,no,7,8192,108.24
3,jemalloc,zeroed,4096,64,1,basic,no,7,8192,102.209
3,standard,reallocate,4096,64,1,basic,no,7,8192,217.432
3,mimalloc,reallocate,4096,64,1,basic,no,7,8192,168.604
3,jemalloc,reallocate,4096,64,1,basic,no,7,8192,194.849
3,standard,reallocate_zeroed,4096,64,1,basic,no,7,8192,292.346
3,mimalloc,reallocate_zeroed,4096,64,1,basic,no,7,8192,192.871
3,jemalloc,reallocate_zeroed,4096,64,1,basic,no,7,8192,221.851
3,standard,batch,4096,64,1,basic,no,7,8192,89.1113
3,mimalloc,batch,4096,64,1,basic,no,7,8192,89.4775
3,jemalloc,batch,4096,64,1,basic,no,7,8192,439.868
3,standard,mixed_lifetime,4096,64,1,basic,no,7,8192,142.957
3,mimalloc,mixed_lifetime,4096,64,1,basic,no,7,8192,49.8169
3,jemalloc,mixed_lifetime,4096,64,1,basic,no,7,8192,147.9
3,standard,owned_block,4096,64,1,basic,no,7,8192,213.196
3,mimalloc,owned_block,4096,64,1,basic,no,7,8192,192.188
3,jemalloc,owned_block,4096,64,1,basic,no,7,8192,199.048
3,standard,raw,4096,256,1,basic,no,7,8192,74.6704
3,mimalloc,raw,4096,256,1,basic,no,7,8192,55.3711
3,jemalloc,raw,4096,256,1,basic,no,7,8192,74.3408
3,standard,zeroed,4096,256,1,basic,no,7,8192,110.461
3,mimalloc,zeroed,4096,256,1,basic,no,7,8192,107.385
3,jemalloc,zeroed,4096,256,1,basic,no,7,8192,108.484
3,standard,reallocate,4096,256,1,basic,no,7,8192,210.229
3,mimalloc,reallocate,4096,256,1,basic,no,7,8192,169.458
3,jemalloc,reallocate,4096,256,1,basic,no,7,8192,195.776
3,standard,reallocate_zeroed,4096,256,1,basic,no,7,8192,284.241
3,mimalloc,reallocate_zeroed,4096,256,1,basic,no,7,8192,194.727
3,jemalloc,reallocate_zeroed,4096,256,1,basic,no,7,8192,222.485
3,standard,batch,4096,256,1,basic,no,7,8192,88.9893
3,mimalloc,batch,4096,256,1,basic,no,7,8192,90.7227
3,jemalloc,batch,4096,256,1,basic,no,7,8192,423.425
3,standard,mixed_lifetime,4096,256,1,basic,no,7,8192,124.78
3,mimalloc,mixed_lifetime,4096,256,1,basic,no,7,8192,48.0347
3,jemalloc,mixed_lifetime,4096,256,1,basic,no,7,8192,139.197
3,standard,owned_block,4096,256,1,basic,no,7,8192,229.456
3,mimalloc,owned_block,4096,256,1,basic,no,7,8192,193.005
3,jemalloc,owned_block,4096,256,1,basic,no,7,8192,208.63
3,standard,raw,65536,16,1,basic,no,7,8192,179.102
3,mimalloc,raw,65536,16,1,basic,no,7,8192,87.2192
3,jemalloc,raw,65536,16,1,basic,no,7,8192,359.839
3,standard,zeroed,65536,16,1,basic,no,7,8192,1649.33
3,mimalloc,zeroed,65536,16,1,basic,no,7,8192,1868.64
3,jemalloc,zeroed,65536,16,1,basic,no,7,8192,1780
3,standard,reallocate,65536,16,1,basic,no,7,8192,3371.79
3,mimalloc,reallocate,65536,16,1,basic,no,7,8192,2227.25
3,jemalloc,reallocate,65536,16,1,basic,no,7,8192,3737.04
3,standard,reallocate_zeroed,65536,16,1,basic,no,7,8192,5386.11
3,mimalloc,reallocate_zeroed,65536,16,1,basic,no,7,8192,3533.14
3,jemalloc,reallocate_zeroed,65536,16,1,basic,no,7,8192,5080.15
3,standard,batch,65536,16,1,basic,no,7,8192,3952.4
3,mimalloc,batch,65536,16,1,basic,no,7,8192,151.172
3,jemalloc,batch,65536,16,1,basic,no,7,8192,627.576
3,standard,mixed_lifetime,65536,16,1,basic,no,7,8192,747.705
3,mimalloc,mixed_lifetime,65536,16,1,basic,no,7,8192,65.2222
3,jemalloc,mixed_lifetime,65536,16,1,basic,no,7,8192,343.311
3,standard,owned_block,65536,16,1,basic,no,7,8192,2137.82
3,mimalloc,owned_block,65536,16,1,basic,no,7,8192,2793.16
3,jemalloc,owned_block,65536,16,1,basic,no,7,8192,4412.28
3,standard,typed_raw,65536,1,1,basic,no,7,8192,174.744
3,mimalloc,typed_raw,65536,1,1,basic,no,7,8192,52.356
3,jemalloc,typed_raw,65536,1,1,basic,no,7,8192,680.005
3,standard,array,65536,1,1,basic,no,7,8192,1642.85
3,mimalloc,array,65536,1,1,basic,no,7,8192,1497.5
3,jemalloc,array,65536,1,1,basic,no,7,8192,2085.83
3,standard,raw,65536,64,1,basic,no,7,8192,165.234
3,mimalloc,raw,65536,64,1,basic,no,7,8192,87.8174
3,jemalloc,raw,65536,64,1,basic,no,7,8192,642.981
3,standard,zeroed,65536,64,1,basic,no,7,8192,1618.41
3,mimalloc,zeroed,65536,64,1,basic,no,7,8192,1840.55
3,jemalloc,zeroed,65536,64,1,basic,no,7,8192,2033.67
3,standard,reallocate,65536,64,1,basic,no,7,8192,2068.07
3,mimalloc,reallocate,65536,64,1,basic,no,7,8192,2183.67
3,jemalloc,reallocate,65536,64,1,basic,no,7,8192,4139.12
3,standard,reallocate_zeroed,65536,64,1,basic,no,7,8192,3627.43
3,mimalloc,reallocate_zeroed,65536,64,1,basic,no,7,8192,3473.05
3,jemalloc,reallocate_zeroed,65536,64,1,basic,no,7,8192,5449.5
3,standard,batch,65536,64,1,basic,no,7,8192,361.414
3,mimalloc,batch,65536,64,1,basic,no,7,8192,150.94
3,jemalloc,batch,65536,64,1,basic,no,7,8192,615.503
3,standard,mixed_lifetime,65536,64,1,basic,no,7,8192,677.356
3,mimalloc,mixed_lifetime,65536,64,1,basic,no,7,8192,64.2334
3,jemalloc,mixed_lifetime,65536,64,1,basic,no,7,8192,322.876
3,standard,owned_block,65536,64,1,basic,no,7,8192,2103.04
3,mimalloc,owned_block,65536,64,1,basic,no,7,8192,2739.93
3,jemalloc,owned_block,65536,64,1,basic,no,7,8192,4183.29
3,standard,raw,65536,256,1,basic,no,7,8192,165.112
3,mimalloc,raw,65536,256,1,basic,no,7,8192,91.98
3,jemalloc,raw,65536,256,1,basic,no,7,8192,640.381
3,standard,zeroed,65536,256,1,basic,no,7,8192,1631.29
3,mimalloc,zeroed,65536,256,1,basic,no,7,8192,1842.32
3,jemalloc,zeroed,65536,256,1,basic,no,7,8192,2023.65
3,standard,reallocate,65536,256,1,basic,no,7,8192,2089.58
3,mimalloc,reallocate,65536,256,1,basic,no,7,8192,2184.23
3,jemalloc,reallocate,65536,256,1,basic,no,7,8192,4097.27
3,standard,reallocate_zeroed,65536,256,1,basic,no,7,8192,3642.65
3,mimalloc,reallocate_zeroed,65536,256,1,basic,no,7,8192,3468.88
3,jemalloc,reallocate_zeroed,65536,256,1,basic,no,7,8192,5290.37
3,standard,batch,65536,256,1,basic,no,7,8192,430.42
3,mimalloc,batch,65536,256,1,basic,no,7,8192,150.94
3,jemalloc,batch,65536,256,1,basic,no,7,8192,613.367
3,standard,mixed_lifetime,65536,256,1,basic,no,7,8192,632.434
3,mimalloc,mixed_lifetime,65536,256,1,basic,no,7,8192,63.9404
3,jemalloc,mixed_lifetime,65536,256,1,basic,no,7,8192,322.375
3,standard,owned_block,65536,256,1,basic,no,7,8192,2094.47
3,mimalloc,owned_block,65536,256,1,basic,no,7,8192,2730
3,jemalloc,owned_block,65536,256,1,basic,no,7,8192,4147.66
