trial,backend,workload,bytes,alignment,threads,statistics,heap,repetitions,operations,median_ns_per_operation
1,standard,raw,64,16,1,disabled,no,7,8192,38.6913
1,mimalloc,raw,64,16,1,disabled,no,7,8192,6.84607
1,jemalloc,raw,64,16,1,disabled,no,7,8192,16.2609
1,standard,zeroed,64,16,1,disabled,no,7,8192,42.8721
1,mimalloc,zeroed,64,16,1,disabled,no,7,8192,9.96399
1,jemalloc,zeroed,64,16,1,disabled,no,7,8192,17.7408
1,standard,reallocate,64,16,1,disabled,no,7,8192,79.4423
1,mimalloc,reallocate,64,16,1,disabled,no,7,8192,15.5588
1,jemalloc,reallocate,64,16,1,disabled,no,7,8192,40.98
1,standard,reallocate_zeroed,64,16,1,disabled,no,7,8192,83.3538
1,mimalloc,reallocate_zeroed,64,16,1,disabled,no,7,8192,17.4358
1,jemalloc,reallocate_zeroed,64,16,1,disabled,no,7,8192,43.0654
1,standard,batch,64,16,1,disabled,no,7,8192,36.6262
1,mimalloc,batch,64,16,1,disabled,no,7,8192,6.08826
1,jemalloc,batch,64,16,1,disabled,no,7,8192,16.0319
1,standard,mixed_lifetime,64,16,1,disabled,no,7,8192,23.407
1,mimalloc,mixed_lifetime,64,16,1,disabled,no,7,8192,7.82275
1,jemalloc,mixed_lifetime,64,16,1,disabled,no,7,8192,12.9089
1,standard,owned_block,64,16,1,disabled,no,7,8192,80.7852
1,mimalloc,owned_block,64,16,1,disabled,no,7,8192,16.8508
1,jemalloc,owned_block,64,16,1,disabled,no,7,8192,43.2484
1,standard,typed_raw,64,1,1,disabled,no,7,8192,35.3292
1,mimalloc,typed_raw,64,1,1,disabled,no,7,8192,6.17468
1,jemalloc,typed_raw,64,1,1,disabled,no,7,8192,15.2334
1,standard,create_destroy,64,1,1,disabled,no,7,8192,35.3292
1,mimalloc,create_destroy,64,1,1,disabled,no,7,8192,6.16968
1,jemalloc,create_destroy,64,1,1,disabled,no,7,8192,15.1876
1,standard,object,64,1,1,disabled,no,7,8192,35.3241
1,mimalloc,object,64,1,1,disabled,no,7,8192,6.16968
1,jemalloc,object,64,1,1,disabled,no,7,8192,15.1876
1,standard,shared_object,64,1,1,disabled,no,7,8192,41.0664
1,mimalloc,shared_object,64,1,1,disabled,no,7,8192,9.83179
1,jemalloc,shared_object,64,1,1,disabled,no,7,8192,18.9819
1,standard,array,64,1,1,disabled,no,7,8192,38.559
1,mimalloc,array,64,1,1,disabled,no,7,8192,7.4259
1,jemalloc,array,64,1,1,disabled,no,7,8192,16.3574
1,standard,std_vector,256,8,1,disabled,no,7,8192,251.5
1,mimalloc,std_vector,256,8,1,disabled,no,7,8192,67.0879
1,jemalloc,std_vector,256,8,1,disabled,no,7,8192,122.36
1,standard,pmr_vector,256,8,1,disabled,no,7,8192,245.356
1,mimalloc,pmr_vector,256,8,1,disabled,no,7,8192,83.1249
1,jemalloc,pmr_vector,256,8,1,disabled,no,7,8192,143.941
1,mimalloc,raw,64,16,1,disabled,yes,7,8192,8.39746
1,jemalloc,raw,64,16,1,disabled,yes,7,8192,98.4852
1,mimalloc,zeroed,64,16,1,disabled,yes,7,8192,12.1359
1,jemalloc,zeroed,64,16,1,disabled,yes,7,8192,101.649
1,mimalloc,reallocate,64,16,1,disabled,yes,7,8192,17.0034
1,jemalloc,reallocate,64,16,1,disabled,yes,7,8192,212.911
1,mimalloc,reallocate_zeroed,64,16,1,disabled,yes,7,8192,18.8853
1,jemalloc,reallocate_zeroed,64,16,1,disabled,yes,7,8192,218.597
1,mimalloc,batch,64,16,1,disabled,yes,7,8192,7.60901
1,jemalloc,batch,64,16,1,disabled,yes,7,8192,35.2631
1,mimalloc,mixed_lifetime,64,16,1,disabled,yes,7,8192,9.12476
1,jemalloc,mixed_lifetime,64,16,1,disabled,yes,7,8192,23.4578
1,mimalloc,owned_block,64,16,1,disabled,yes,7,8192,18.6462
1,jemalloc,owned_block,64,16,1,disabled,yes,7,8192,215.062
1,mimalloc,typed_raw,64,1,1,disabled,yes,7,8192,6.17468
1,jemalloc,typed_raw,64,1,1,disabled,yes,7,8192,97.1578
1,mimalloc,create_destroy,64,1,1,disabled,yes,7,8192,6.1748
1,jemalloc,create_destroy,64,1,1,disabled,yes,7,8192,97.524
1,mimalloc,object,64,1,1,disabled,yes,7,8192,6.17981
1,jemalloc,object,64,1,1,disabled,yes,7,8192,97.1578
1,mimalloc,shared_object,64,1,1,disabled,yes,7,8192,10.1471
1,jemalloc,shared_object,64,1,1,disabled,yes,7,8192,108.673
1,mimalloc,array,64,1,1,disabled,yes,7,8192,7.4209
1,jemalloc,array,64,1,1,disabled,yes,7,8192,100.81
1,mimalloc,std_vector,256,8,1,disabled,yes,7,8192,67.627
1,jemalloc,std_vector,256,8,1,disabled,yes,7,8192,672.684
1,mimalloc,pmr_vector,256,8,1,disabled,yes,7,8192,92.0511
1,jemalloc,pmr_vector,256,8,1,disabled,yes,7,8192,679.077
1,mimalloc,raw,64,16,1,basic,yes,7,8192,9.96899
1,jemalloc,raw,64,16,1,basic,yes,7,8192,100.708
1,mimalloc,zeroed,64,16,1,basic,yes,7,8192,14.3127
1,jemalloc,zeroed,64,16,1,basic,yes,7,8192,104.284
1,mimalloc,reallocate,64,16,1,basic,yes,7,8192,20.4366
1,jemalloc,reallocate,64,16,1,basic,yes,7,8192,217.387
1,mimalloc,reallocate_zeroed,64,16,1,basic,yes,7,8192,22.3033
1,jemalloc,reallocate_zeroed,64,16,1,basic,yes,7,8192,221.919
1,mimalloc,batch,64,16,1,basic,yes,7,8192,9.46045
1,jemalloc,batch,64,16,1,basic,yes,7,8192,37.7299
1,mimalloc,mixed_lifetime,64,16,1,basic,yes,7,8192,10.4471
1,jemalloc,mixed_lifetime,64,16,1,basic,yes,7,8192,24.5718
1,mimalloc,owned_block,64,16,1,basic,yes,7,8192,22.639
1,jemalloc,owned_block,64,16,1,basic,yes,7,8192,219.03
1,mimalloc,typed_raw,64,1,1,basic,yes,7,8192,8.37195
1,jemalloc,typed_raw,64,1,1,basic,yes,7,8192,99.7009
1,mimalloc,create_destroy,64,1,1,basic,yes,7,8192,8.37195
1,jemalloc,create_destroy,64,1,1,basic,yes,7,8192,99.7213
1,mimalloc,object,64,1,1,basic,yes,7,8192,8.37708
1,jemalloc,object,64,1,1,basic,yes,7,8192,99.7467
1,mimalloc,shared_object,64,1,1,basic,yes,7,8192,15.2435
1,jemalloc,shared_object,64,1,1,basic,yes,7,8192,111.079
1,mimalloc,array,64,1,1,basic,yes,7,8192,9.61804
1,jemalloc,array,64,1,1,basic,yes,7,8192,102.941
1,mimalloc,std_vector,256,8,1,basic,yes,7,8192,77.123
1,jemalloc,std_vector,256,8,1,basic,yes,7,8192,697.815
1,mimalloc,pmr_vector,256,8,1,basic,yes,7,8192,99.589
1,jemalloc,pmr_vector,256,8,1,basic,yes,7,8192,704.89
1,standard,raw,64,64,1,disabled,no,7,8192,38.7115
1,mimalloc,raw,64,64,1,disabled,no,7,8192,6.84607
1,jemalloc,raw,64,64,1,disabled,no,7,8192,16.2557
1,standard,zeroed,64,64,1,disabled,no,7,8192,42.8619
1,mimalloc,zeroed,64,64,1,disabled,no,7,8192,9.95886
1,jemalloc,zeroed,64,64,1,disabled,no,7,8192,17.7408
1,standard,reallocate,64,64,1,disabled,no,7,8192,79.5593
1,mimalloc,reallocate,64,64,1,disabled,no,7,8192,15.2689
1,jemalloc,reallocate,64,64,1,disabled,no,7,8192,40.975
1,standard,reallocate_zeroed,64,64,1,disabled,no,7,8192,83.4198
1,mimalloc,reallocate_zeroed,64,64,1,disabled,no,7,8192,17.1459
1,jemalloc,reallocate_zeroed,64,64,1,disabled,no,7,8192,43.0653
1,standard,batch,64,64,1,disabled,no,7,8192,36.6262
1,mimalloc,batch,64,64,1,disabled,no,7,8192,6.09338
1,jemalloc,batch,64,64,1,disabled,no,7,8192,16.0471
1,standard,mixed_lifetime,64,64,1,disabled,no,7,8192,23.4222
1,mimalloc,mixed_lifetime,64,64,1,disabled,no,7,8192,7.76672
1,jemalloc,mixed_lifetime,64,64,1,disabled,no,7,8192,12.8429
1,standard,owned_block,64,64,1,disabled,no,7,8192,81.4667
1,mimalloc,owned_block,64,64,1,disabled,no,7,8192,16.8508
1,jemalloc,owned_block,64,64,1,disabled,no,7,8192,43.2485
1,mimalloc,raw,64,64,1,disabled,yes,7,8192,8.38733
1,jemalloc,raw,64,64,1,disabled,yes,7,8192,97.8801
1,mimalloc,zeroed,64,64,1,disabled,yes,7,8192,12.1206
1,jemalloc,zeroed,64,64,1,disabled,yes,7,8192,101.41
1,mimalloc,reallocate,64,64,1,disabled,yes,7,8192,17.0084
1,jemalloc,reallocate,64,64,1,disabled,yes,7,8192,213.297
1,mimalloc,reallocate_zeroed,64,64,1,disabled,yes,7,8192,18.8802
1,jemalloc,reallocate_zeroed,64,64,1,disabled,yes,7,8192,218.582
1,mimalloc,batch,64,64,1,disabled,yes,7,8192,7.604
1,jemalloc,batch,64,64,1,disabled,yes,7,8192,35.2631
1,mimalloc,mixed_lifetime,64,64,1,disabled,yes,7,8192,9.22131
1,jemalloc,mixed_lifetime,64,64,1,disabled,yes,7,8192,23.5342
1,mimalloc,owned_block,64,64,1,disabled,yes,7,8192,18.6514
1,jemalloc,owned_block,64,64,1,disabled,yes,7,8192,215.113
1,mimalloc,raw,64,64,1,basic,yes,7,8192,9.96912
1,jemalloc,raw,64,64,1,basic,yes,7,8192,101.049
1,mimalloc,zeroed,64,64,1,basic,yes,7,8192,14.3127
1,jemalloc,zeroed,64,64,1,basic,yes,7,8192,104.177
1,mimalloc,reallocate,64,64,1,basic,yes,7,8192,20.4366
1,jemalloc,reallocate,64,64,1,basic,yes,7,8192,218.206
1,mimalloc,reallocate_zeroed,64,64,1,basic,yes,7,8192,22.3083
1,jemalloc,reallocate_zeroed,64,64,1,basic,yes,7,8192,222.188
1,mimalloc,batch,64,64,1,basic,yes,7,8192,9.46558
1,jemalloc,batch,64,64,1,basic,yes,7,8192,37.6841
1,mimalloc,mixed_lifetime,64,64,1,basic,yes,7,8192,10.4167
1,jemalloc,mixed_lifetime,64,64,1,basic,yes,7,8192,24.3937
1,mimalloc,owned_block,64,64,1,basic,yes,7,8192,22.6338
1,jemalloc,owned_block,64,64,1,basic,yes,7,8192,219.035
1,standard,raw,64,256,1,disabled,no,7,8192,38.976
1,mimalloc,raw,64,256,1,disabled,no,7,8192,10.6863
1,jemalloc,raw,64,256,1,disabled,no,7,8192,16.5049
1,standard,zeroed,64,256,1,disabled,no,7,8192,43.1011
1,mimalloc,zeroed,64,256,1,disabled,no,7,8192,14.0635
1,jemalloc,zeroed,64,256,1,disabled,no,7,8192,19.0685
1,standard,reallocate,64,256,1,disabled,no,7,8192,79.8798
1,mimalloc,reallocate,64,256,1,disabled,no,7,8192,18.1021
1,jemalloc,reallocate,64,256,1,disabled,no,7,8192,35.8835
1,standard,reallocate_zeroed,64,256,1,disabled,no,7,8192,83.7504
1,mimalloc,reallocate_zeroed,64,256,1,disabled,no,7,8192,21.5302
1,jemalloc,reallocate_zeroed,64,256,1,disabled,no,7,8192,38.0911
1,standard,batch,64,256,1,disabled,no,7,8192,36.8652
1,mimalloc,batch,64,256,1,disabled,no,7,8192,9.51648
1,jemalloc,batch,64,256,1,disabled,no,7,8192,16.2303
1,standard,mixed_lifetime,64,256,1,disabled,no,7,8192,23.6614
1,mimalloc,mixed_lifetime,64,256,1,disabled,no,7,8192,11.3068
1,jemalloc,mixed_lifetime,64,256,1,disabled,no,7,8192,13.0106
1,standard,owned_block,64,256,1,disabled,no,7,8192,81.2073
1,mimalloc,owned_block,64,256,1,disabled,no,7,8192,22.1201
1,jemalloc,owned_block,64,256,1,disabled,no,7,8192,37.5061
1,mimalloc,raw,64,256,1,disabled,yes,7,8192,15.9861
1,jemalloc,raw,64,256,1,disabled,yes,7,8192,96.6644
1,mimalloc,zeroed,64,256,1,disabled,yes,7,8192,17.868
1,jemalloc,zeroed,64,256,1,disabled,yes,7,8192,99.9705
1,mimalloc,reallocate,64,256,1,disabled,yes,7,8192,23.7223
1,jemalloc,reallocate,64,256,1,disabled,yes,7,8192,116.648
1,mimalloc,reallocate_zeroed,64,256,1,disabled,yes,7,8192,25.3652
1,jemalloc,reallocate_zeroed,64,256,1,disabled,yes,7,8192,121.084
1,mimalloc,batch,64,256,1,disabled,yes,7,8192,12.0901
1,jemalloc,batch,64,256,1,disabled,yes,7,8192,34.7493
1,mimalloc,mixed_lifetime,64,256,1,disabled,yes,7,8192,12.324
1,jemalloc,mixed_lifetime,64,256,1,disabled,yes,7,8192,25.884
1,mimalloc,owned_block,64,256,1,disabled,yes,7,8192,25.7212
1,jemalloc,owned_block,64,256,1,disabled,yes,7,8192,118.49
1,mimalloc,raw,64,256,1,basic,yes,7,8192,17.3136
1,jemalloc,raw,64,256,1,basic,yes,7,8192,99.0347
1,mimalloc,zeroed,64,256,1,basic,yes,7,8192,20.0806
1,jemalloc,zeroed,64,256,1,basic,yes,7,8192,102.173
1,mimalloc,reallocate,64,256,1,basic,yes,7,8192,27.6438
1,jemalloc,reallocate,64,256,1,basic,yes,7,8192,121.267
1,mimalloc,reallocate_zeroed,64,256,1,basic,yes,7,8192,29.5513
1,jemalloc,reallocate_zeroed,64,256,1,basic,yes,7,8192,125.493
1,mimalloc,batch,64,256,1,basic,yes,7,8192,14.2416
1,jemalloc,batch,64,256,1,basic,yes,7,8192,36.972
1,mimalloc,mixed_lifetime,64,256,1,basic,yes,7,8192,13.6821
1,jemalloc,mixed_lifetime,64,256,1,basic,yes,7,8192,26.9724
1,mimalloc,owned_block,64,256,1,basic,yes,7,8192,29.7749
1,jemalloc,owned_block,64,256,1,basic,yes,7,8192,122.838
1,standard,raw,256,16,1,disabled,no,7,8192,38.9659
1,mimalloc,raw,256,16,1,disabled,no,7,8192,6.13916
1,jemalloc,raw,256,16,1,disabled,no,7,8192,16.5049
1,standard,zeroed,256,16,1,disabled,no,7,8192,42.3177
1,mimalloc,zeroed,256,16,1,disabled,no,7,8192,8.021
1,jemalloc,zeroed,256,16,1,disabled,no,7,8192,19.0634
1,standard,reallocate,256,16,1,disabled,no,7,8192,82.7839
1,mimalloc,reallocate,256,16,1,disabled,no,7,8192,20.1263
1,jemalloc,reallocate,256,16,1,disabled,no,7,8192,45.4916
1,standard,reallocate_zeroed,256,16,1,disabled,no,7,8192,86.7004
1,mimalloc,reallocate_zeroed,256,16,1,disabled,no,7,8192,22.2778
1,jemalloc,reallocate_zeroed,256,16,1,disabled,no,7,8192,48.0347
1,standard,batch,256,16,1,disabled,no,7,8192,36.8958
1,mimalloc,batch,256,16,1,disabled,no,7,8192,6.08826
1,jemalloc,batch,256,16,1,disabled,no,7,8192,16.2354
1,standard,mixed_lifetime,256,16,1,disabled,no,7,8192,23.8444
1,mimalloc,mixed_lifetime,256,16,1,disabled,no,7,8192,8.17358
1,jemalloc,mixed_lifetime,256,16,1,disabled,no,7,8192,13.3209
1,standard,owned_block,256,16,1,disabled,no,7,8192,84.1726
1,mimalloc,owned_block,256,16,1,disabled,no,7,8192,30.3854
1,jemalloc,owned_block,256,16,1,disabled,no,7,8192,47.9532
1,standard,typed_raw,256,1,1,disabled,no,7,8192,35.609
1,mimalloc,typed_raw,256,1,1,disabled,no,7,8192,5.45251
1,jemalloc,typed_raw,256,1,1,disabled,no,7,8192,15.4368
1,standard,array,256,1,1,disabled,no,7,8192,38.8539
1,mimalloc,array,256,1,1,disabled,no,7,8192,6.72913
1,jemalloc,array,256,1,1,disabled,no,7,8192,16.7948
1,mimalloc,raw,256,16,1,disabled,yes,7,8192,9.27222
1,jemalloc,raw,256,16,1,disabled,yes,7,8192,96.1914
1,mimalloc,zeroed,256,16,1,disabled,yes,7,8192,11.6932
1,jemalloc,zeroed,256,16,1,disabled,yes,7,8192,99.5026
1,mimalloc,reallocate,256,16,1,disabled,yes,7,8192,21.703
1,jemalloc,reallocate,256,16,1,disabled,yes,7,8192,211.975
1,mimalloc,reallocate_zeroed,256,16,1,disabled,yes,7,8192,23.6155
1,jemalloc,reallocate_zeroed,256,16,1,disabled,yes,7,8192,217.265
1,mimalloc,batch,256,16,1,disabled,yes,7,8192,7.65991
1,jemalloc,batch,256,16,1,disabled,yes,7,8192,34.6069
1,mimalloc,mixed_lifetime,256,16,1,disabled,yes,7,8192,9.59265
1,jemalloc,mixed_lifetime,256,16,1,disabled,yes,7,8192,24.7294
1,mimalloc,owned_block,256,16,1,disabled,yes,7,8192,26.1841
1,jemalloc,owned_block,256,16,1,disabled,yes,7,8192,213.435
1,mimalloc,typed_raw,256,1,1,disabled,yes,7,8192,7.57849
1,jemalloc,typed_raw,256,1,1,disabled,yes,7,8192,113.429
1,mimalloc,array,256,1,1,disabled,yes,7,8192,8.82983
1,jemalloc,array,256,1,1,disabled,yes,7,8192,106.466
1,mimalloc,raw,256,16,1,basic,yes,7,8192,11.7848
1,jemalloc,raw,256,16,1,basic,yes,7,8192,112.707
1,mimalloc,zeroed,256,16,1,basic,yes,7,8192,15.0452
1,jemalloc,zeroed,256,16,1,basic,yes,7,8192,109.965
1,mimalloc,reallocate,256,16,1,basic,yes,7,8192,26.5249
1,jemalloc,reallocate,256,16,1,basic,yes,7,8192,235.519
1,mimalloc,reallocate_zeroed,256,16,1,basic,yes,7,8192,26.8606
1,jemalloc,reallocate_zeroed,256,16,1,basic,yes,7,8192,221.105
1,mimalloc,batch,256,16,1,basic,yes,7,8192,9.52661
1,jemalloc,batch,256,16,1,basic,yes,7,8192,36.9568
1,mimalloc,mixed_lifetime,256,16,1,basic,yes,7,8192,11.0168
1,jemalloc,mixed_lifetime,256,16,1,basic,yes,7,8192,25.6704
1,mimalloc,owned_block,256,16,1,basic,yes,7,8192,27.5116
1,jemalloc,owned_block,256,16,1,basic,yes,7,8192,218.353
1,mimalloc,typed_raw,256,1,1,basic,yes,7,8192,9.19092
1,jemalloc,typed_raw,256,1,1,basic,yes,7,8192,98.1598
1,mimalloc,array,256,1,1,basic,yes,7,8192,10.7117
1,jemalloc,array,256,1,1,basic,yes,7,8192,100.754
1,standard,raw,256,64,1,disabled,no,7,8192,38.9658
1,mimalloc,raw,256,64,1,disabled,no,7,8192,6.13916
1,jemalloc,raw,256,64,1,disabled,no,7,8192,16.5049
1,standard,zeroed,256,64,1,disabled,no,7,8192,42.3228
1,mimalloc,zeroed,256,64,1,disabled,no,7,8192,8.01599
1,jemalloc,zeroed,256,64,1,disabled,no,7,8192,19.0685
1,standard,reallocate,256,64,1,disabled,no,7,8192,82.7738
1,mimalloc,reallocate,256,64,1,disabled,no,7,8192,18.3105
1,jemalloc,reallocate,256,64,1,disabled,no,7,8192,45.4814
1,standard,reallocate_zeroed,256,64,1,disabled,no,7,8192,86.7207
1,mimalloc,reallocate_zeroed,256,64,1,disabled,no,7,8192,20.2534
1,jemalloc,reallocate_zeroed,256,64,1,disabled,no,7,8192,48.0601
1,standard,batch,256,64,1,disabled,no,7,8192,36.9314
1,mimalloc,batch,256,64,1,disabled,no,7,8192,6.08826
1,jemalloc,batch,256,64,1,disabled,no,7,8192,16.2404
1,standard,mixed_lifetime,256,64,1,disabled,no,7,8192,23.9614
1,mimalloc,mixed_lifetime,256,64,1,disabled,no,7,8192,8.2041
1,jemalloc,mixed_lifetime,256,64,1,disabled,no,7,8192,13.3311
1,standard,owned_block,256,64,1,disabled,no,7,8192,84.1777
1,mimalloc,owned_block,256,64,1,disabled,no,7,8192,30.3802
1,jemalloc,owned_block,256,64,1,disabled,no,7,8192,47.9534
1,mimalloc,raw,256,64,1,disabled,yes,7,8192,9.26709
1,jemalloc,raw,256,64,1,disabled,yes,7,8192,96.2168
1,mimalloc,zeroed,256,64,1,disabled,yes,7,8192,11.6934
1,jemalloc,zeroed,256,64,1,disabled,yes,7,8192,99.4568
1,mimalloc,reallocate,256,64,1,disabled,yes,7,8192,21.7081
1,jemalloc,reallocate,256,64,1,disabled,yes,7,8192,211.7
1,mimalloc,reallocate_zeroed,256,64,1,disabled,yes,7,8192,23.6156
1,jemalloc,reallocate_zeroed,256,64,1,disabled,yes,7,8192,217.209
1,mimalloc,batch,256,64,1,disabled,yes,7,8192,7.64978
1,jemalloc,batch,256,64,1,disabled,yes,7,8192,34.8104
1,mimalloc,mixed_lifetime,256,64,1,disabled,yes,7,8192,9.56726
1,jemalloc,mixed_lifetime,256,64,1,disabled,yes,7,8192,26.6368
1,mimalloc,owned_block,256,64,1,disabled,yes,7,8192,26.2858
1,jemalloc,owned_block,256,64,1,disabled,yes,7,8192,213.547
1,mimalloc,raw,256,64,1,basic,yes,7,8192,10.8898
1,jemalloc,raw,256,64,1,basic,yes,7,8192,98.9735
1,mimalloc,zeroed,256,64,1,basic,yes,7,8192,13.9821
1,jemalloc,zeroed,256,64,1,basic,yes,7,8192,102.137
1,mimalloc,reallocate,256,64,1,basic,yes,7,8192,24.6785
1,jemalloc,reallocate,256,64,1,basic,yes,7,8192,216.268
1,mimalloc,reallocate_zeroed,256,64,1,basic,yes,7,8192,26.8352
1,jemalloc,reallocate_zeroed,256,64,1,basic,yes,7,8192,221.41
1,mimalloc,batch,256,64,1,basic,yes,7,8192,9.49609
1,jemalloc,batch,256,64,1,basic,yes,7,8192,36.9568
1,mimalloc,mixed_lifetime,256,64,1,basic,yes,7,8192,10.9456
1,jemalloc,mixed_lifetime,256,64,1,basic,yes,7,8192,25.6296
1,mimalloc,owned_block,256,64,1,basic,yes,7,8192,27.6285
1,jemalloc,owned_block,256,64,1,basic,yes,7,8192,218.17
1,standard,raw,256,256,1,disabled,no,7,8192,38.9761
1,mimalloc,raw,256,256,1,disabled,no,7,8192,6.13904
1,jemalloc,raw,256,256,1,disabled,no,7,8192,16.5049
1,standard,zeroed,256,256,1,disabled,no,7,8192,42.3279
1,mimalloc,zeroed,256,256,1,disabled,no,7,8192,8.01587
1,jemalloc,zeroed,256,256,1,disabled,no,7,8192,19.0634
1,standard,reallocate,256,256,1,disabled,no,7,8192,82.7587
1,mimalloc,reallocate,256,256,1,disabled,no,7,8192,18.3105
1,jemalloc,reallocate,256,256,1,disabled,no,7,8192,45.4813
1,standard,reallocate_zeroed,256,256,1,disabled,no,7,8192,86.7106
1,mimalloc,reallocate_zeroed,256,256,1,disabled,no,7,8192,20.2484
1,jemalloc,reallocate_zeroed,256,256,1,disabled,no,7,8192,48.0398
1,standard,batch,256,256,1,disabled,no,7,8192,36.9211
1,mimalloc,batch,256,256,1,disabled,no,7,8192,6.08826
1,jemalloc,batch,256,256,1,disabled,no,7,8192,16.2557
1,standard,mixed_lifetime,256,256,1,disabled,no,7,8192,23.9462
1,mimalloc,mixed_lifetime,256,256,1,disabled,no,7,8192,8.74329
1,jemalloc,mixed_lifetime,256,256,1,disabled,no,7,8192,13.2853
1,standard,owned_block,256,256,1,disabled,no,7,8192,84.2997
1,mimalloc,owned_block,256,256,1,disabled,no,7,8192,30.3091
1,jemalloc,owned_block,256,256,1,disabled,no,7,8192,47.9482
1,mimalloc,raw,256,256,1,disabled,yes,7,8192,9.25696
1,jemalloc,raw,256,256,1,disabled,yes,7,8192,96.5627
1,mimalloc,zeroed,256,256,1,disabled,yes,7,8192,11.7086
1,jemalloc,zeroed,256,256,1,disabled,yes,7,8192,99.5687
1,mimalloc,reallocate,256,256,1,disabled,yes,7,8192,22.4712
1,jemalloc,reallocate,256,256,1,disabled,yes,7,8192,218.475
1,mimalloc,reallocate_zeroed,256,256,1,disabled,yes,7,8192,24.4751
1,jemalloc,reallocate_zeroed,256,256,1,disabled,yes,7,8192,234.599
1,mimalloc,batch,256,256,1,disabled,yes,7,8192,7.91431
1,jemalloc,batch,256,256,1,disabled,yes,7,8192,37.9841
1,mimalloc,mixed_lifetime,256,256,1,disabled,yes,7,8192,11.266
1,jemalloc,mixed_lifetime,256,256,1,disabled,yes,7,8192,27.4048
1,mimalloc,owned_block,256,256,1,disabled,yes,7,8192,29.2256
1,jemalloc,owned_block,256,256,1,disabled,yes,7,8192,232.971
1,mimalloc,raw,256,256,1,basic,yes,7,8192,11.2814
1,jemalloc,raw,256,256,1,basic,yes,7,8192,105.189
1,mimalloc,zeroed,256,256,1,basic,yes,7,8192,15.5182
1,jemalloc,zeroed,256,256,1,basic,yes,7,8192,115.987
1,mimalloc,reallocate,256,256,1,basic,yes,7,8192,27.6337
1,jemalloc,reallocate,256,256,1,basic,yes,7,8192,235.708
1,mimalloc,reallocate_zeroed,256,256,1,basic,yes,7,8192,27.8728
1,jemalloc,reallocate_zeroed,256,256,1,basic,yes,7,8192,240.662
1,mimalloc,batch,256,256,1,basic,yes,7,8192,10.3405
1,jemalloc,batch,256,256,1,basic,yes,7,8192,41.7125
1,mimalloc,mixed_lifetime,256,256,1,basic,yes,7,8192,12.965
1,jemalloc,mixed_lifetime,256,256,1,basic,yes,7,8192,28.0201
1,mimalloc,owned_block,256,256,1,basic,yes,7,8192,30.7363
1,jemalloc,owned_block,256,256,1,basic,yes,7,8192,239.588
1,standard,raw,4096,16,1,disabled,no,7,8192,50.1404
1,mimalloc,raw,4096,16,1,disabled,no,7,8192,16.9423
1,jemalloc,raw,4096,16,1,disabled,no,7,8192,24.058
1,standard,zeroed,4096,16,1,disabled,no,7,8192,85.6882
1,mimalloc,zeroed,4096,16,1,disabled,no,7,8192,71.467
1,jemalloc,zeroed,4096,16,1,disabled,no,7,8192,72.6471
1,standard,reallocate,4096,16,1,disabled,no,7,8192,186.101
1,mimalloc,reallocate,4096,16,1,disabled,no,7,8192,104.467
1,jemalloc,reallocate,4096,16,1,disabled,no,7,8192,130.315
1,standard,reallocate_zeroed,4096,16,1,disabled,no,7,8192,217.555
1,mimalloc,reallocate_zeroed,4096,16,1,disabled,no,7,8192,137.924
1,jemalloc,reallocate_zeroed,4096,16,1,disabled,no,7,8192,166.896
1,standard,batch,4096,16,1,disabled,no,7,8192,77.2705
1,mimalloc,batch,4096,16,1,disabled,no,7,8192,49.4486
1,jemalloc,batch,4096,16,1,disabled,no,7,8192,55.7098
1,standard,mixed_lifetime,4096,16,1,disabled,no,7,8192,37.9894
1,mimalloc,mixed_lifetime,4096,16,1,disabled,no,7,8192,21.937
1,jemalloc,mixed_lifetime,4096,16,1,disabled,no,7,8192,25.8383
1,standard,owned_block,4096,16,1,disabled,no,7,8192,181.6
1,mimalloc,owned_block,4096,16,1,disabled,no,7,8192,106.45
1,jemalloc,owned_block,4096,16,1,disabled,no,7,8192,131.571
1,standard,typed_raw,4096,1,1,disabled,no,7,8192,44.3878
1,mimalloc,typed_raw,4096,1,1,disabled,no,7,8192,12.8021
1,jemalloc,typed_raw,4096,1,1,disabled,no,7,8192,21.0266
1,standard,array,4096,1,1,disabled,no,7,8192,85.5408
1,mimalloc,array,4096,1,1,disabled,no,7,8192,54.3162
1,jemalloc,array,4096,1,1,disabled,no,7,8192,64.4124
1,mimalloc,raw,4096,16,1,disabled,yes,7,8192,19.5618
1,jemalloc,raw,4096,16,1,disabled,yes,7,8192,112.411
1,mimalloc,zeroed,4096,16,1,disabled,yes,7,8192,67.3218
1,jemalloc,zeroed,4096,16,1,disabled,yes,7,8192,171.692
1,mimalloc,reallocate,4096,16,1,disabled,yes,7,8192,108.302
1,jemalloc,reallocate,4096,16,1,disabled,yes,7,8192,335.78
1,mimalloc,reallocate_zeroed,4096,16,1,disabled,yes,7,8192,143.58
1,jemalloc,reallocate_zeroed,4096,16,1,disabled,yes,7,8192,376.963
1,mimalloc,batch,4096,16,1,disabled,yes,7,8192,48.5178
1,jemalloc,batch,4096,16,1,disabled,yes,7,8192,68.7358
1,mimalloc,mixed_lifetime,4096,16,1,disabled,yes,7,8192,23.824
1,jemalloc,mixed_lifetime,4096,16,1,disabled,yes,7,8192,64.8906
1,mimalloc,owned_block,4096,16,1,disabled,yes,7,8192,104.065
1,jemalloc,owned_block,4096,16,1,disabled,yes,7,8192,329.346
1,mimalloc,typed_raw,4096,1,1,disabled,yes,7,8192,12.4004
1,jemalloc,typed_raw,4096,1,1,disabled,yes,7,8192,104.329
1,mimalloc,array,4096,1,1,disabled,yes,7,8192,56.7932
1,jemalloc,array,4096,1,1,disabled,yes,7,8192,148.031
1,mimalloc,raw,4096,16,1,basic,yes,7,8192,22.4863
1,jemalloc,raw,4096,16,1,basic,yes,7,8192,112.539
1,mimalloc,zeroed,4096,16,1,basic,yes,7,8192,66.0197
1,jemalloc,zeroed,4096,16,1,basic,yes,7,8192,169.724
1,mimalloc,reallocate,4096,16,1,basic,yes,7,8192,105.011
1,jemalloc,reallocate,4096,16,1,basic,yes,7,8192,322.042
1,mimalloc,reallocate_zeroed,4096,16,1,basic,yes,7,8192,141.754
1,jemalloc,reallocate_zeroed,4096,16,1,basic,yes,7,8192,385.33
1,mimalloc,batch,4096,16,1,basic,yes,7,8192,50.6084
1,jemalloc,batch,4096,16,1,basic,yes,7,8192,72.3724
1,mimalloc,mixed_lifetime,4096,16,1,basic,yes,7,8192,24.114
1,jemalloc,mixed_lifetime,4096,16,1,basic,yes,7,8192,64.1174
1,mimalloc,owned_block,4096,16,1,basic,yes,7,8192,107.173
1,jemalloc,owned_block,4096,16,1,basic,yes,7,8192,323.578
1,mimalloc,typed_raw,4096,1,1,basic,yes,7,8192,15.1978
1,jemalloc,typed_raw,4096,1,1,basic,yes,7,8192,108.953
1,mimalloc,array,4096,1,1,basic,yes,7,8192,61.3912
1,jemalloc,array,4096,1,1,basic,yes,7,8192,165.497
1,standard,raw,4096,64,1,disabled,no,7,8192,47.6125
1,mimalloc,raw,4096,64,1,disabled,no,7,8192,17.2627
1,jemalloc,raw,4096,64,1,disabled,no,7,8192,23.0255
1,standard,zeroed,4096,64,1,disabled,no,7,8192,89.859
1,mimalloc,zeroed,4096,64,1,disabled,no,7,8192,58.2937
1,jemalloc,zeroed,4096,64,1,disabled,no,7,8192,70.928
1,standard,reallocate,4096,64,1,disabled,no,7,8192,180.883
1,mimalloc,reallocate,4096,64,1,disabled,no,7,8192,98.3429
1,jemalloc,reallocate,4096,64,1,disabled,no,7,8192,133.84
1,standard,reallocate_zeroed,4096,64,1,disabled,no,7,8192,216.237
1,mimalloc,reallocate_zeroed,4096,64,1,disabled,no,7,8192,138.575
1,jemalloc,reallocate_zeroed,4096,64,1,disabled,no,7,8192,177.089
1,standard,batch,4096,64,1,disabled,no,7,8192,79.7018
1,mimalloc,batch,4096,64,1,disabled,no,7,8192,43.4062
1,jemalloc,batch,4096,64,1,disabled,no,7,8192,54.1229
1,standard,mixed_lifetime,4096,64,1,disabled,no,7,8192,37.9894
1,mimalloc,mixed_lifetime,4096,64,1,disabled,no,7,8192,21.9269
1,jemalloc,mixed_lifetime,4096,64,1,disabled,no,7,8192,24.6937
1,standard,owned_block,4096,64,1,disabled,no,7,8192,180.959
1,mimalloc,owned_block,4096,64,1,disabled,no,7,8192,106.7
1,jemalloc,owned_block,4096,64,1,disabled,no,7,8192,135.295
1,mimalloc,raw,4096,64,1,disabled,yes,7,8192,19.3126
1,jemalloc,raw,4096,64,1,disabled,yes,7,8192,110.992
1,mimalloc,zeroed,4096,64,1,disabled,yes,7,8192,64.7787
1,jemalloc,zeroed,4096,64,1,disabled,yes,7,8192,160.09
1,mimalloc,reallocate,4096,64,1,disabled,yes,7,8192,100.632
1,jemalloc,reallocate,4096,64,1,disabled,yes,7,8192,319.046
1,mimalloc,reallocate_zeroed,4096,64,1,disabled,yes,7,8192,129.171
1,jemalloc,reallocate_zeroed,4096,64,1,disabled,yes,7,8192,320.663
1,mimalloc,batch,4096,64,1,disabled,yes,7,8192,46.3206
1,jemalloc,batch,4096,64,1,disabled,yes,7,8192,64.1327
1,mimalloc,mixed_lifetime,4096,64,1,disabled,yes,7,8192,22.2168
1,jemalloc,mixed_lifetime,4096,64,1,disabled,yes,7,8192,58.7006
1,mimalloc,owned_block,4096,64,1,disabled,yes,7,8192,96.3083
1,jemalloc,owned_block,4096,64,1,disabled,yes,7,8192,283.285
1,mimalloc,raw,4096,64,1,basic,yes,7,8192,20.0297
1,jemalloc,raw,4096,64,1,basic,yes,7,8192,103.282
1,mimalloc,zeroed,4096,64,1,basic,yes,7,8192,61.6252
1,jemalloc,zeroed,4096,64,1,basic,yes,7,8192,144.46
1,mimalloc,reallocate,4096,64,1,basic,yes,7,8192,98.4344
1,jemalloc,reallocate,4096,64,1,basic,yes,7,8192,285.792
1,mimalloc,reallocate_zeroed,4096,64,1,basic,yes,7,8192,132.69
1,jemalloc,reallocate_zeroed,4096,64,1,basic,yes,7,8192,324.636
1,mimalloc,batch,4096,64,1,basic,yes,7,8192,49.296
1,jemalloc,batch,4096,64,1,basic,yes,7,8192,65.6942
1,mimalloc,mixed_lifetime,4096,64,1,basic,yes,7,8192,23.3256
1,jemalloc,mixed_lifetime,4096,64,1,basic,yes,7,8192,60.4248
1,mimalloc,owned_block,4096,64,1,basic,yes,7,8192,100.281
1,jemalloc,owned_block,4096,64,1,basic,yes,7,8192,287.959
1,standard,raw,4096,256,1,disabled,no,7,8192,44.3573
1,mimalloc,raw,4096,256,1,disabled,no,7,8192,15.7979
1,jemalloc,raw,4096,256,1,disabled,no,7,8192,21.3623
1,standard,zeroed,4096,256,1,disabled,no,7,8192,82.6925
1,mimalloc,zeroed,4096,256,1,disabled,no,7,8192,55.8522
1,jemalloc,zeroed,4096,256,1,disabled,no,7,8192,64.9567
1,standard,reallocate,4096,256,1,disabled,no,7,8192,165.594
1,mimalloc,reallocate,4096,256,1,disabled,no,7,8192,93.5923
1,jemalloc,reallocate,4096,256,1,disabled,no,7,8192,121.231
1,standard,reallocate_zeroed,4096,256,1,disabled,no,7,8192,203.369
1,mimalloc,reallocate_zeroed,4096,256,1,disabled,no,7,8192,126.592
1,jemalloc,reallocate_zeroed,4096,256,1,disabled,no,7,8192,151.276
1,standard,batch,4096,256,1,disabled,no,7,8192,75.5665
1,mimalloc,batch,4096,256,1,disabled,no,7,8192,43.8385
1,jemalloc,batch,4096,256,1,disabled,no,7,8192,52.1342
1,standard,mixed_lifetime,4096,256,1,disabled,no,7,8192,34.0374
1,mimalloc,mixed_lifetime,4096,256,1,disabled,no,7,8192,20.8079
1,jemalloc,mixed_lifetime,4096,256,1,disabled,no,7,8192,22.583
1,standard,owned_block,4096,256,1,disabled,no,7,8192,168.218
1,mimalloc,owned_block,4096,256,1,disabled,no,7,8192,94.7673
1,jemalloc,owned_block,4096,256,1,disabled,no,7,8192,117.854
1,mimalloc,raw,4096,256,1,disabled,yes,7,8192,17.222
1,jemalloc,raw,4096,256,1,disabled,yes,7,8192,100.789
1,mimalloc,zeroed,4096,256,1,disabled,yes,7,8192,58.1716
1,jemalloc,zeroed,4096,256,1,disabled,yes,7,8192,141.739
1,mimalloc,reallocate,4096,256,1,disabled,yes,7,8192,94.9097
1,jemalloc,reallocate,4096,256,1,disabled,yes,7,8192,281.484
1,mimalloc,reallocate_zeroed,4096,256,1,disabled,yes,7,8192,128.688
1,jemalloc,reallocate_zeroed,4096,256,1,disabled,yes,7,8192,319.845
1,mimalloc,batch,4096,256,1,disabled,yes,7,8192,46.4224
1,jemalloc,batch,4096,256,1,disabled,yes,7,8192,63.6444
1,mimalloc,mixed_lifetime,4096,256,1,disabled,yes,7,8192,22.0184
1,jemalloc,mixed_lifetime,4096,256,1,disabled,yes,7,8192,59.0719
1,mimalloc,owned_block,4096,256,1,disabled,yes,7,8192,96.1863
1,jemalloc,owned_block,4096,256,1,disabled,yes,7,8192,283.59
1,mimalloc,raw,4096,256,1,basic,yes,7,8192,20.0297
1,jemalloc,raw,4096,256,1,basic,yes,7,8192,103.302
1,mimalloc,zeroed,4096,256,1,basic,yes,7,8192,62.1796
1,jemalloc,zeroed,4096,256,1,basic,yes,7,8192,144.455
1,mimalloc,reallocate,4096,256,1,basic,yes,7,8192,98.4091
1,jemalloc,reallocate,4096,256,1,basic,yes,7,8192,285.304
1,mimalloc,reallocate_zeroed,4096,256,1,basic,yes,7,8192,132.66
1,jemalloc,reallocate_zeroed,4096,256,1,basic,yes,7,8192,324.036
1,mimalloc,batch,4096,256,1,basic,yes,7,8192,49.3723
1,jemalloc,batch,4096,256,1,basic,yes,7,8192,65.8977
1,mimalloc,mixed_lifetime,4096,256,1,basic,yes,7,8192,23.295
1,jemalloc,mixed_lifetime,4096,256,1,basic,yes,7,8192,60.2621
1,mimalloc,owned_block,4096,256,1,basic,yes,7,8192,100.016
1,jemalloc,owned_block,4096,256,1,basic,yes,7,8192,287.292
1,standard,raw,65536,16,1,disabled,no,7,8192,253.871
1,mimalloc,raw,65536,16,1,disabled,no,7,8192,16.5964
1,jemalloc,raw,65536,16,1,disabled,no,7,8192,221.568
1,standard,zeroed,65536,16,1,disabled,no,7,8192,1014.05
1,mimalloc,zeroed,65536,16,1,disabled,no,7,8192,901.118
1,jemalloc,zeroed,65536,16,1,disabled,no,7,8192,1054.74
1,standard,reallocate,65536,16,1,disabled,no,7,8192,1897.19
1,mimalloc,reallocate,65536,16,1,disabled,no,7,8192,1814.76
1,jemalloc,reallocate,65536,16,1,disabled,no,7,8192,382.451
1,standard,reallocate_zeroed,65536,16,1,disabled,no,7,8192,2513.33
1,mimalloc,reallocate_zeroed,65536,16,1,disabled,no,7,8192,2481.52
1,jemalloc,reallocate_zeroed,65536,16,1,disabled,no,7,8192,1141.78
1,standard,batch,65536,16,1,disabled,no,7,8192,270.213
1,mimalloc,batch,65536,16,1,disabled,no,7,8192,126.76
1,jemalloc,batch,65536,16,1,disabled,no,7,8192,238.286
1,standard,mixed_lifetime,65536,16,1,disabled,no,7,8192,180.313
1,mimalloc,mixed_lifetime,65536,16,1,disabled,no,7,8192,33.1167
1,jemalloc,mixed_lifetime,65536,16,1,disabled,no,7,8192,170.313
1,standard,owned_block,65536,16,1,disabled,no,7,8192,1528.26
1,mimalloc,owned_block,65536,16,1,disabled,no,7,8192,1487.7
1,jemalloc,owned_block,65536,16,1,disabled,no,7,8192,404.597
1,standard,typed_raw,65536,1,1,disabled,no,7,8192,277.751
1,mimalloc,typed_raw,65536,1,1,disabled,no,7,8192,11.6425
1,jemalloc,typed_raw,65536,1,1,disabled,no,7,8192,243.495
1,standard,array,65536,1,1,disabled,no,7,8192,876.841
1,mimalloc,array,65536,1,1,disabled,no,7,8192,528.163
1,jemalloc,array,65536,1,1,disabled,no,7,8192,834.101
1,mimalloc,raw,65536,16,1,disabled,yes,7,8192,18.7988
1,jemalloc,raw,65536,16,1,disabled,yes,7,8192,165.141
1,mimalloc,zeroed,65536,16,1,disabled,yes,7,8192,901.057
1,jemalloc,zeroed,65536,16,1,disabled,yes,7,8192,988.403
1,mimalloc,reallocate,65536,16,1,disabled,yes,7,8192,1800.79
1,jemalloc,reallocate,65536,16,1,disabled,yes,7,8192,330.755
1,mimalloc,reallocate_zeroed,65536,16,1,disabled,yes,7,8192,2480.39
1,jemalloc,reallocate_zeroed,65536,16,1,disabled,yes,7,8192,1126.91
1,mimalloc,batch,65536,16,1,disabled,yes,7,8192,129.405
1,jemalloc,batch,65536,16,1,disabled,yes,7,8192,252.594
1,mimalloc,mixed_lifetime,65536,16,1,disabled,yes,7,8192,32.9387
1,jemalloc,mixed_lifetime,65536,16,1,disabled,yes,7,8192,237.172
1,mimalloc,owned_block,65536,16,1,disabled,yes,7,8192,1371.98
1,jemalloc,owned_block,65536,16,1,disabled,yes,7,8192,335.068
1,mimalloc,typed_raw,65536,1,1,disabled,yes,7,8192,11.9985
1,jemalloc,typed_raw,65536,1,1,disabled,yes,7,8192,168.94
1,mimalloc,array,65536,1,1,disabled,yes,7,8192,503.22
1,jemalloc,array,65536,1,1,disabled,yes,7,8192,760.483
1,mimalloc,raw,65536,16,1,basic,yes,7,8192,21.2961
1,jemalloc,raw,65536,16,1,basic,yes,7,8192,167.831
1,mimalloc,zeroed,65536,16,1,basic,yes,7,8192,889.933
1,jemalloc,zeroed,65536,16,1,basic,yes,7,8192,994.232
1,mimalloc,reallocate,65536,16,1,basic,yes,7,8192,1284.55
1,jemalloc,reallocate,65536,16,1,basic,yes,7,8192,346.441
1,mimalloc,reallocate_zeroed,65536,16,1,basic,yes,7,8192,1807.52
1,jemalloc,reallocate_zeroed,65536,16,1,basic,yes,7,8192,1108.84
1,mimalloc,batch,65536,16,1,basic,yes,7,8192,135.239
1,jemalloc,batch,65536,16,1,basic,yes,7,8192,255.412
1,mimalloc,mixed_lifetime,65536,16,1,basic,yes,7,8192,34.2815
1,jemalloc,mixed_lifetime,65536,16,1,basic,yes,7,8192,268.56
1,mimalloc,owned_block,65536,16,1,basic,yes,7,8192,1276.15
1,jemalloc,owned_block,65536,16,1,basic,yes,7,8192,335.337
1,mimalloc,typed_raw,65536,1,1,basic,yes,7,8192,14.7705
1,jemalloc,typed_raw,65536,1,1,basic,yes,7,8192,170.654
1,mimalloc,array,65536,1,1,basic,yes,7,8192,621.028
1,jemalloc,array,65536,1,1,basic,yes,7,8192,971.67
1,standard,raw,65536,64,1,disabled,no,7,8192,272.614
1,mimalloc,raw,65536,64,1,disabled,no,7,8192,16.6067
1,jemalloc,raw,65536,64,1,disabled,no,7,8192,239.96
1,standard,zeroed,65536,64,1,disabled,no,7,8192,1030.88
1,mimalloc,zeroed,65536,64,1,disabled,no,7,8192,900.197
1,jemalloc,zeroed,65536,64,1,disabled,no,7,8192,1056.52
1,standard,reallocate,65536,64,1,disabled,no,7,8192,1756.88
1,mimalloc,reallocate,65536,64,1,disabled,no,7,8192,1800.77
1,jemalloc,reallocate,65536,64,1,disabled,no,7,8192,399.902
1,standard,reallocate_zeroed,65536,64,1,disabled,no,7,8192,2045.96
1,mimalloc,reallocate_zeroed,65536,64,1,disabled,no,7,8192,2480.22
1,jemalloc,reallocate_zeroed,65536,64,1,disabled,no,7,8192,885.717
1,standard,batch,65536,64,1,disabled,no,7,8192,279.322
1,mimalloc,batch,65536,64,1,disabled,no,7,8192,132.395
1,jemalloc,batch,65536,64,1,disabled,no,7,8192,250.778
1,standard,mixed_lifetime,65536,64,1,disabled,no,7,8192,178.508
1,mimalloc,mixed_lifetime,65536,64,1,disabled,no,7,8192,32.5928
1,jemalloc,mixed_lifetime,65536,64,1,disabled,no,7,8192,167.669
1,standard,owned_block,65536,64,1,disabled,no,7,8192,1522.47
1,mimalloc,owned_block,65536,64,1,disabled,no,7,8192,1506.95
1,jemalloc,owned_block,65536,64,1,disabled,no,7,8192,404.18
1,mimalloc,raw,65536,64,1,disabled,yes,7,8192,19.516
1,jemalloc,raw,65536,64,1,disabled,yes,7,8192,172.307
1,mimalloc,zeroed,65536,64,1,disabled,yes,7,8192,649.124
1,jemalloc,zeroed,65536,64,1,disabled,yes,7,8192,775.645
1,mimalloc,reallocate,65536,64,1,disabled,yes,7,8192,1866.71
1,jemalloc,reallocate,65536,64,1,disabled,yes,7,8192,330.119
1,mimalloc,reallocate_zeroed,65536,64,1,disabled,yes,7,8192,1989.32
1,jemalloc,reallocate_zeroed,65536,64,1,disabled,yes,7,8192,1017.95
1,mimalloc,batch,65536,64,1,disabled,yes,7,8192,153.397
1,jemalloc,batch,65536,64,1,disabled,yes,7,8192,282.155
1,mimalloc,mixed_lifetime,65536,64,1,disabled,yes,7,8192,36.8958
1,jemalloc,mixed_lifetime,65536,64,1,disabled,yes,7,8192,296.499
1,mimalloc,owned_block,65536,64,1,disabled,yes,7,8192,1405.39
1,jemalloc,owned_block,65536,64,1,disabled,yes,7,8192,367.523
1,mimalloc,raw,65536,64,1,basic,yes,7,8192,22.7356
1,jemalloc,raw,65536,64,1,basic,yes,7,8192,186.788
1,mimalloc,zeroed,65536,64,1,basic,yes,7,8192,723.531
1,jemalloc,zeroed,65536,64,1,basic,yes,7,8192,880.341
1,mimalloc,reallocate,65536,64,1,basic,yes,7,8192,1257.86
1,jemalloc,reallocate,65536,64,1,basic,yes,7,8192,334.137
1,mimalloc,reallocate_zeroed,65536,64,1,basic,yes,7,8192,1976.22
1,jemalloc,reallocate_zeroed,65536,64,1,basic,yes,7,8192,1029.42
1,mimalloc,batch,65536,64,1,basic,yes,7,8192,151.886
1,jemalloc,batch,65536,64,1,basic,yes,7,8192,279.241
1,mimalloc,mixed_lifetime,65536,64,1,basic,yes,7,8192,38.8743
1,jemalloc,mixed_lifetime,65536,64,1,basic,yes,7,8192,251.124
1,mimalloc,owned_block,65536,64,1,basic,yes,7,8192,1420.47
1,jemalloc,owned_block,65536,64,1,basic,yes,7,8192,365.779
1,standard,raw,65536,256,1,disabled,no,7,8192,282.333
1,mimalloc,raw,65536,256,1,disabled,no,7,8192,21.4285
1,jemalloc,raw,65536,256,1,disabled,no,7,8192,247.564
1,standard,zeroed,65536,256,1,disabled,no,7,8192,817.846
1,mimalloc,zeroed,65536,256,1,disabled,no,7,8192,704.941
1,jemalloc,zeroed,65536,256,1,disabled,no,7,8192,931.295
1,standard,reallocate,65536,256,1,disabled,no,7,8192,1499.05
1,mimalloc,reallocate,65536,256,1,disabled,no,7,8192,1321.24
1,jemalloc,reallocate,65536,256,1,disabled,no,7,8192,383.769
1,standard,reallocate_zeroed,65536,256,1,disabled,no,7,8192,1884.31
1,mimalloc,reallocate_zeroed,65536,256,1,disabled,no,7,8192,2162.28
1,jemalloc,reallocate_zeroed,65536,256,1,disabled,no,7,8192,896.937
1,standard,batch,65536,256,1,disabled,no,7,8192,273.056
1,mimalloc,batch,65536,256,1,disabled,no,7,8192,130.92
1,jemalloc,batch,65536,256,1,disabled,no,7,8192,243.459
1,standard,mixed_lifetime,65536,256,1,disabled,no,7,8192,174.657
1,mimalloc,mixed_lifetime,65536,256,1,disabled,no,7,8192,32.4707
1,jemalloc,mixed_lifetime,65536,256,1,disabled,no,7,8192,162.176
1,standard,owned_block,65536,256,1,disabled,no,7,8192,1526.1
1,mimalloc,owned_block,65536,256,1,disabled,no,7,8192,1491.91
1,jemalloc,owned_block,65536,256,1,disabled,no,7,8192,398.178
1,mimalloc,raw,65536,256,1,disabled,yes,7,8192,18.7836
1,jemalloc,raw,65536,256,1,disabled,yes,7,8192,166.112
1,mimalloc,zeroed,65536,256,1,disabled,yes,7,8192,628.83
1,jemalloc,zeroed,65536,256,1,disabled,yes,7,8192,777.11
1,mimalloc,reallocate,65536,256,1,disabled,yes,7,8192,1797.54
1,jemalloc,reallocate,65536,256,1,disabled,yes,7,8192,330.109
1,mimalloc,reallocate_zeroed,65536,256,1,disabled,yes,7,8192,2507.57
1,jemalloc,reallocate_zeroed,65536,256,1,disabled,yes,7,8192,1133.62
1,mimalloc,batch,65536,256,1,disabled,yes,7,8192,132.894
1,jemalloc,batch,65536,256,1,disabled,yes,7,8192,253.901
1,mimalloc,mixed_lifetime,65536,256,1,disabled,yes,7,8192,32.542
1,jemalloc,mixed_lifetime,65536,256,1,disabled,yes,7,8192,228.399
1,mimalloc,owned_block,65536,256,1,disabled,yes,7,8192,1255.34
1,jemalloc,owned_block,65536,256,1,disabled,yes,7,8192,331.665
1,mimalloc,raw,65536,256,1,basic,yes,7,8192,21.3522
1,jemalloc,raw,65536,256,1,basic,yes,7,8192,167.775
1,mimalloc,zeroed,65536,256,1,basic,yes,7,8192,897.135
1,jemalloc,zeroed,65536,256,1,basic,yes,7,8192,993.891
1,mimalloc,reallocate,65536,256,1,basic,yes,7,8192,1465.15
1,jemalloc,reallocate,65536,256,1,basic,yes,7,8192,332.86
1,mimalloc,reallocate_zeroed,65536,256,1,basic,yes,7,8192,2487.5
1,jemalloc,reallocate_zeroed,65536,256,1,basic,yes,7,8192,1141.08
1,mimalloc,batch,65536,256,1,basic,yes,7,8192,135.849
1,jemalloc,batch,65536,256,1,basic,yes,7,8192,256.856
1,mimalloc,mixed_lifetime,65536,256,1,basic,yes,7,8192,34.1187
1,jemalloc,mixed_lifetime,65536,256,1,basic,yes,7,8192,232.157
1,mimalloc,owned_block,65536,256,1,basic,yes,7,8192,1255.01
1,jemalloc,owned_block,65536,256,1,basic,yes,7,8192,335.637
1,standard,cross_thread,64,16,2,disabled,no,7,8192,39.9933
1,mimalloc,cross_thread,64,16,2,disabled,no,7,8192,17.2272
1,jemalloc,cross_thread,64,16,2,disabled,no,7,8192,26.3927
1,mimalloc,cross_thread,64,16,2,disabled,yes,7,8192,18.4835
1,jemalloc,cross_thread,64,16,2,disabled,yes,7,8192,89.2589
1,standard,cross_thread,64,16,4,disabled,no,7,8192,42.2312
1,mimalloc,cross_thread,64,16,4,disabled,no,7,8192,16.4135
1,jemalloc,cross_thread,64,16,4,disabled,no,7,8192,30.8024
1,mimalloc,cross_thread,64,16,4,disabled,yes,7,8192,18.0461
1,jemalloc,cross_thread,64,16,4,disabled,yes,7,8192,118.235
1,standard,cross_thread,64,16,8,disabled,no,7,8192,41.7074
1,mimalloc,cross_thread,64,16,8,disabled,no,7,8192,20.6909
1,jemalloc,cross_thread,64,16,8,disabled,no,7,8192,31.9519
1,mimalloc,cross_thread,64,16,8,disabled,yes,7,8192,21.2606
1,jemalloc,cross_thread,64,16,8,disabled,yes,7,8192,119.944
1,mimalloc,detailed_statistics,0,0,1,disabled,no,7,512,436.035
1,jemalloc,detailed_statistics,0,0,1,disabled,no,7,512,19029.7
1,mimalloc,detailed_statistics,0,0,1,disabled,yes,7,512,1.62695
1,jemalloc,detailed_statistics,0,0,1,disabled,yes,7,512,23208.7
1,fixed_buffer,stack_mark_rewind,64,16,1,disabled,no,7,8192,3.65186
1,fixed_buffer,stack_mark_rewind,64,64,1,disabled,no,7,8192,3.64685
1,fixed_buffer,stack_mark_rewind,64,256,1,disabled,no,7,8192,3.64185
1,fixed_buffer,stack_mark_rewind,256,16,1,disabled,no,7,8192,3.64172
1,fixed_buffer,stack_mark_rewind,256,64,1,disabled,no,7,8192,3.64685
1,fixed_buffer,stack_mark_rewind,256,256,1,disabled,no,7,8192,3.64685
1,fixed_buffer,stack_mark_rewind,4096,16,1,disabled,no,7,8192,3.65186
1,fixed_buffer,stack_mark_rewind,4096,64,1,disabled,no,7,8192,3.64685
1,fixed_buffer,stack_mark_rewind,4096,256,1,disabled,no,7,8192,3.64685
1,fixed_buffer,stack_mark_rewind,65536,16,1,disabled,no,7,8192,3.64685
1,fixed_buffer,stack_mark_rewind,65536,64,1,disabled,no,7,8192,3.64172
1,fixed_buffer,stack_mark_rewind,65536,256,1,disabled,no,7,8192,3.64685
1,standard,raw,64,16,1,basic,no,7,8192,40.2679
1,mimalloc,raw,64,16,1,basic,no,7,8192,8.72803
1,jemalloc,raw,64,16,1,basic,no,7,8192,18.8395
1,standard,zeroed,64,16,1,basic,no,7,8192,43.0756
1,mimalloc,zeroed,64,16,1,basic,no,7,8192,12.146
1,jemalloc,zeroed,64,16,1,basic,no,7,8192,20.4061
1,standard,reallocate,64,16,1,basic,no,7,8192,82.3925
1,mimalloc,reallocate,64,16,1,basic,no,7,8192,19.3126
1,jemalloc,reallocate,64,16,1,basic,no,7,8192,45.6238
1,standard,reallocate_zeroed,64,16,1,basic,no,7,8192,86.5021
1,mimalloc,reallocate_zeroed,64,16,1,basic,no,7,8192,21.1792
1,jemalloc,reallocate_zeroed,64,16,1,basic,no,7,8192,47.5109
1,standard,batch,64,16,1,basic,no,7,8192,38.1825
1,mimalloc,batch,64,16,1,basic,no,7,8192,7.8938
1,jemalloc,batch,64,16,1,basic,no,7,8192,18.5802
1,standard,mixed_lifetime,64,16,1,basic,no,7,8192,24.6633
1,mimalloc,mixed_lifetime,64,16,1,basic,no,7,8192,9.34351
1,jemalloc,mixed_lifetime,64,16,1,basic,no,7,8192,14.0024
1,standard,owned_block,64,16,1,basic,no,7,8192,83.8318
1,mimalloc,owned_block,64,16,1,basic,no,7,8192,21.1996
1,jemalloc,owned_block,64,16,1,basic,no,7,8192,47.7345
1,standard,typed_raw,64,1,1,basic,no,7,8192,36.8551
1,mimalloc,typed_raw,64,1,1,basic,no,7,8192,7.76172
1,jemalloc,typed_raw,64,1,1,basic,no,7,8192,17.8986
1,standard,create_destroy,64,1,1,basic,no,7,8192,36.8601
1,mimalloc,create_destroy,64,1,1,basic,no,7,8192,7.75146
1,jemalloc,create_destroy,64,1,1,basic,no,7,8192,17.8934
1,standard,object,64,1,1,basic,no,7,8192,36.85
1,mimalloc,object,64,1,1,basic,no,7,8192,7.75659
1,jemalloc,object,64,1,1,basic,no,7,8192,17.8936
1,standard,shared_object,64,1,1,basic,no,7,8192,42.5923
1,mimalloc,shared_object,64,1,1,basic,no,7,8192,14.8315
1,jemalloc,shared_object,64,1,1,basic,no,7,8192,21.4792
1,standard,array,64,1,1,basic,no,7,8192,40.09
1,mimalloc,array,64,1,1,basic,no,7,8192,9.00269
1,jemalloc,array,64,1,1,basic,no,7,8192,19.1396
1,standard,std_vector,256,8,1,basic,no,7,8192,264.481
1,mimalloc,std_vector,256,8,1,basic,no,7,8192,77.4128
1,jemalloc,std_vector,256,8,1,basic,no,7,8192,137.334
1,standard,pmr_vector,256,8,1,basic,no,7,8192,255.239
1,mimalloc,pmr_vector,256,8,1,basic,no,7,8192,96.8068
1,jemalloc,pmr_vector,256,8,1,basic,no,7,8192,156.54
1,standard,raw,64,64,1,basic,no,7,8192,40.2476
1,mimalloc,raw,64,64,1,basic,no,7,8192,8.72803
1,jemalloc,raw,64,64,1,basic,no,7,8192,18.8497
1,standard,zeroed,64,64,1,basic,no,7,8192,43.045
1,mimalloc,zeroed,64,64,1,basic,no,7,8192,12.1511
1,jemalloc,zeroed,64,64,1,basic,no,7,8192,20.4111
1,standard,reallocate,64,64,1,basic,no,7,8192,82.5552
1,mimalloc,reallocate,64,64,1,basic,no,7,8192,19.0176
1,jemalloc,reallocate,64,64,1,basic,no,7,8192,45.6187
1,standard,reallocate_zeroed,64,64,1,basic,no,7,8192,86.4614
1,mimalloc,reallocate_zeroed,64,64,1,basic,no,7,8192,20.8944
1,jemalloc,reallocate_zeroed,64,64,1,basic,no,7,8192,47.5107
1,standard,batch,64,64,1,basic,no,7,8192,38.1876
1,mimalloc,batch,64,64,1,basic,no,7,8192,7.88367
1,jemalloc,batch,64,64,1,basic,no,7,8192,18.5801
1,standard,mixed_lifetime,64,64,1,basic,no,7,8192,24.6531
1,mimalloc,mixed_lifetime,64,64,1,basic,no,7,8192,9.17053
1,jemalloc,mixed_lifetime,64,64,1,basic,no,7,8192,14.0026
1,standard,owned_block,64,64,1,basic,no,7,8192,83.9285
1,mimalloc,owned_block,64,64,1,basic,no,7,8192,21.1995
1,jemalloc,owned_block,64,64,1,basic,no,7,8192,47.7245
1,standard,raw,64,256,1,basic,no,7,8192,40.5375
1,mimalloc,raw,64,256,1,basic,no,7,8192,14.1398
1,jemalloc,raw,64,256,1,basic,no,7,8192,19.0836
1,standard,zeroed,64,256,1,basic,no,7,8192,45.166
1,mimalloc,zeroed,64,256,1,basic,no,7,8192,18.8446
1,jemalloc,zeroed,64,256,1,basic,no,7,8192,21.7896
1,standard,reallocate,64,256,1,basic,no,7,8192,83.3689
1,mimalloc,reallocate,64,256,1,basic,no,7,8192,26.7792
1,jemalloc,reallocate,64,256,1,basic,no,7,8192,42.0532
1,standard,reallocate_zeroed,64,256,1,basic,no,7,8192,86.9039
1,mimalloc,reallocate_zeroed,64,256,1,basic,no,7,8192,29.2969
1,jemalloc,reallocate_zeroed,64,256,1,basic,no,7,8192,41.9006
1,standard,batch,64,256,1,basic,no,7,8192,38.442
1,mimalloc,batch,64,256,1,basic,no,7,8192,11.9222
1,jemalloc,batch,64,256,1,basic,no,7,8192,18.7836
1,standard,mixed_lifetime,64,256,1,basic,no,7,8192,24.8159
1,mimalloc,mixed_lifetime,64,256,1,basic,no,7,8192,12.5376
1,jemalloc,mixed_lifetime,64,256,1,basic,no,7,8192,14.1195
1,standard,owned_block,64,256,1,basic,no,7,8192,84.2438
1,mimalloc,owned_block,64,256,1,basic,no,7,8192,26.4078
1,jemalloc,owned_block,64,256,1,basic,no,7,8192,42.2415
1,standard,raw,256,16,1,basic,no,7,8192,40.5273
1,mimalloc,raw,256,16,1,basic,no,7,8192,8.74329
1,jemalloc,raw,256,16,1,basic,no,7,8192,19.0887
1,standard,zeroed,256,16,1,basic,no,7,8192,43.3298
1,mimalloc,zeroed,256,16,1,basic,no,7,8192,10.9508
1,jemalloc,zeroed,256,16,1,basic,no,7,8192,21.7844
1,standard,reallocate,256,16,1,basic,no,7,8192,85.6731
1,mimalloc,reallocate,256,16,1,basic,no,7,8192,23.1375
1,jemalloc,reallocate,256,16,1,basic,no,7,8192,49.5911
1,standard,reallocate_zeroed,256,16,1,basic,no,7,8192,90.1438
1,mimalloc,reallocate_zeroed,256,16,1,basic,no,7,8192,25.3092
1,jemalloc,reallocate_zeroed,256,16,1,basic,no,7,8192,51.9968
1,standard,batch,256,16,1,basic,no,7,8192,38.4624
1,mimalloc,batch,256,16,1,basic,no,7,8192,7.90918
1,jemalloc,batch,256,16,1,basic,no,7,8192,18.7937
1,standard,mixed_lifetime,256,16,1,basic,no,7,8192,25.0143
1,mimalloc,mixed_lifetime,256,16,1,basic,no,7,8192,9.7605
1,jemalloc,mixed_lifetime,256,16,1,basic,no,7,8192,14.3127
1,standard,owned_block,256,16,1,basic,no,7,8192,87.199
1,mimalloc,owned_block,256,16,1,basic,no,7,8192,24.3429
1,jemalloc,owned_block,256,16,1,basic,no,7,8192,52.4038
1,standard,typed_raw,256,1,1,basic,no,7,8192,37.1552
1,mimalloc,typed_raw,256,1,1,basic,no,7,8192,7.76672
1,jemalloc,typed_raw,256,1,1,basic,no,7,8192,18.1223
1,standard,array,256,1,1,basic,no,7,8192,40.3799
1,mimalloc,array,256,1,1,basic,no,7,8192,9.9436
1,jemalloc,array,256,1,1,basic,no,7,8192,19.4041
1,standard,raw,256,64,1,basic,no,7,8192,40.5579
1,mimalloc,raw,256,64,1,basic,no,7,8192,8.73828
1,jemalloc,raw,256,64,1,basic,no,7,8192,19.0786
1,standard,zeroed,256,64,1,basic,no,7,8192,43.34
1,mimalloc,zeroed,256,64,1,basic,no,7,8192,10.9507
1,jemalloc,zeroed,256,64,1,basic,no,7,8192,21.7896
1,standard,reallocate,256,64,1,basic,no,7,8192,86.1206
1,mimalloc,reallocate,256,64,1,basic,no,7,8192,20.9299
1,jemalloc,reallocate,256,64,1,basic,no,7,8192,49.5962
1,standard,reallocate_zeroed,256,64,1,basic,no,7,8192,90.1285
1,mimalloc,reallocate_zeroed,256,64,1,basic,no,7,8192,23.1375
1,jemalloc,reallocate_zeroed,256,64,1,basic,no,7,8192,52.0121
1,standard,batch,256,64,1,basic,no,7,8192,38.4674
1,mimalloc,batch,256,64,1,basic,no,7,8192,7.91418
1,jemalloc,batch,256,64,1,basic,no,7,8192,18.7937
1,standard,mixed_lifetime,256,64,1,basic,no,7,8192,25.0142
1,mimalloc,mixed_lifetime,256,64,1,basic,no,7,8192,9.6283
1,jemalloc,mixed_lifetime,256,64,1,basic,no,7,8192,14.333
1,standard,owned_block,256,64,1,basic,no,7,8192,87.204
1,mimalloc,owned_block,256,64,1,basic,no,7,8192,24.3937
1,jemalloc,owned_block,256,64,1,basic,no,7,8192,52.4242
1,standard,raw,256,256,1,basic,no,7,8192,40.8529
1,mimalloc,raw,256,256,1,basic,no,7,8192,8.74329
1,jemalloc,raw,256,256,1,basic,no,7,8192,19.0836
1,standard,zeroed,256,256,1,basic,no,7,8192,43.335
1,mimalloc,zeroed,256,256,1,basic,no,7,8192,10.9457
1,jemalloc,zeroed,256,256,1,basic,no,7,8192,21.7794
1,standard,reallocate,256,256,1,basic,no,7,8192,85.668
1,mimalloc,reallocate,256,256,1,basic,no,7,8192,20.9453
1,jemalloc,reallocate,256,256,1,basic,no,7,8192,49.5911
1,standard,reallocate_zeroed,256,256,1,basic,no,7,8192,89.7777
1,mimalloc,reallocate_zeroed,256,256,1,basic,no,7,8192,23.1273
1,jemalloc,reallocate_zeroed,256,256,1,basic,no,7,8192,52.0172
1,standard,batch,256,256,1,basic,no,7,8192,38.4521
1,mimalloc,batch,256,256,1,basic,no,7,8192,7.89905
1,jemalloc,batch,256,256,1,basic,no,7,8192,18.7836
1,standard,mixed_lifetime,256,256,1,basic,no,7,8192,24.8871
1,mimalloc,mixed_lifetime,256,256,1,basic,no,7,8192,10.0809
1,jemalloc,mixed_lifetime,256,256,1,basic,no,7,8192,14.2924
1,standard,owned_block,256,256,1,basic,no,7,8192,87.2091
1,mimalloc,owned_block,256,256,1,basic,no,7,8192,24.7192
1,jemalloc,owned_block,256,256,1,basic,no,7,8192,52.4393
1,standard,raw,4096,16,1,basic,no,7,8192,45.9799
1,mimalloc,raw,4096,16,1,basic,no,7,8192,17.8375
1,jemalloc,raw,4096,16,1,basic,no,7,8192,23.6053
1,standard,zeroed,4096,16,1,basic,no,7,8192,93.8568
1,mimalloc,zeroed,4096,16,1,basic,no,7,8192,59.1888
1,jemalloc,zeroed,4096,16,1,basic,no,7,8192,67.6727
1,standard,reallocate,4096,16,1,basic,no,7,8192,155.863
1,mimalloc,reallocate,4096,16,1,basic,no,7,8192,95.4539
1,jemalloc,reallocate,4096,16,1,basic,no,7,8192,119.644
1,standard,reallocate_zeroed,4096,16,1,basic,no,7,8192,192.861
1,mimalloc,reallocate_zeroed,4096,16,1,basic,no,7,8192,131.221
1,jemalloc,reallocate_zeroed,4096,16,1,basic,no,7,8192,155.457
1,standard,batch,4096,16,1,basic,no,7,8192,74.9156
1,mimalloc,batch,4096,16,1,basic,no,7,8192,43.2231
1,jemalloc,batch,4096,16,1,basic,no,7,8192,51.8748
1,standard,mixed_lifetime,4096,16,1,basic,no,7,8192,37.1298
1,mimalloc,mixed_lifetime,4096,16,1,basic,no,7,8192,21.5912
1,jemalloc,mixed_lifetime,4096,16,1,basic,no,7,8192,24.5667
1,standard,owned_block,4096,16,1,basic,no,7,8192,158.539
1,mimalloc,owned_block,4096,16,1,basic,no,7,8192,98.4344
1,jemalloc,owned_block,4096,16,1,basic,no,7,8192,121.689
1,standard,typed_raw,4096,1,1,basic,no,7,8192,42.8722
1,mimalloc,typed_raw,4096,1,1,basic,no,7,8192,14.5111
1,jemalloc,typed_raw,4096,1,1,basic,no,7,8192,22.5983
1,standard,array,4096,1,1,basic,no,7,8192,83.4656
1,mimalloc,array,4096,1,1,basic,no,7,8192,55.1707
1,jemalloc,array,4096,1,1,basic,no,7,8192,60.786
1,standard,raw,4096,64,1,basic,no,7,8192,45.9595
1,mimalloc,raw,4096,64,1,basic,no,7,8192,18.28
1,jemalloc,raw,4096,64,1,basic,no,7,8192,23.6664
1,standard,zeroed,4096,64,1,basic,no,7,8192,94.8079
1,mimalloc,zeroed,4096,64,1,basic,no,7,8192,58.7616
1,jemalloc,zeroed,4096,64,1,basic,no,7,8192,67.6525
1,standard,reallocate,4096,64,1,basic,no,7,8192,155.772
1,mimalloc,reallocate,4096,64,1,basic,no,7,8192,96.3695
1,jemalloc,reallocate,4096,64,1,basic,no,7,8192,119.807
1,standard,reallocate_zeroed,4096,64,1,basic,no,7,8192,193.263
1,mimalloc,reallocate_zeroed,4096,64,1,basic,no,7,8192,131.932
1,jemalloc,reallocate_zeroed,4096,64,1,basic,no,7,8192,155.97
1,standard,batch,4096,64,1,basic,no,7,8192,74.4272
1,mimalloc,batch,4096,64,1,basic,no,7,8192,43.2789
1,jemalloc,batch,4096,64,1,basic,no,7,8192,50.8881
1,standard,mixed_lifetime,4096,64,1,basic,no,7,8192,35.2936
1,mimalloc,mixed_lifetime,4096,64,1,basic,no,7,8192,21.4844
1,jemalloc,mixed_lifetime,4096,64,1,basic,no,7,8192,22.9442
1,standard,owned_block,4096,64,1,basic,no,7,8192,158.3
1,mimalloc,owned_block,4096,64,1,basic,no,7,8192,98.8464
1,jemalloc,owned_block,4096,64,1,basic,no,7,8192,121.597
1,standard,raw,4096,256,1,basic,no,7,8192,45.9595
1,mimalloc,raw,4096,256,1,basic,no,7,8192,18.2596
1,jemalloc,raw,4096,256,1,basic,no,7,8192,23.6105
1,standard,zeroed,4096,256,1,basic,no,7,8192,95.5353
1,mimalloc,zeroed,4096,256,1,basic,no,7,8192,58.7107
1,jemalloc,zeroed,4096,256,1,basic,no,7,8192,67.7286
1,standard,reallocate,4096,256,1,basic,no,7,8192,155.492
1,mimalloc,reallocate,4096,256,1,basic,no,7,8192,96.3745
1,jemalloc,reallocate,4096,256,1,basic,no,7,8192,119.883
1,standard,reallocate_zeroed,4096,256,1,basic,no,7,8192,193.278
1,mimalloc,reallocate_zeroed,4096,256,1,basic,no,7,8192,131.866
1,jemalloc,reallocate_zeroed,4096,256,1,basic,no,7,8192,155.579
1,standard,batch,4096,256,1,basic,no,7,8192,73.8678
1,mimalloc,batch,4096,256,1,basic,no,7,8192,43.2484
1,jemalloc,batch,4096,256,1,basic,no,7,8192,50.8473
1,standard,mixed_lifetime,4096,256,1,basic,no,7,8192,34.9476
1,mimalloc,mixed_lifetime,4096,256,1,basic,no,7,8192,21.5555
1,jemalloc,mixed_lifetime,4096,256,1,basic,no,7,8192,23.1934
1,standard,owned_block,4096,256,1,basic,no,7,8192,158.335
1,mimalloc,owned_block,4096,256,1,basic,no,7,8192,98.526
1,jemalloc,owned_block,4096,256,1,basic,no,7,8192,121.796
1,standard,raw,65536,16,1,basic,no,7,8192,251.862
1,mimalloc,raw,65536,16,1,basic,no,7,8192,19.4042
1,jemalloc,raw,65536,16,1,basic,no,7,8192,220.901
1,standard,zeroed,65536,16,1,basic,no,7,8192,1010.97
1,mimalloc,zeroed,65536,16,1,basic,no,7,8192,913.518
1,jemalloc,zeroed,65536,16,1,basic,no,7,8192,1037.08
1,standard,reallocate,65536,16,1,basic,no,7,8192,1883.18
1,mimalloc,reallocate,65536,16,1,basic,no,7,8192,1799.35
1,jemalloc,reallocate,65536,16,1,basic,no,7,8192,386.195
1,standard,reallocate_zeroed,65536,16,1,basic,no,7,8192,2091.01
1,mimalloc,reallocate_zeroed,65536,16,1,basic,no,7,8192,1771.7
1,jemalloc,reallocate_zeroed,65536,16,1,basic,no,7,8192,984.299
1,standard,batch,65536,16,1,basic,no,7,8192,282.633
1,mimalloc,batch,65536,16,1,basic,no,7,8192,128.616
1,jemalloc,batch,65536,16,1,basic,no,7,8192,244.888
1,standard,mixed_lifetime,65536,16,1,basic,no,7,8192,205.007
1,mimalloc,mixed_lifetime,65536,16,1,basic,no,7,8192,36.5906
1,jemalloc,mixed_lifetime,65536,16,1,basic,no,7,8192,202.108
1,standard,owned_block,65536,16,1,basic,no,7,8192,1561.47
1,mimalloc,owned_block,65536,16,1,basic,no,7,8192,1686.12
1,jemalloc,owned_block,65536,16,1,basic,no,7,8192,415.019
1,standard,typed_raw,65536,1,1,basic,no,7,8192,282.471
1,mimalloc,typed_raw,65536,1,1,basic,no,7,8192,14.4094
1,jemalloc,typed_raw,65536,1,1,basic,no,7,8192,247.696
1,standard,array,65536,1,1,basic,no,7,8192,844.406
1,mimalloc,array,65536,1,1,basic,no,7,8192,513.407
1,jemalloc,array,65536,1,1,basic,no,7,8192,824.488
1,standard,raw,65536,64,1,basic,no,7,8192,278.895
1,mimalloc,raw,65536,64,1,basic,no,7,8192,19.4601
1,jemalloc,raw,65536,64,1,basic,no,7,8192,246.348
1,standard,zeroed,65536,64,1,basic,no,7,8192,924.362
1,mimalloc,zeroed,65536,64,1,basic,no,7,8192,686.035
1,jemalloc,zeroed,65536,64,1,basic,no,7,8192,932.343
1,standard,reallocate,65536,64,1,basic,no,7,8192,1839
1,mimalloc,reallocate,65536,64,1,basic,no,7,8192,1800.74
1,jemalloc,reallocate,65536,64,1,basic,no,7,8192,411.575
1,standard,reallocate_zeroed,65536,64,1,basic,no,7,8192,2531.01
1,mimalloc,reallocate_zeroed,65536,64,1,basic,no,7,8192,2511.93
1,jemalloc,reallocate_zeroed,65536,64,1,basic,no,7,8192,1184.78
1,standard,batch,65536,64,1,basic,no,7,8192,283.478
1,mimalloc,batch,65536,64,1,basic,no,7,8192,134.725
1,jemalloc,batch,65536,64,1,basic,no,7,8192,253.998
1,standard,mixed_lifetime,65536,64,1,basic,no,7,8192,181.534
1,mimalloc,mixed_lifetime,65536,64,1,basic,no,7,8192,29.2155
1,jemalloc,mixed_lifetime,65536,64,1,basic,no,7,8192,170.049
1,standard,owned_block,65536,64,1,basic,no,7,8192,1556.64
1,mimalloc,owned_block,65536,64,1,basic,no,7,8192,1642.75
1,jemalloc,owned_block,65536,64,1,basic,no,7,8192,409.256
1,standard,raw,65536,256,1,basic,no,7,8192,274.038
1,mimalloc,raw,65536,256,1,basic,no,7,8192,21.1996
1,jemalloc,raw,65536,256,1,basic,no,7,8192,242.233
1,standard,zeroed,65536,256,1,basic,no,7,8192,931.259
1,mimalloc,zeroed,65536,256,1,basic,no,7,8192,894.653
1,jemalloc,zeroed,65536,256,1,basic,no,7,8192,948.349
1,standard,reallocate,65536,256,1,basic,no,7,8192,1562.38
1,mimalloc,reallocate,65536,256,1,basic,no,7,8192,1552.48
1,jemalloc,reallocate,65536,256,1,basic,no,7,8192,406.255
1,standard,reallocate_zeroed,65536,256,1,basic,no,7,8192,2040.2
1,mimalloc,reallocate_zeroed,65536,256,1,basic,no,7,8192,2194.55
1,jemalloc,reallocate_zeroed,65536,256,1,basic,no,7,8192,985.158
1,standard,batch,65536,256,1,basic,no,7,8192,283.747
1,mimalloc,batch,65536,256,1,basic,no,7,8192,134.796
1,jemalloc,batch,65536,256,1,basic,no,7,8192,254.344
1,standard,mixed_lifetime,65536,256,1,basic,no,7,8192,176.524
1,mimalloc,mixed_lifetime,65536,256,1,basic,no,7,8192,28.9459
1,jemalloc,mixed_lifetime,65536,256,1,basic,no,7,8192,163.752
1,standard,owned_block,65536,256,1,basic,no,7,8192,1570.13
1,mimalloc,owned_block,65536,256,1,basic,no,7,8192,1632.97
1,jemalloc,owned_block,65536,256,1,basic,no,7,8192,409.495
2,standard,raw,64,16,1,basic,no,7,8192,40.2628
2,mimalloc,raw,64,16,1,basic,no,7,8192,8.72803
2,jemalloc,raw,64,16,1,basic,no,7,8192,18.8345
2,standard,zeroed,64,16,1,basic,no,7,8192,43.05
2,mimalloc,zeroed,64,16,1,basic,no,7,8192,12.1511
2,jemalloc,zeroed,64,16,1,basic,no,7,8192,20.4061
2,standard,reallocate,64,16,1,basic,no,7,8192,82.3975
2,mimalloc,reallocate,64,16,1,basic,no,7,8192,19.338
2,jemalloc,reallocate,64,16,1,basic,no,7,8192,45.6646
2,standard,reallocate_zeroed,64,16,1,basic,no,7,8192,86.8937
2,mimalloc,reallocate_zeroed,64,16,1,basic,no,7,8192,21.22
2,jemalloc,reallocate_zeroed,64,16,1,basic,no,7,8192,47.5109
2,standard,batch,64,16,1,basic,no,7,8192,38.1927
2,mimalloc,batch,64,16,1,basic,no,7,8192,7.88879
2,jemalloc,batch,64,16,1,basic,no,7,8192,18.5699
2,standard,mixed_lifetime,64,16,1,basic,no,7,8192,24.6685
2,mimalloc,mixed_lifetime,64,16,1,basic,no,7,8192,9.42993
2,jemalloc,mixed_lifetime,64,16,1,basic,no,7,8192,13.9313
2,standard,owned_block,64,16,1,basic,no,7,8192,83.8776
2,mimalloc,owned_block,64,16,1,basic,no,7,8192,21.2046
2,jemalloc,owned_block,64,16,1,basic,no,7,8192,47.7295
2,standard,typed_raw,64,1,1,basic,no,7,8192,36.8754
2,mimalloc,typed_raw,64,1,1,basic,no,7,8192,7.75146
2,jemalloc,typed_raw,64,1,1,basic,no,7,8192,17.8986
2,standard,create_destroy,64,1,1,basic,no,7,8192,36.8601
2,mimalloc,create_destroy,64,1,1,basic,no,7,8192,7.75146
2,jemalloc,create_destroy,64,1,1,basic,no,7,8192,17.8986
2,standard,object,64,1,1,basic,no,7,8192,36.8602
2,mimalloc,object,64,1,1,basic,no,7,8192,7.75146
2,jemalloc,object,64,1,1,basic,no,7,8192,17.8986
2,standard,shared_object,64,1,1,basic,no,7,8192,42.5873
2,mimalloc,shared_object,64,1,1,basic,no,7,8192,14.8315
2,jemalloc,shared_object,64,1,1,basic,no,7,8192,21.4844
2,standard,array,64,1,1,basic,no,7,8192,40.1102
2,mimalloc,array,64,1,1,basic,no,7,8192,8.99756
2,jemalloc,array,64,1,1,basic,no,7,8192,19.1395
2,standard,std_vector,256,8,1,basic,no,7,8192,261.317
2,mimalloc,std_vector,256,8,1,basic,no,7,8192,76.7975
2,jemalloc,std_vector,256,8,1,basic,no,7,8192,137.65
2,standard,pmr_vector,256,8,1,basic,no,7,8192,255.096
2,mimalloc,pmr_vector,256,8,1,basic,no,7,8192,97.0104
2,jemalloc,pmr_vector,256,8,1,basic,no,7,8192,156.133
2,standard,raw,64,64,1,basic,no,7,8192,40.2832
2,mimalloc,raw,64,64,1,basic,no,7,8192,8.72803
2,jemalloc,raw,64,64,1,basic,no,7,8192,18.8345
2,standard,zeroed,64,64,1,basic,no,7,8192,43.0704
2,mimalloc,zeroed,64,64,1,basic,no,7,8192,12.146
2,jemalloc,zeroed,64,64,1,basic,no,7,8192,20.4061
2,standard,reallocate,64,64,1,basic,no,7,8192,82.3618
2,mimalloc,reallocate,64,64,1,basic,no,7,8192,19.0227
2,jemalloc,reallocate,64,64,1,basic,no,7,8192,45.6238
2,standard,reallocate_zeroed,64,64,1,basic,no,7,8192,86.4716
2,mimalloc,reallocate_zeroed,64,64,1,basic,no,7,8192,20.8994
2,jemalloc,reallocate_zeroed,64,64,1,basic,no,7,8192,47.5107
2,standard,batch,64,64,1,basic,no,7,8192,38.1877
2,mimalloc,batch,64,64,1,basic,no,7,8192,7.88379
2,jemalloc,batch,64,64,1,basic,no,7,8192,18.5699
2,standard,mixed_lifetime,64,64,1,basic,no,7,8192,24.5616
2,mimalloc,mixed_lifetime,64,64,1,basic,no,7,8192,9.36377
2,jemalloc,mixed_lifetime,64,64,1,basic,no,7,8192,13.9364
2,standard,owned_block,64,64,1,basic,no,7,8192,83.8776
2,mimalloc,owned_block,64,64,1,basic,no,7,8192,21.2046
2,jemalloc,owned_block,64,64,1,basic,no,7,8192,47.7295
2,standard,raw,64,256,1,basic,no,7,8192,40.5273
2,mimalloc,raw,64,256,1,basic,no,7,8192,14.0583
2,jemalloc,raw,64,256,1,basic,no,7,8192,19.0938
2,standard,zeroed,64,256,1,basic,no,7,8192,43.3197
2,mimalloc,zeroed,64,256,1,basic,no,7,8192,18.0309
2,jemalloc,zeroed,64,256,1,basic,no,7,8192,21.7794
2,standard,reallocate,64,256,1,basic,no,7,8192,82.9264
2,mimalloc,reallocate,64,256,1,basic,no,7,8192,25.6602
2,jemalloc,reallocate,64,256,1,basic,no,7,8192,40.0442
2,standard,reallocate_zeroed,64,256,1,basic,no,7,8192,86.8632
2,mimalloc,reallocate_zeroed,64,256,1,basic,no,7,8192,27.6489
2,jemalloc,reallocate_zeroed,64,256,1,basic,no,7,8192,41.9109
2,standard,batch,64,256,1,basic,no,7,8192,38.4877
2,mimalloc,batch,64,256,1,basic,no,7,8192,11.9222
2,jemalloc,batch,64,256,1,basic,no,7,8192,18.7836
2,standard,mixed_lifetime,64,256,1,basic,no,7,8192,24.6938
2,mimalloc,mixed_lifetime,64,256,1,basic,no,7,8192,12.7003
2,jemalloc,mixed_lifetime,64,256,1,basic,no,7,8192,14.0533
2,standard,owned_block,64,256,1,basic,no,7,8192,84.7015
2,mimalloc,owned_block,64,256,1,basic,no,7,8192,26.4028
2,jemalloc,owned_block,64,256,1,basic,no,7,8192,42.2363
2,standard,raw,256,16,1,basic,no,7,8192,40.5223
2,mimalloc,raw,256,16,1,basic,no,7,8192,8.74329
2,jemalloc,raw,256,16,1,basic,no,7,8192,19.0786
2,standard,zeroed,256,16,1,basic,no,7,8192,43.335
2,mimalloc,zeroed,256,16,1,basic,no,7,8192,10.9558
2,jemalloc,zeroed,256,16,1,basic,no,7,8192,21.7794
2,standard,reallocate,256,16,1,basic,no,7,8192,85.6577
2,mimalloc,reallocate,256,16,1,basic,no,7,8192,22.9797
2,jemalloc,reallocate,256,16,1,basic,no,7,8192,49.5911
2,standard,reallocate_zeroed,256,16,1,basic,no,7,8192,89.7421
2,mimalloc,reallocate_zeroed,256,16,1,basic,no,7,8192,25.1923
2,jemalloc,reallocate_zeroed,256,16,1,basic,no,7,8192,52.0172
2,standard,batch,256,16,1,basic,no,7,8192,38.4623
2,mimalloc,batch,256,16,1,basic,no,7,8192,7.91418
2,jemalloc,batch,256,16,1,basic,no,7,8192,18.7836
2,standard,mixed_lifetime,256,16,1,basic,no,7,8192,24.882
2,mimalloc,mixed_lifetime,256,16,1,basic,no,7,8192,9.60803
2,jemalloc,mixed_lifetime,256,16,1,basic,no,7,8192,14.2568
2,standard,owned_block,256,16,1,basic,no,7,8192,87.8958
2,mimalloc,owned_block,256,16,1,basic,no,7,8192,24.0479
2,jemalloc,owned_block,256,16,1,basic,no,7,8192,52.3784
2,standard,typed_raw,256,1,1,basic,no,7,8192,37.15
2,mimalloc,typed_raw,256,1,1,basic,no,7,8192,7.76672
2,jemalloc,typed_raw,256,1,1,basic,no,7,8192,18.1223
2,standard,array,256,1,1,basic,no,7,8192,40.3696
2,mimalloc,array,256,1,1,basic,no,7,8192,9.9386
2,jemalloc,array,256,1,1,basic,no,7,8192,19.4042
2,standard,raw,256,64,1,basic,no,7,8192,40.5121
2,mimalloc,raw,256,64,1,basic,no,7,8192,8.74329
2,jemalloc,raw,256,64,1,basic,no,7,8192,19.0837
2,standard,zeroed,256,64,1,basic,no,7,8192,43.3452
2,mimalloc,zeroed,256,64,1,basic,no,7,8192,10.9508
2,jemalloc,zeroed,256,64,1,basic,no,7,8192,21.7896
2,standard,reallocate,256,64,1,basic,no,7,8192,85.6577
2,mimalloc,reallocate,256,64,1,basic,no,7,8192,20.818
2,jemalloc,reallocate,256,64,1,basic,no,7,8192,49.5809
2,standard,reallocate_zeroed,256,64,1,basic,no,7,8192,89.7777
2,mimalloc,reallocate_zeroed,256,64,1,basic,no,7,8192,23.0103
2,jemalloc,reallocate_zeroed,256,64,1,basic,no,7,8192,51.9969
2,standard,batch,256,64,1,basic,no,7,8192,38.4674
2,mimalloc,batch,256,64,1,basic,no,7,8192,7.90918
2,jemalloc,batch,256,64,1,basic,no,7,8192,18.7836
2,standard,mixed_lifetime,256,64,1,basic,no,7,8192,24.9176
2,mimalloc,mixed_lifetime,256,64,1,basic,no,7,8192,9.63342
2,jemalloc,mixed_lifetime,256,64,1,basic,no,7,8192,14.3127
2,standard,owned_block,256,64,1,basic,no,7,8192,87.204
2,mimalloc,owned_block,256,64,1,basic,no,7,8192,23.8394
2,jemalloc,owned_block,256,64,1,basic,no,7,8192,52.4038
2,standard,raw,256,256,1,basic,no,7,8192,40.5223
2,mimalloc,raw,256,256,1,basic,no,7,8192,8.74329
2,jemalloc,raw,256,256,1,basic,no,7,8192,19.0887
2,standard,zeroed,256,256,1,basic,no,7,8192,43.3502
2,mimalloc,zeroed,256,256,1,basic,no,7,8192,10.9508
2,jemalloc,zeroed,256,256,1,basic,no,7,8192,21.7844
2,standard,reallocate,256,256,1,basic,no,7,8192,85.6577
2,mimalloc,reallocate,256,256,1,basic,no,7,8192,20.8232
2,jemalloc,reallocate,256,256,1,basic,no,7,8192,49.5809
2,standard,reallocate_zeroed,256,256,1,basic,no,7,8192,90.1489
2,mimalloc,reallocate_zeroed,256,256,1,basic,no,7,8192,23.0103
2,jemalloc,reallocate_zeroed,256,256,1,basic,no,7,8192,52.002
2,standard,batch,256,256,1,basic,no,7,8192,38.4471
2,mimalloc,batch,256,256,1,basic,no,7,8192,7.90918
2,jemalloc,batch,256,256,1,basic,no,7,8192,18.7887
2,standard,mixed_lifetime,256,256,1,basic,no,7,8192,25.0651
2,mimalloc,mixed_lifetime,256,256,1,basic,no,7,8192,10.1776
2,jemalloc,mixed_lifetime,256,256,1,basic,no,7,8192,14.3229
2,standard,owned_block,256,256,1,basic,no,7,8192,87.738
2,mimalloc,owned_block,256,256,1,basic,no,7,8192,23.7631
2,jemalloc,owned_block,256,256,1,basic,no,7,8192,52.3987
2,standard,raw,4096,16,1,basic,no,7,8192,45.9747
2,mimalloc,raw,4096,16,1,basic,no,7,8192,17.8375
2,jemalloc,raw,4096,16,1,basic,no,7,8192,23.5952
2,standard,zeroed,4096,16,1,basic,no,7,8192,87.3464
2,mimalloc,zeroed,4096,16,1,basic,no,7,8192,59.194
2,jemalloc,zeroed,4096,16,1,basic,no,7,8192,68.1915
2,standard,reallocate,4096,16,1,basic,no,7,8192,155.63
2,mimalloc,reallocate,4096,16,1,basic,no,7,8192,95.7386
2,jemalloc,reallocate,4096,16,1,basic,no,7,8192,119.944
2,standard,reallocate_zeroed,4096,16,1,basic,no,7,8192,215.856
2,mimalloc,reallocate_zeroed,4096,16,1,basic,no,7,8192,131.292
2,jemalloc,reallocate_zeroed,4096,16,1,basic,no,7,8192,163.294
2,standard,batch,4096,16,1,basic,no,7,8192,74.4069
2,mimalloc,batch,4096,16,1,basic,no,7,8192,43.2638
2,jemalloc,batch,4096,16,1,basic,no,7,8192,51.2543
2,standard,mixed_lifetime,4096,16,1,basic,no,7,8192,34.9781
2,mimalloc,mixed_lifetime,4096,16,1,basic,no,7,8192,21.5557
2,jemalloc,mixed_lifetime,4096,16,1,basic,no,7,8192,22.8933
2,standard,owned_block,4096,16,1,basic,no,7,8192,158.758
2,mimalloc,owned_block,4096,16,1,basic,no,7,8192,98.5413
2,jemalloc,owned_block,4096,16,1,basic,no,7,8192,121.745
2,standard,typed_raw,4096,1,1,basic,no,7,8192,42.8671
2,mimalloc,typed_raw,4096,1,1,basic,no,7,8192,14.5111
2,jemalloc,typed_raw,4096,1,1,basic,no,7,8192,22.6288
2,standard,array,4096,1,1,basic,no,7,8192,91.8782
2,mimalloc,array,4096,1,1,basic,no,7,8192,55.3029
2,jemalloc,array,4096,1,1,basic,no,7,8192,59.8907
2,standard,raw,4096,64,1,basic,no,7,8192,45.9493
2,mimalloc,raw,4096,64,1,basic,no,7,8192,18.2902
2,jemalloc,raw,4096,64,1,basic,no,7,8192,23.6614
2,standard,zeroed,4096,64,1,basic,no,7,8192,92.0665
2,mimalloc,zeroed,4096,64,1,basic,no,7,8192,58.7006
2,jemalloc,zeroed,4096,64,1,basic,no,7,8192,67.9983
2,standard,reallocate,4096,64,1,basic,no,7,8192,156.347
2,mimalloc,reallocate,4096,64,1,basic,no,7,8192,96.3287
2,jemalloc,reallocate,4096,64,1,basic,no,7,8192,120.097
2,standard,reallocate_zeroed,4096,64,1,basic,no,7,8192,216.812
2,mimalloc,reallocate_zeroed,4096,64,1,basic,no,7,8192,131.963
2,jemalloc,reallocate_zeroed,4096,64,1,basic,no,7,8192,155.782
2,standard,batch,4096,64,1,basic,no,7,8192,74.2391
2,mimalloc,batch,4096,64,1,basic,no,7,8192,43.2587
2,jemalloc,batch,4096,64,1,basic,no,7,8192,51.6968
2,standard,mixed_lifetime,4096,64,1,basic,no,7,8192,34.9426
2,mimalloc,mixed_lifetime,4096,64,1,basic,no,7,8192,21.3928
2,jemalloc,mixed_lifetime,4096,64,1,basic,no,7,8192,24.5463
2,standard,owned_block,4096,64,1,basic,no,7,8192,158.813
2,mimalloc,owned_block,4096,64,1,basic,no,7,8192,98.6023
2,jemalloc,owned_block,4096,64,1,basic,no,7,8192,121.806
2,standard,raw,4096,256,1,basic,no,7,8192,45.9493
2,mimalloc,raw,4096,256,1,basic,no,7,8192,18.2545
2,jemalloc,raw,4096,256,1,basic,no,7,8192,23.6613
2,standard,zeroed,4096,256,1,basic,no,7,8192,87.3311
2,mimalloc,zeroed,4096,256,1,basic,no,7,8192,58.7566
2,jemalloc,zeroed,4096,256,1,basic,no,7,8192,67.6931
2,standard,reallocate,4096,256,1,basic,no,7,8192,156.555
2,mimalloc,reallocate,4096,256,1,basic,no,7,8192,96.5933
2,jemalloc,reallocate,4096,256,1,basic,no,7,8192,120.092
2,standard,reallocate_zeroed,4096,256,1,basic,no,7,8192,216.593
2,mimalloc,reallocate_zeroed,4096,256,1,basic,no,7,8192,131.51
2,jemalloc,reallocate_zeroed,4096,256,1,basic,no,7,8192,163.147
2,standard,batch,4096,256,1,basic,no,7,8192,73.649
2,mimalloc,batch,4096,256,1,basic,no,7,8192,43.218
2,jemalloc,batch,4096,256,1,basic,no,7,8192,50.1862
2,standard,mixed_lifetime,4096,256,1,basic,no,7,8192,34.9478
2,mimalloc,mixed_lifetime,4096,256,1,basic,no,7,8192,21.4285
2,jemalloc,mixed_lifetime,4096,256,1,basic,no,7,8192,24.4089
2,standard,owned_block,4096,256,1,basic,no,7,8192,158.727
2,mimalloc,owned_block,4096,256,1,basic,no,7,8192,98.5667
2,jemalloc,owned_block,4096,256,1,basic,no,7,8192,121.597
2,standard,raw,65536,16,1,basic,no,7,8192,251.846
2,mimalloc,raw,65536,16,1,basic,no,7,8192,19.4041
2,jemalloc,raw,65536,16,1,basic,no,7,8192,220.978
2,standard,zeroed,65536,16,1,basic,no,7,8192,1009.83
2,mimalloc,zeroed,65536,16,1,basic,no,7,8192,900.528
2,jemalloc,zeroed,65536,16,1,basic,no,7,8192,1034.49
2,standard,reallocate,65536,16,1,basic,no,7,8192,1885.84
2,mimalloc,reallocate,65536,16,1,basic,no,7,8192,1792.35
2,jemalloc,reallocate,65536,16,1,basic,no,7,8192,384.043
2,standard,reallocate_zeroed,65536,16,1,basic,no,7,8192,2006.94
2,mimalloc,reallocate_zeroed,65536,16,1,basic,no,7,8192,1795.96
2,jemalloc,reallocate_zeroed,65536,16,1,basic,no,7,8192,985.855
2,standard,batch,65536,16,1,basic,no,7,8192,270.198
2,mimalloc,batch,65536,16,1,basic,no,7,8192,128.362
2,jemalloc,batch,65536,16,1,basic,no,7,8192,239.141
2,standard,mixed_lifetime,65536,16,1,basic,no,7,8192,172.648
2,mimalloc,mixed_lifetime,65536,16,1,basic,no,7,8192,33.9661
2,jemalloc,mixed_lifetime,65536,16,1,basic,no,7,8192,162.582
2,standard,owned_block,65536,16,1,basic,no,7,8192,1698.73
2,mimalloc,owned_block,65536,16,1,basic,no,7,8192,1865.13
2,jemalloc,owned_block,65536,16,1,basic,no,7,8192,436.406
2,standard,typed_raw,65536,1,1,basic,no,7,8192,302.999
2,mimalloc,typed_raw,65536,1,1,basic,no,7,8192,15.5742
2,jemalloc,typed_raw,65536,1,1,basic,no,7,8192,264.577
2,standard,array,65536,1,1,basic,no,7,8192,943.308
2,mimalloc,array,65536,1,1,basic,no,7,8192,568.771
2,jemalloc,array,65536,1,1,basic,no,7,8192,934.937
2,standard,raw,65536,64,1,basic,no,7,8192,295.654
2,mimalloc,raw,65536,64,1,basic,no,7,8192,20.9045
2,jemalloc,raw,65536,64,1,basic,no,7,8192,262.182
2,standard,zeroed,65536,64,1,basic,no,7,8192,941.808
2,mimalloc,zeroed,65536,64,1,basic,no,7,8192,727.254
2,jemalloc,zeroed,65536,64,1,basic,no,7,8192,960.012
2,standard,reallocate,65536,64,1,basic,no,7,8192,1712.21
2,mimalloc,reallocate,65536,64,1,basic,no,7,8192,1426.64
2,jemalloc,reallocate,65536,64,1,basic,no,7,8192,438.573
2,standard,reallocate_zeroed,65536,64,1,basic,no,7,8192,2277.02
2,mimalloc,reallocate_zeroed,65536,64,1,basic,no,7,8192,2000.97
2,jemalloc,reallocate_zeroed,65536,64,1,basic,no,7,8192,1137.26
2,standard,batch,65536,64,1,basic,no,7,8192,283.6
2,mimalloc,batch,65536,64,1,basic,no,7,8192,134.542
2,jemalloc,batch,65536,64,1,basic,no,7,8192,254.786
2,standard,mixed_lifetime,65536,64,1,basic,no,7,8192,179.916
2,mimalloc,mixed_lifetime,65536,64,1,basic,no,7,8192,28.8239
2,jemalloc,mixed_lifetime,65536,64,1,basic,no,7,8192,167.684
2,standard,owned_block,65536,64,1,basic,no,7,8192,1597.94
2,mimalloc,owned_block,65536,64,1,basic,no,7,8192,1647.19
2,jemalloc,owned_block,65536,64,1,basic,no,7,8192,403.056
2,standard,raw,65536,256,1,basic,no,7,8192,273.941
2,mimalloc,raw,65536,256,1,basic,no,7,8192,21.2097
2,jemalloc,raw,65536,256,1,basic,no,7,8192,242.086
2,standard,zeroed,65536,256,1,basic,no,7,8192,833.979
2,mimalloc,zeroed,65536,256,1,basic,no,7,8192,884.928
2,jemalloc,zeroed,65536,256,1,basic,no,7,8192,857.417
2,standard,reallocate,65536,256,1,basic,no,7,8192,1551.29
2,mimalloc,reallocate,65536,256,1,basic,no,7,8192,1483.69
2,jemalloc,reallocate,65536,256,1,basic,no,7,8192,404.653
2,standard,reallocate_zeroed,65536,256,1,basic,no,7,8192,2016.87
2,mimalloc,reallocate_zeroed,65536,256,1,basic,no,7,8192,2143.75
2,jemalloc,reallocate_zeroed,65536,256,1,basic,no,7,8192,983.831
2,standard,batch,65536,256,1,basic,no,7,8192,286.652
2,mimalloc,batch,65536,256,1,basic,no,7,8192,134.242
2,jemalloc,batch,65536,256,1,basic,no,7,8192,254.283
2,standard,mixed_lifetime,65536,256,1,basic,no,7,8192,177.389
2,mimalloc,mixed_lifetime,65536,256,1,basic,no,7,8192,29.3782
2,jemalloc,mixed_lifetime,65536,256,1,basic,no,7,8192,165.161
2,standard,owned_block,65536,256,1,basic,no,7,8192,1545.5
2,mimalloc,owned_block,65536,256,1,basic,no,7,8192,1618.15
2,jemalloc,owned_block,65536,256,1,basic,no,7,8192,408.666
2,standard,raw,64,16,1,disabled,no,7,8192,38.681
2,mimalloc,raw,64,16,1,disabled,no,7,8192,6.84607
2,jemalloc,raw,64,16,1,disabled,no,7,8192,16.2607
2,standard,zeroed,64,16,1,disabled,no,7,8192,42.8263
2,mimalloc,zeroed,64,16,1,disabled,no,7,8192,9.95886
2,jemalloc,zeroed,64,16,1,disabled,no,7,8192,17.741
2,standard,reallocate,64,16,1,disabled,no,7,8192,79.4525
2,mimalloc,reallocate,64,16,1,disabled,no,7,8192,15.564
2,jemalloc,reallocate,64,16,1,disabled,no,7,8192,40.975
2,standard,reallocate_zeroed,64,16,1,disabled,no,7,8192,83.3639
2,mimalloc,reallocate_zeroed,64,16,1,disabled,no,7,8192,17.4408
2,jemalloc,reallocate_zeroed,64,16,1,disabled,no,7,8192,43.0653
2,standard,batch,64,16,1,disabled,no,7,8192,36.6262
2,mimalloc,batch,64,16,1,disabled,no,7,8192,6.09839
2,jemalloc,batch,64,16,1,disabled,no,7,8192,16.0269
2,standard,mixed_lifetime,64,16,1,disabled,no,7,8192,23.5342
2,mimalloc,mixed_lifetime,64,16,1,disabled,no,7,8192,7.79211
2,jemalloc,mixed_lifetime,64,16,1,disabled,no,7,8192,12.9904
2,standard,owned_block,64,16,1,disabled,no,7,8192,80.7445
2,mimalloc,owned_block,64,16,1,disabled,no,7,8192,16.8508
2,jemalloc,owned_block,64,16,1,disabled,no,7,8192,43.2434
2,standard,typed_raw,64,1,1,disabled,no,7,8192,35.3241
2,mimalloc,typed_raw,64,1,1,disabled,no,7,8192,6.17468
2,jemalloc,typed_raw,64,1,1,disabled,no,7,8192,15.2233
2,standard,create_destroy,64,1,1,disabled,no,7,8192,37.7552
2,mimalloc,create_destroy,64,1,1,disabled,no,7,8192,6.16968
2,jemalloc,create_destroy,64,1,1,disabled,no,7,8192,15.1875
2,standard,object,64,1,1,disabled,no,7,8192,36.8145
2,mimalloc,object,64,1,1,disabled,no,7,8192,6.16968
2,jemalloc,object,64,1,1,disabled,no,7,8192,15.1876
2,standard,shared_object,64,1,1,disabled,no,7,8192,41.0665
2,mimalloc,shared_object,64,1,1,disabled,no,7,8192,9.82666
2,jemalloc,shared_object,64,1,1,disabled,no,7,8192,18.9819
2,standard,array,64,1,1,disabled,no,7,8192,38.5793
2,mimalloc,array,64,1,1,disabled,no,7,8192,7.4259
2,jemalloc,array,64,1,1,disabled,no,7,8192,16.3574
2,standard,std_vector,256,8,1,disabled,no,7,8192,251.562
2,mimalloc,std_vector,256,8,1,disabled,no,7,8192,67.0929
2,jemalloc,std_vector,256,8,1,disabled,no,7,8192,123.927
2,standard,pmr_vector,256,8,1,disabled,no,7,8192,244.354
2,mimalloc,pmr_vector,256,8,1,disabled,no,7,8192,83.0433
2,jemalloc,pmr_vector,256,8,1,disabled,no,7,8192,143.967
2,mimalloc,raw,64,16,1,disabled,yes,7,8192,8.39233
2,jemalloc,raw,64,16,1,disabled,yes,7,8192,98.877
2,mimalloc,zeroed,64,16,1,disabled,yes,7,8192,12.1205
2,jemalloc,zeroed,64,16,1,disabled,yes,7,8192,101.857
2,mimalloc,reallocate,64,16,1,disabled,yes,7,8192,17.0034
2,jemalloc,reallocate,64,16,1,disabled,yes,7,8192,213.689
2,mimalloc,reallocate_zeroed,64,16,1,disabled,yes,7,8192,18.8802
2,jemalloc,reallocate_zeroed,64,16,1,disabled,yes,7,8192,219.666
2,mimalloc,batch,64,16,1,disabled,yes,7,8192,7.604
2,jemalloc,batch,64,16,1,disabled,yes,7,8192,35.2478
2,mimalloc,mixed_lifetime,64,16,1,disabled,yes,7,8192,9.14514
2,jemalloc,mixed_lifetime,64,16,1,disabled,yes,7,8192,23.6206
2,mimalloc,owned_block,64,16,1,disabled,yes,7,8192,18.6157
2,jemalloc,owned_block,64,16,1,disabled,yes,7,8192,215.403
2,mimalloc,typed_raw,64,1,1,disabled,yes,7,8192,6.16968
2,jemalloc,typed_raw,64,1,1,disabled,yes,7,8192,97.4478
2,mimalloc,create_destroy,64,1,1,disabled,yes,7,8192,6.1748
2,jemalloc,create_destroy,64,1,1,disabled,yes,7,8192,97.9614
2,mimalloc,object,64,1,1,disabled,yes,7,8192,6.17981
2,jemalloc,object,64,1,1,disabled,yes,7,8192,97.4935
2,mimalloc,shared_object,64,1,1,disabled,yes,7,8192,10.1522
2,jemalloc,shared_object,64,1,1,disabled,yes,7,8192,110.301
2,mimalloc,array,64,1,1,disabled,yes,7,8192,7.42078
2,jemalloc,array,64,1,1,disabled,yes,7,8192,101.68
2,mimalloc,std_vector,256,8,1,disabled,yes,7,8192,67.627
2,jemalloc,std_vector,256,8,1,disabled,yes,7,8192,677.892
2,mimalloc,pmr_vector,256,8,1,disabled,yes,7,8192,93.4957
2,jemalloc,pmr_vector,256,8,1,disabled,yes,7,8192,680.908
2,mimalloc,raw,64,16,1,basic,yes,7,8192,9.96899
2,jemalloc,raw,64,16,1,basic,yes,7,8192,101.796
2,mimalloc,zeroed,64,16,1,basic,yes,7,8192,14.3076
2,jemalloc,zeroed,64,16,1,basic,yes,7,8192,104.319
2,mimalloc,reallocate,64,16,1,basic,yes,7,8192,20.4365
2,jemalloc,reallocate,64,16,1,basic,yes,7,8192,217.946
2,mimalloc,reallocate_zeroed,64,16,1,basic,yes,7,8192,22.3033
2,jemalloc,reallocate_zeroed,64,16,1,basic,yes,7,8192,222.758
2,mimalloc,batch,64,16,1,basic,yes,7,8192,9.64355
2,jemalloc,batch,64,16,1,basic,yes,7,8192,38.4318
2,mimalloc,mixed_lifetime,64,16,1,basic,yes,7,8192,10.4269
2,jemalloc,mixed_lifetime,64,16,1,basic,yes,7,8192,24.5005
2,mimalloc,owned_block,64,16,1,basic,yes,7,8192,22.6389
2,jemalloc,owned_block,64,16,1,basic,yes,7,8192,219.386
2,mimalloc,typed_raw,64,1,1,basic,yes,7,8192,8.53479
2,jemalloc,typed_raw,64,1,1,basic,yes,7,8192,101.593
2,mimalloc,create_destroy,64,1,1,basic,yes,7,8192,8.37195
2,jemalloc,create_destroy,64,1,1,basic,yes,7,8192,99.7467
2,mimalloc,object,64,1,1,basic,yes,7,8192,8.37195
2,jemalloc,object,64,1,1,basic,yes,7,8192,99.7467
2,mimalloc,shared_object,64,1,1,basic,yes,7,8192,15.2384
2,jemalloc,shared_object,64,1,1,basic,yes,7,8192,112.183
2,mimalloc,array,64,1,1,basic,yes,7,8192,9.61304
2,jemalloc,array,64,1,1,basic,yes,7,8192,103.958
2,mimalloc,std_vector,256,8,1,basic,yes,7,8192,77.0111
2,jemalloc,std_vector,256,8,1,basic,yes,7,8192,703.573
2,mimalloc,pmr_vector,256,8,1,basic,yes,7,8192,99.65
2,jemalloc,pmr_vector,256,8,1,basic,yes,7,8192,708.374
2,standard,raw,64,64,1,disabled,no,7,8192,38.6913
2,mimalloc,raw,64,64,1,disabled,no,7,8192,6.84607
2,jemalloc,raw,64,64,1,disabled,no,7,8192,16.2557
2,standard,zeroed,64,64,1,disabled,no,7,8192,42.7755
2,mimalloc,zeroed,64,64,1,disabled,no,7,8192,9.95886
2,jemalloc,zeroed,64,64,1,disabled,no,7,8192,17.7408
2,standard,reallocate,64,64,1,disabled,no,7,8192,79.4424
2,mimalloc,reallocate,64,64,1,disabled,no,7,8192,15.2689
2,jemalloc,reallocate,64,64,1,disabled,no,7,8192,40.975
2,standard,reallocate_zeroed,64,64,1,disabled,no,7,8192,83.7352
2,mimalloc,reallocate_zeroed,64,64,1,disabled,no,7,8192,17.1458
2,jemalloc,reallocate_zeroed,64,64,1,disabled,no,7,8192,43.0706
2,standard,batch,64,64,1,disabled,no,7,8192,36.6211
2,mimalloc,batch,64,64,1,disabled,no,7,8192,6.10352
2,jemalloc,batch,64,64,1,disabled,no,7,8192,16.037
2,standard,mixed_lifetime,64,64,1,disabled,no,7,8192,23.4222
2,mimalloc,mixed_lifetime,64,64,1,disabled,no,7,8192,7.88879
2,jemalloc,mixed_lifetime,64,64,1,disabled,no,7,8192,12.8632
2,standard,owned_block,64,64,1,disabled,no,7,8192,80.78
2,mimalloc,owned_block,64,64,1,disabled,no,7,8192,16.8558
2,jemalloc,owned_block,64,64,1,disabled,no,7,8192,43.2434
2,mimalloc,raw,64,64,1,disabled,yes,7,8192,8.39233
2,jemalloc,raw,64,64,1,disabled,yes,7,8192,98.2158
2,mimalloc,zeroed,64,64,1,disabled,yes,7,8192,12.1206
2,jemalloc,zeroed,64,64,1,disabled,yes,7,8192,101.817
2,mimalloc,reallocate,64,64,1,disabled,yes,7,8192,17.0034
2,jemalloc,reallocate,64,64,1,disabled,yes,7,8192,213.994
2,mimalloc,reallocate_zeroed,64,64,1,disabled,yes,7,8192,18.8802
2,jemalloc,reallocate_zeroed,64,64,1,disabled,yes,7,8192,219.416
2,mimalloc,batch,64,64,1,disabled,yes,7,8192,7.62427
2,jemalloc,batch,64,64,1,disabled,yes,7,8192,35.2885
2,mimalloc,mixed_lifetime,64,64,1,disabled,yes,7,8192,9.18066
2,jemalloc,mixed_lifetime,64,64,1,disabled,yes,7,8192,23.5697
2,mimalloc,owned_block,64,64,1,disabled,yes,7,8192,18.6157
2,jemalloc,owned_block,64,64,1,disabled,yes,7,8192,215.459
2,mimalloc,raw,64,64,1,basic,yes,7,8192,9.96912
2,jemalloc,raw,64,64,1,basic,yes,7,8192,100.596
2,mimalloc,zeroed,64,64,1,basic,yes,7,8192,14.3076
2,jemalloc,zeroed,64,64,1,basic,yes,7,8192,104.34
2,mimalloc,reallocate,64,64,1,basic,yes,7,8192,20.4366
2,jemalloc,reallocate,64,64,1,basic,yes,7,8192,218.079
2,mimalloc,reallocate_zeroed,64,64,1,basic,yes,7,8192,22.3135
2,jemalloc,reallocate_zeroed,64,64,1,basic,yes,7,8192,223.404
2,mimalloc,batch,64,64,1,basic,yes,7,8192,9.47058
2,jemalloc,batch,64,64,1,basic,yes,7,8192,37.6995
2,mimalloc,mixed_lifetime,64,64,1,basic,yes,7,8192,10.4624
2,jemalloc,mixed_lifetime,64,64,1,basic,yes,7,8192,24.4191
2,mimalloc,owned_block,64,64,1,basic,yes,7,8192,22.6338
2,jemalloc,owned_block,64,64,1,basic,yes,7,8192,219.63
2,standard,raw,64,256,1,disabled,no,7,8192,38.9761
2,mimalloc,raw,64,256,1,disabled,no,7,8192,10.6812
2,jemalloc,raw,64,256,1,disabled,no,7,8192,16.4999
2,standard,zeroed,64,256,1,disabled,no,7,8192,43.1721
2,mimalloc,zeroed,64,256,1,disabled,no,7,8192,14.0533
2,jemalloc,zeroed,64,256,1,disabled,no,7,8192,19.0684
2,standard,reallocate,64,256,1,disabled,no,7,8192,79.8849
2,mimalloc,reallocate,64,256,1,disabled,no,7,8192,18.1326
2,jemalloc,reallocate,64,256,1,disabled,no,7,8192,35.8734
2,standard,reallocate_zeroed,64,256,1,disabled,no,7,8192,83.7759
2,mimalloc,reallocate_zeroed,64,256,1,disabled,no,7,8192,21.5251
2,jemalloc,reallocate_zeroed,64,256,1,disabled,no,7,8192,38.0656
2,standard,batch,64,256,1,disabled,no,7,8192,36.8652
2,mimalloc,batch,64,256,1,disabled,no,7,8192,9.51135
2,jemalloc,batch,64,256,1,disabled,no,7,8192,16.2354
2,standard,mixed_lifetime,64,256,1,disabled,no,7,8192,23.646
2,mimalloc,mixed_lifetime,64,256,1,disabled,no,7,8192,11.4797
2,jemalloc,mixed_lifetime,64,256,1,disabled,no,7,8192,13.092
2,standard,owned_block,64,256,1,disabled,no,7,8192,81.2073
2,mimalloc,owned_block,64,256,1,disabled,no,7,8192,22.0743
2,jemalloc,owned_block,64,256,1,disabled,no,7,8192,37.501
2,mimalloc,raw,64,256,1,disabled,yes,7,8192,15.9912
2,jemalloc,raw,64,256,1,disabled,yes,7,8192,96.4863
2,mimalloc,zeroed,64,256,1,disabled,yes,7,8192,17.8578
2,jemalloc,zeroed,64,256,1,disabled,yes,7,8192,99.8535
2,mimalloc,reallocate,64,256,1,disabled,yes,7,8192,23.7173
2,jemalloc,reallocate,64,256,1,disabled,yes,7,8192,116.674
2,mimalloc,reallocate_zeroed,64,256,1,disabled,yes,7,8192,25.4211
2,jemalloc,reallocate_zeroed,64,256,1,disabled,yes,7,8192,121.643
2,mimalloc,batch,64,256,1,disabled,yes,7,8192,12.0291
2,jemalloc,batch,64,256,1,disabled,yes,7,8192,34.6272
2,mimalloc,mixed_lifetime,64,256,1,disabled,yes,7,8192,11.9526
2,jemalloc,mixed_lifetime,64,256,1,disabled,yes,7,8192,25.7467
2,mimalloc,owned_block,64,256,1,disabled,yes,7,8192,25.7568
2,jemalloc,owned_block,64,256,1,disabled,yes,7,8192,118.525
2,mimalloc,raw,64,256,1,basic,yes,7,8192,17.3696
2,jemalloc,raw,64,256,1,basic,yes,7,8192,99.0143
2,mimalloc,zeroed,64,256,1,basic,yes,7,8192,20.0908
2,jemalloc,zeroed,64,256,1,basic,yes,7,8192,102.305
2,mimalloc,reallocate,64,256,1,basic,yes,7,8192,27.6541
2,jemalloc,reallocate,64,256,1,basic,yes,7,8192,121.231
2,mimalloc,reallocate_zeroed,64,256,1,basic,yes,7,8192,29.5513
2,jemalloc,reallocate_zeroed,64,256,1,basic,yes,7,8192,126.063
2,mimalloc,batch,64,256,1,basic,yes,7,8192,14.2313
2,jemalloc,batch,64,256,1,basic,yes,7,8192,36.972
2,mimalloc,mixed_lifetime,64,256,1,basic,yes,7,8192,13.6108
2,jemalloc,mixed_lifetime,64,256,1,basic,yes,7,8192,26.886
2,mimalloc,owned_block,64,256,1,basic,yes,7,8192,29.7496
2,jemalloc,owned_block,64,256,1,basic,yes,7,8192,122.965
2,standard,raw,256,16,1,disabled,no,7,8192,38.9709
2,mimalloc,raw,256,16,1,disabled,no,7,8192,6.14417
2,jemalloc,raw,256,16,1,disabled,no,7,8192,16.5049
2,standard,zeroed,256,16,1,disabled,no,7,8192,42.3228
2,mimalloc,zeroed,256,16,1,disabled,no,7,8192,8.02612
2,jemalloc,zeroed,256,16,1,disabled,no,7,8192,19.0735
2,standard,reallocate,256,16,1,disabled,no,7,8192,82.7739
2,mimalloc,reallocate,256,16,1,disabled,no,7,8192,20.1517
2,jemalloc,reallocate,256,16,1,disabled,no,7,8192,45.4814
2,standard,reallocate_zeroed,256,16,1,disabled,no,7,8192,86.731
2,mimalloc,reallocate_zeroed,256,16,1,disabled,no,7,8192,22.2931
2,jemalloc,reallocate_zeroed,256,16,1,disabled,no,7,8192,48.0244
2,standard,batch,256,16,1,disabled,no,7,8192,36.9974
2,mimalloc,batch,256,16,1,disabled,no,7,8192,6.09338
2,jemalloc,batch,256,16,1,disabled,no,7,8192,16.2506
2,standard,mixed_lifetime,256,16,1,disabled,no,7,8192,23.8392
2,mimalloc,mixed_lifetime,256,16,1,disabled,no,7,8192,8.10242
2,jemalloc,mixed_lifetime,256,16,1,disabled,no,7,8192,13.326
2,standard,owned_block,256,16,1,disabled,no,7,8192,84.4319
2,mimalloc,owned_block,256,16,1,disabled,no,7,8192,30.4006
2,jemalloc,owned_block,256,16,1,disabled,no,7,8192,47.9584
2,standard,typed_raw,256,1,1,disabled,no,7,8192,35.6038
2,mimalloc,typed_raw,256,1,1,disabled,no,7,8192,5.45251
2,jemalloc,typed_raw,256,1,1,disabled,no,7,8192,15.4368
2,standard,array,256,1,1,disabled,no,7,8192,38.8439
2,mimalloc,array,256,1,1,disabled,no,7,8192,6.72412
2,jemalloc,array,256,1,1,disabled,no,7,8192,16.7898
2,mimalloc,raw,256,16,1,disabled,yes,7,8192,9.26208
2,jemalloc,raw,256,16,1,disabled,yes,7,8192,96.3846
2,mimalloc,zeroed,256,16,1,disabled,yes,7,8192,11.6882
2,jemalloc,zeroed,256,16,1,disabled,yes,7,8192,99.8789
2,mimalloc,reallocate,256,16,1,disabled,yes,7,8192,21.703
2,jemalloc,reallocate,256,16,1,disabled,yes,7,8192,213.013
2,mimalloc,reallocate_zeroed,256,16,1,disabled,yes,7,8192,23.6002
2,jemalloc,reallocate_zeroed,256,16,1,disabled,yes,7,8192,218.318
2,mimalloc,batch,256,16,1,disabled,yes,7,8192,7.64978
2,jemalloc,batch,256,16,1,disabled,yes,7,8192,34.5917
2,mimalloc,mixed_lifetime,256,16,1,disabled,yes,7,8192,9.65881
2,jemalloc,mixed_lifetime,256,16,1,disabled,yes,7,8192,24.6989
2,mimalloc,owned_block,256,16,1,disabled,yes,7,8192,26.474
2,jemalloc,owned_block,256,16,1,disabled,yes,7,8192,214.452
2,mimalloc,typed_raw,256,1,1,disabled,yes,7,8192,6.92236
2,jemalloc,typed_raw,256,1,1,disabled,yes,7,8192,95.459
2,mimalloc,array,256,1,1,disabled,yes,7,8192,8.23975
2,jemalloc,array,256,1,1,disabled,yes,7,8192,99.3907
2,mimalloc,raw,256,16,1,basic,yes,7,8192,10.8948
2,jemalloc,raw,256,16,1,basic,yes,7,8192,98.9888
2,mimalloc,zeroed,256,16,1,basic,yes,7,8192,13.9822
2,jemalloc,zeroed,256,16,1,basic,yes,7,8192,102.31
2,mimalloc,reallocate,256,16,1,basic,yes,7,8192,24.6937
2,jemalloc,reallocate,256,16,1,basic,yes,7,8192,216.665
2,mimalloc,reallocate_zeroed,256,16,1,basic,yes,7,8192,26.8911
2,jemalloc,reallocate_zeroed,256,16,1,basic,yes,7,8192,221.044
2,mimalloc,batch,256,16,1,basic,yes,7,8192,9.49609
2,jemalloc,batch,256,16,1,basic,yes,7,8192,36.967
2,mimalloc,mixed_lifetime,256,16,1,basic,yes,7,8192,11.0474
2,jemalloc,mixed_lifetime,256,16,1,basic,yes,7,8192,25.6603
2,mimalloc,owned_block,256,16,1,basic,yes,7,8192,27.6693
2,jemalloc,owned_block,256,16,1,basic,yes,7,8192,218.572
2,mimalloc,typed_raw,256,1,1,basic,yes,7,8192,9.18579
2,jemalloc,typed_raw,256,1,1,basic,yes,7,8192,98.1497
2,mimalloc,array,256,1,1,basic,yes,7,8192,10.7778
2,jemalloc,array,256,1,1,basic,yes,7,8192,101.43
2,standard,raw,256,64,1,disabled,no,7,8192,39.6271
2,mimalloc,raw,256,64,1,disabled,no,7,8192,6.14417
2,jemalloc,raw,256,64,1,disabled,no,7,8192,16.4999
2,standard,zeroed,256,64,1,disabled,no,7,8192,42.3228
2,mimalloc,zeroed,256,64,1,disabled,no,7,8192,8.02112
2,jemalloc,zeroed,256,64,1,disabled,no,7,8192,19.0684
2,standard,reallocate,256,64,1,disabled,no,7,8192,82.7738
2,mimalloc,reallocate,256,64,1,disabled,no,7,8192,18.3156
2,jemalloc,reallocate,256,64,1,disabled,no,7,8192,45.5068
2,standard,reallocate_zeroed,256,64,1,disabled,no,7,8192,86.7106
2,mimalloc,reallocate_zeroed,256,64,1,disabled,no,7,8192,20.2585
2,jemalloc,reallocate_zeroed,256,64,1,disabled,no,7,8192,48.0398
2,standard,batch,256,64,1,disabled,no,7,8192,36.9365
2,mimalloc,batch,256,64,1,disabled,no,7,8192,6.08826
2,jemalloc,batch,256,64,1,disabled,no,7,8192,16.2455
2,standard,mixed_lifetime,256,64,1,disabled,no,7,8192,23.8545
2,mimalloc,mixed_lifetime,256,64,1,disabled,no,7,8192,8.13806
2,jemalloc,mixed_lifetime,256,64,1,disabled,no,7,8192,13.382
2,standard,owned_block,256,64,1,disabled,no,7,8192,84.2081
2,mimalloc,owned_block,256,64,1,disabled,no,7,8192,30.3549
2,jemalloc,owned_block,256,64,1,disabled,no,7,8192,47.9482
2,mimalloc,raw,256,64,1,disabled,yes,7,8192,9.26721
2,jemalloc,raw,256,64,1,disabled,yes,7,8192,97.3053
2,mimalloc,zeroed,256,64,1,disabled,yes,7,8192,11.6932
2,jemalloc,zeroed,256,64,1,disabled,yes,7,8192,99.8636
2,mimalloc,reallocate,256,64,1,disabled,yes,7,8192,21.7031
2,jemalloc,reallocate,256,64,1,disabled,yes,7,8192,212.804
2,mimalloc,reallocate_zeroed,256,64,1,disabled,yes,7,8192,23.6053
2,jemalloc,reallocate_zeroed,256,64,1,disabled,yes,7,8192,218.246
2,mimalloc,batch,256,64,1,disabled,yes,7,8192,7.65479
2,jemalloc,batch,256,64,1,disabled,yes,7,8192,34.5917
2,mimalloc,mixed_lifetime,256,64,1,disabled,yes,7,8192,9.58765
2,jemalloc,mixed_lifetime,256,64,1,disabled,yes,7,8192,24.8617
2,mimalloc,owned_block,256,64,1,disabled,yes,7,8192,26.7842
2,jemalloc,owned_block,256,64,1,disabled,yes,7,8192,217.188
2,mimalloc,raw,256,64,1,basic,yes,7,8192,11.7493
2,jemalloc,raw,256,64,1,basic,yes,7,8192,110.469
2,mimalloc,zeroed,256,64,1,basic,yes,7,8192,16.9525
2,jemalloc,zeroed,256,64,1,basic,yes,7,8192,130.768
2,mimalloc,reallocate,256,64,1,basic,yes,7,8192,24.7141
2,jemalloc,reallocate,256,64,1,basic,yes,7,8192,217.402
2,mimalloc,reallocate_zeroed,256,64,1,basic,yes,7,8192,26.8961
2,jemalloc,reallocate_zeroed,256,64,1,basic,yes,7,8192,221.827
2,mimalloc,batch,256,64,1,basic,yes,7,8192,9.52649
2,jemalloc,batch,256,64,1,basic,yes,7,8192,36.9364
2,mimalloc,mixed_lifetime,256,64,1,basic,yes,7,8192,11.0372
2,jemalloc,mixed_lifetime,256,64,1,basic,yes,7,8192,25.7008
2,mimalloc,owned_block,256,64,1,basic,yes,7,8192,27.6388
2,jemalloc,owned_block,256,64,1,basic,yes,7,8192,218.903
2,standard,raw,256,256,1,disabled,no,7,8192,38.9557
2,mimalloc,raw,256,256,1,disabled,no,7,8192,6.14929
2,jemalloc,raw,256,256,1,disabled,no,7,8192,16.505
2,standard,zeroed,256,256,1,disabled,no,7,8192,42.3075
2,mimalloc,zeroed,256,256,1,disabled,no,7,8192,8.02612
2,jemalloc,zeroed,256,256,1,disabled,no,7,8192,19.0684
2,standard,reallocate,256,256,1,disabled,no,7,8192,82.7789
2,mimalloc,reallocate,256,256,1,disabled,no,7,8192,18.3157
2,jemalloc,reallocate,256,256,1,disabled,no,7,8192,45.4865
2,standard,reallocate_zeroed,256,256,1,disabled,no,7,8192,86.7004
2,mimalloc,reallocate_zeroed,256,256,1,disabled,no,7,8192,20.2535
2,jemalloc,reallocate_zeroed,256,256,1,disabled,no,7,8192,48.0398
2,standard,batch,256,256,1,disabled,no,7,8192,36.9314
2,mimalloc,batch,256,256,1,disabled,no,7,8192,6.08313
2,jemalloc,batch,256,256,1,disabled,no,7,8192,16.2405
2,standard,mixed_lifetime,256,256,1,disabled,no,7,8192,23.9258
2,mimalloc,mixed_lifetime,256,256,1,disabled,no,7,8192,8.74829
2,jemalloc,mixed_lifetime,256,256,1,disabled,no,7,8192,13.2344
2,standard,owned_block,256,256,1,disabled,no,7,8192,84.2133
2,mimalloc,owned_block,256,256,1,disabled,no,7,8192,30.3446
2,jemalloc,owned_block,256,256,1,disabled,no,7,8192,47.9481
2,mimalloc,raw,256,256,1,disabled,yes,7,8192,9.25696
2,jemalloc,raw,256,256,1,disabled,yes,7,8192,96.2118
2,mimalloc,zeroed,256,256,1,disabled,yes,7,8192,11.7136
2,jemalloc,zeroed,256,256,1,disabled,yes,7,8192,99.884
2,mimalloc,reallocate,256,256,1,disabled,yes,7,8192,21.698
2,jemalloc,reallocate,256,256,1,disabled,yes,7,8192,212.942
2,mimalloc,reallocate_zeroed,256,256,1,disabled,yes,7,8192,23.6359
2,jemalloc,reallocate_zeroed,256,256,1,disabled,yes,7,8192,218.455
2,mimalloc,batch,256,256,1,disabled,yes,7,8192,7.6344
2,jemalloc,batch,256,256,1,disabled,yes,7,8192,34.6069
2,mimalloc,mixed_lifetime,256,256,1,disabled,yes,7,8192,10.1267
2,jemalloc,mixed_lifetime,256,256,1,disabled,yes,7,8192,24.7396
2,mimalloc,owned_block,256,256,1,disabled,yes,7,8192,25.4211
2,jemalloc,owned_block,256,256,1,disabled,yes,7,8192,214.05
2,mimalloc,raw,256,256,1,basic,yes,7,8192,10.8846
2,jemalloc,raw,256,256,1,basic,yes,7,8192,99.1058
2,mimalloc,zeroed,256,256,1,basic,yes,7,8192,13.9821
2,jemalloc,zeroed,256,256,1,basic,yes,7,8192,102.295
2,mimalloc,reallocate,256,256,1,basic,yes,7,8192,24.704
2,jemalloc,reallocate,256,256,1,basic,yes,7,8192,216.756
2,mimalloc,reallocate_zeroed,256,256,1,basic,yes,7,8192,26.8656
2,jemalloc,reallocate_zeroed,256,256,1,basic,yes,7,8192,221.944
2,mimalloc,batch,256,256,1,basic,yes,7,8192,9.48596
2,jemalloc,batch,256,256,1,basic,yes,7,8192,36.9364
2,mimalloc,mixed_lifetime,256,256,1,basic,yes,7,8192,11.6221
2,jemalloc,mixed_lifetime,256,256,1,basic,yes,7,8192,25.7568
2,mimalloc,owned_block,256,256,1,basic,yes,7,8192,27.6541
2,jemalloc,owned_block,256,256,1,basic,yes,7,8192,218.592
2,standard,raw,4096,16,1,disabled,no,7,8192,44.3776
2,mimalloc,raw,4096,16,1,disabled,no,7,8192,15.0248
2,jemalloc,raw,4096,16,1,disabled,no,7,8192,21.347
2,standard,zeroed,4096,16,1,disabled,no,7,8192,83.0485
2,mimalloc,zeroed,4096,16,1,disabled,no,7,8192,56.3812
2,jemalloc,zeroed,4096,16,1,disabled,no,7,8192,64.7736
2,standard,reallocate,4096,16,1,disabled,no,7,8192,151.906
2,mimalloc,reallocate,4096,16,1,disabled,no,7,8192,92.2039
2,jemalloc,reallocate,4096,16,1,disabled,no,7,8192,116.257
2,standard,reallocate_zeroed,4096,16,1,disabled,no,7,8192,195.257
2,mimalloc,reallocate_zeroed,4096,16,1,disabled,no,7,8192,126.114
2,jemalloc,reallocate_zeroed,4096,16,1,disabled,no,7,8192,152.156
2,standard,batch,4096,16,1,disabled,no,7,8192,72.9115
2,mimalloc,batch,4096,16,1,disabled,no,7,8192,43.401
2,jemalloc,batch,4096,16,1,disabled,no,7,8192,49.7385
2,standard,mixed_lifetime,4096,16,1,disabled,no,7,8192,35.5428
2,mimalloc,mixed_lifetime,4096,16,1,disabled,no,7,8192,20.8384
2,jemalloc,mixed_lifetime,4096,16,1,disabled,no,7,8192,22.9238
2,standard,owned_block,4096,16,1,disabled,no,7,8192,160.334
2,mimalloc,owned_block,4096,16,1,disabled,no,7,8192,94.7672
2,jemalloc,owned_block,4096,16,1,disabled,no,7,8192,119.242
2,standard,typed_raw,4096,1,1,disabled,no,7,8192,41.3462
2,mimalloc,typed_raw,4096,1,1,disabled,no,7,8192,12.3392
2,jemalloc,typed_raw,4096,1,1,disabled,no,7,8192,19.9789
2,standard,array,4096,1,1,disabled,no,7,8192,76.655
2,mimalloc,array,4096,1,1,disabled,no,7,8192,51.2898
2,jemalloc,array,4096,1,1,disabled,no,7,8192,58.5836
2,mimalloc,raw,4096,16,1,disabled,yes,7,8192,17.2272
2,jemalloc,raw,4096,16,1,disabled,yes,7,8192,100.957
2,mimalloc,zeroed,4096,16,1,disabled,yes,7,8192,58.1562
2,jemalloc,zeroed,4096,16,1,disabled,yes,7,8192,142.522
2,mimalloc,reallocate,4096,16,1,disabled,yes,7,8192,95.7844
2,jemalloc,reallocate,4096,16,1,disabled,yes,7,8192,282.776
2,mimalloc,reallocate_zeroed,4096,16,1,disabled,yes,7,8192,128.952
2,jemalloc,reallocate_zeroed,4096,16,1,disabled,yes,7,8192,321.365
2,mimalloc,batch,4096,16,1,disabled,yes,7,8192,45.7203
2,jemalloc,batch,4096,16,1,disabled,yes,7,8192,62.6475
2,mimalloc,mixed_lifetime,4096,16,1,disabled,yes,7,8192,21.9829
2,jemalloc,mixed_lifetime,4096,16,1,disabled,yes,7,8192,59.2855
2,mimalloc,owned_block,4096,16,1,disabled,yes,7,8192,96.3083
2,jemalloc,owned_block,4096,16,1,disabled,yes,7,8192,285.65
2,mimalloc,typed_raw,4096,1,1,disabled,yes,7,8192,11.9375
2,jemalloc,typed_raw,4096,1,1,disabled,yes,7,8192,100.128
2,mimalloc,array,4096,1,1,disabled,yes,7,8192,53.2583
2,jemalloc,array,4096,1,1,disabled,yes,7,8192,137.054
2,mimalloc,raw,4096,16,1,basic,yes,7,8192,20.0247
2,jemalloc,raw,4096,16,1,basic,yes,7,8192,103.429
2,mimalloc,zeroed,4096,16,1,basic,yes,7,8192,61.1725
2,jemalloc,zeroed,4096,16,1,basic,yes,7,8192,144.989
2,mimalloc,reallocate,4096,16,1,basic,yes,7,8192,98.699
2,jemalloc,reallocate,4096,16,1,basic,yes,7,8192,286.209
2,mimalloc,reallocate_zeroed,4096,16,1,basic,yes,7,8192,132.609
2,jemalloc,reallocate_zeroed,4096,16,1,basic,yes,7,8192,325.104
2,mimalloc,batch,4096,16,1,basic,yes,7,8192,46.1375
2,jemalloc,batch,4096,16,1,basic,yes,7,8192,66.4572
2,mimalloc,mixed_lifetime,4096,16,1,basic,yes,7,8192,22.8933
2,jemalloc,mixed_lifetime,4096,16,1,basic,yes,7,8192,60.6995
2,mimalloc,owned_block,4096,16,1,basic,yes,7,8192,100.276
2,jemalloc,owned_block,4096,16,1,basic,yes,7,8192,289.917
2,mimalloc,typed_raw,4096,1,1,basic,yes,7,8192,14.4449
2,jemalloc,typed_raw,4096,1,1,basic,yes,7,8192,102.488
2,mimalloc,array,4096,1,1,basic,yes,7,8192,54.2705
2,jemalloc,array,4096,1,1,basic,yes,7,8192,139.999
2,standard,raw,4096,64,1,disabled,no,7,8192,44.3522
2,mimalloc,raw,4096,64,1,disabled,no,7,8192,15.8081
2,jemalloc,raw,4096,64,1,disabled,no,7,8192,21.342
2,standard,zeroed,4096,64,1,disabled,no,7,8192,82.6976
2,mimalloc,zeroed,4096,64,1,disabled,no,7,8192,55.7709
2,jemalloc,zeroed,4096,64,1,disabled,no,7,8192,64.8702
2,standard,reallocate,4096,64,1,disabled,no,7,8192,151.998
2,mimalloc,reallocate,4096,64,1,disabled,no,7,8192,93.5822
2,jemalloc,reallocate,4096,64,1,disabled,no,7,8192,116.099
2,standard,reallocate_zeroed,4096,64,1,disabled,no,7,8192,195.109
2,mimalloc,reallocate_zeroed,4096,64,1,disabled,no,7,8192,127.879
2,jemalloc,reallocate_zeroed,4096,64,1,disabled,no,7,8192,151.042
2,standard,batch,4096,64,1,disabled,no,7,8192,72.7743
2,mimalloc,batch,4096,64,1,disabled,no,7,8192,41.0259
2,jemalloc,batch,4096,64,1,disabled,no,7,8192,49.8606
2,standard,mixed_lifetime,4096,64,1,disabled,no,7,8192,33.9102
2,mimalloc,mixed_lifetime,4096,64,1,disabled,no,7,8192,20.3348
2,jemalloc,mixed_lifetime,4096,64,1,disabled,no,7,8192,22.639
2,standard,owned_block,4096,64,1,disabled,no,7,8192,159.775
2,mimalloc,owned_block,4096,64,1,disabled,no,7,8192,94.8894
2,jemalloc,owned_block,4096,64,1,disabled,no,7,8192,118.596
2,mimalloc,raw,4096,64,1,disabled,yes,7,8192,17.2323
2,jemalloc,raw,4096,64,1,disabled,yes,7,8192,101.466
2,mimalloc,zeroed,4096,64,1,disabled,yes,7,8192,58.1665
2,jemalloc,zeroed,4096,64,1,disabled,yes,7,8192,142.395
2,mimalloc,reallocate,4096,64,1,disabled,yes,7,8192,95.8507
2,jemalloc,reallocate,4096,64,1,disabled,yes,7,8192,282.298
2,mimalloc,reallocate_zeroed,4096,64,1,disabled,yes,7,8192,128.947
2,jemalloc,reallocate_zeroed,4096,64,1,disabled,yes,7,8192,320.648
2,mimalloc,batch,4096,64,1,disabled,yes,7,8192,45.7052
2,jemalloc,batch,4096,64,1,disabled,yes,7,8192,64.0157
2,mimalloc,mixed_lifetime,4096,64,1,disabled,yes,7,8192,22.2931
2,jemalloc,mixed_lifetime,4096,64,1,disabled,yes,7,8192,59.1583
2,mimalloc,owned_block,4096,64,1,disabled,yes,7,8192,96.6288
2,jemalloc,owned_block,4096,64,1,disabled,yes,7,8192,285.517
2,mimalloc,raw,4096,64,1,basic,yes,7,8192,20.0298
2,jemalloc,raw,4096,64,1,basic,yes,7,8192,103.399
2,mimalloc,zeroed,4096,64,1,basic,yes,7,8192,61.1368
2,jemalloc,zeroed,4096,64,1,basic,yes,7,8192,144.989
2,mimalloc,reallocate,4096,64,1,basic,yes,7,8192,98.4446
2,jemalloc,reallocate,4096,64,1,basic,yes,7,8192,286.285
2,mimalloc,reallocate_zeroed,4096,64,1,basic,yes,7,8192,132.579
2,jemalloc,reallocate_zeroed,4096,64,1,basic,yes,7,8192,325.394
2,mimalloc,batch,4096,64,1,basic,yes,7,8192,48.4364
2,jemalloc,batch,4096,64,1,basic,yes,7,8192,66.04
2,mimalloc,mixed_lifetime,4096,64,1,basic,yes,7,8192,23.5342
2,jemalloc,mixed_lifetime,4096,64,1,basic,yes,7,8192,60.6232
2,mimalloc,owned_block,4096,64,1,basic,yes,7,8192,100.159
2,jemalloc,owned_block,4096,64,1,basic,yes,7,8192,289.302
2,standard,raw,4096,256,1,disabled,no,7,8192,44.3573
2,mimalloc,raw,4096,256,1,disabled,no,7,8192,15.8182
2,jemalloc,raw,4096,256,1,disabled,no,7,8192,21.3165
2,standard,zeroed,4096,256,1,disabled,no,7,8192,82.6721
2,mimalloc,zeroed,4096,256,1,disabled,no,7,8192,55.8269
2,jemalloc,zeroed,4096,256,1,disabled,no,7,8192,64.8346
2,standard,reallocate,4096,256,1,disabled,no,7,8192,152.12
2,mimalloc,reallocate,4096,256,1,disabled,no,7,8192,93.6279
2,jemalloc,reallocate,4096,256,1,disabled,no,7,8192,116.119
2,standard,reallocate_zeroed,4096,256,1,disabled,no,7,8192,195.307
2,mimalloc,reallocate_zeroed,4096,256,1,disabled,no,7,8192,127.207
2,jemalloc,reallocate_zeroed,4096,256,1,disabled,no,7,8192,151.886
2,standard,batch,4096,256,1,disabled,no,7,8192,74.2136
2,mimalloc,batch,4096,256,1,disabled,no,7,8192,43.1416
2,jemalloc,batch,4096,256,1,disabled,no,7,8192,50.7812
2,standard,mixed_lifetime,4096,256,1,disabled,no,7,8192,33.9559
2,mimalloc,mixed_lifetime,4096,256,1,disabled,no,7,8192,20.8538
2,jemalloc,mixed_lifetime,4096,256,1,disabled,no,7,8192,22.3236
2,standard,owned_block,4096,256,1,disabled,no,7,8192,160.253
2,mimalloc,owned_block,4096,256,1,disabled,no,7,8192,94.6808
2,jemalloc,owned_block,4096,256,1,disabled,no,7,8192,119.522
2,mimalloc,raw,4096,256,1,disabled,yes,7,8192,17.2222
2,jemalloc,raw,4096,256,1,disabled,yes,7,8192,101.425
2,mimalloc,zeroed,4096,256,1,disabled,yes,7,8192,58.1818
2,jemalloc,zeroed,4096,256,1,disabled,yes,7,8192,142.008
2,mimalloc,reallocate,4096,256,1,disabled,yes,7,8192,95.8658
2,jemalloc,reallocate,4096,256,1,disabled,yes,7,8192,282.817
2,mimalloc,reallocate_zeroed,4096,256,1,disabled,yes,7,8192,128.596
2,jemalloc,reallocate_zeroed,4096,256,1,disabled,yes,7,8192,320.587
2,mimalloc,batch,4096,256,1,disabled,yes,7,8192,45.8425
2,jemalloc,batch,4096,256,1,disabled,yes,7,8192,63.8326
2,mimalloc,mixed_lifetime,4096,256,1,disabled,yes,7,8192,22.4203
2,jemalloc,mixed_lifetime,4096,256,1,disabled,yes,7,8192,59.6211
2,mimalloc,owned_block,4096,256,1,disabled,yes,7,8192,95.9371
2,jemalloc,owned_block,4096,256,1,disabled,yes,7,8192,286.255
2,mimalloc,raw,4096,256,1,basic,yes,7,8192,20.0247
2,jemalloc,raw,4096,256,1,basic,yes,7,8192,103.46
2,mimalloc,zeroed,4096,256,1,basic,yes,7,8192,61.1572
2,jemalloc,zeroed,4096,256,1,basic,yes,7,8192,144.943
2,mimalloc,reallocate,4096,256,1,basic,yes,7,8192,98.0428
2,jemalloc,reallocate,4096,256,1,basic,yes,7,8192,288.106
2,mimalloc,reallocate_zeroed,4096,256,1,basic,yes,7,8192,133.28
2,jemalloc,reallocate_zeroed,4096,256,1,basic,yes,7,8192,327.911
2,mimalloc,batch,4096,256,1,basic,yes,7,8192,48.9655
2,jemalloc,batch,4096,256,1,basic,yes,7,8192,66.1113
2,mimalloc,mixed_lifetime,4096,256,1,basic,yes,7,8192,23.6256
2,jemalloc,mixed_lifetime,4096,256,1,basic,yes,7,8192,61.0962
2,mimalloc,owned_block,4096,256,1,basic,yes,7,8192,100.586
2,jemalloc,owned_block,4096,256,1,basic,yes,7,8192,289.861
2,standard,raw,65536,16,1,disabled,no,7,8192,254.278
2,mimalloc,raw,65536,16,1,disabled,no,7,8192,16.5966
2,jemalloc,raw,65536,16,1,disabled,no,7,8192,221.944
2,standard,zeroed,65536,16,1,disabled,no,7,8192,1024.39
2,mimalloc,zeroed,65536,16,1,disabled,no,7,8192,895.711
2,jemalloc,zeroed,65536,16,1,disabled,no,7,8192,1041.45
2,standard,reallocate,65536,16,1,disabled,no,7,8192,1896.73
2,mimalloc,reallocate,65536,16,1,disabled,no,7,8192,1796.73
2,jemalloc,reallocate,65536,16,1,disabled,no,7,8192,385.132
2,standard,reallocate_zeroed,65536,16,1,disabled,no,7,8192,2519.93
2,mimalloc,reallocate_zeroed,65536,16,1,disabled,no,7,8192,2499.83
2,jemalloc,reallocate_zeroed,65536,16,1,disabled,no,7,8192,1133.33
2,standard,batch,65536,16,1,disabled,no,7,8192,271.703
2,mimalloc,batch,65536,16,1,disabled,no,7,8192,131.831
2,jemalloc,batch,65536,16,1,disabled,no,7,8192,240.122
2,standard,mixed_lifetime,65536,16,1,disabled,no,7,8192,182.887
2,mimalloc,mixed_lifetime,65536,16,1,disabled,no,7,8192,34.9376
2,jemalloc,mixed_lifetime,65536,16,1,disabled,no,7,8192,172.628
2,standard,owned_block,65536,16,1,disabled,no,7,8192,1559.08
2,mimalloc,owned_block,65536,16,1,disabled,no,7,8192,1506.05
2,jemalloc,owned_block,65536,16,1,disabled,no,7,8192,403.992
2,standard,typed_raw,65536,1,1,disabled,no,7,8192,276.917
2,mimalloc,typed_raw,65536,1,1,disabled,no,7,8192,11.6375
2,jemalloc,typed_raw,65536,1,1,disabled,no,7,8192,242.879
2,standard,array,65536,1,1,disabled,no,7,8192,695.475
2,mimalloc,array,65536,1,1,disabled,no,7,8192,503.052
2,jemalloc,array,65536,1,1,disabled,no,7,8192,677.45
2,mimalloc,raw,65536,16,1,disabled,yes,7,8192,18.7786
2,jemalloc,raw,65536,16,1,disabled,yes,7,8192,165.1
2,mimalloc,zeroed,65536,16,1,disabled,yes,7,8192,898.839
2,jemalloc,zeroed,65536,16,1,disabled,yes,7,8192,985.57
2,mimalloc,reallocate,65536,16,1,disabled,yes,7,8192,1797.25
2,jemalloc,reallocate,65536,16,1,disabled,yes,7,8192,329.778
2,mimalloc,reallocate_zeroed,65536,16,1,disabled,yes,7,8192,2501.28
2,jemalloc,reallocate_zeroed,65536,16,1,disabled,yes,7,8192,1138.52
2,mimalloc,batch,65536,16,1,disabled,yes,7,8192,138.341
2,jemalloc,batch,65536,16,1,disabled,yes,7,8192,253.306
2,mimalloc,mixed_lifetime,65536,16,1,disabled,yes,7,8192,34.4797
2,jemalloc,mixed_lifetime,65536,16,1,disabled,yes,7,8192,238.876
2,mimalloc,owned_block,65536,16,1,disabled,yes,7,8192,1254
2,jemalloc,owned_block,65536,16,1,disabled,yes,7,8192,331.797
2,mimalloc,typed_raw,65536,1,1,disabled,yes,7,8192,11.9781
2,jemalloc,typed_raw,65536,1,1,disabled,yes,7,8192,168.503
2,mimalloc,array,65536,1,1,disabled,yes,7,8192,720.764
2,jemalloc,array,65536,1,1,disabled,yes,7,8192,963.908
2,mimalloc,raw,65536,16,1,basic,yes,7,8192,21.2961
2,jemalloc,raw,65536,16,1,basic,yes,7,8192,167.155
2,mimalloc,zeroed,65536,16,1,basic,yes,7,8192,900.823
2,jemalloc,zeroed,65536,16,1,basic,yes,7,8192,991.236
2,mimalloc,reallocate,65536,16,1,basic,yes,7,8192,1794.05
2,jemalloc,reallocate,65536,16,1,basic,yes,7,8192,333.74
2,mimalloc,reallocate_zeroed,65536,16,1,basic,yes,7,8192,2489
2,jemalloc,reallocate_zeroed,65536,16,1,basic,yes,7,8192,1149.65
2,mimalloc,batch,65536,16,1,basic,yes,7,8192,143.234
2,jemalloc,batch,65536,16,1,basic,yes,7,8192,254.832
2,mimalloc,mixed_lifetime,65536,16,1,basic,yes,7,8192,35.9905
2,jemalloc,mixed_lifetime,65536,16,1,basic,yes,7,8192,239.568
2,mimalloc,owned_block,65536,16,1,basic,yes,7,8192,1796.89
2,jemalloc,owned_block,65536,16,1,basic,yes,7,8192,334.279
2,mimalloc,typed_raw,65536,1,1,basic,yes,7,8192,20.1213
2,jemalloc,typed_raw,65536,1,1,basic,yes,7,8192,170.776
2,mimalloc,array,65536,1,1,basic,yes,7,8192,705.49
2,jemalloc,array,65536,1,1,basic,yes,7,8192,970.322
2,standard,raw,65536,64,1,disabled,no,7,8192,273.229
2,mimalloc,raw,65536,64,1,disabled,no,7,8192,16.5914
2,jemalloc,raw,65536,64,1,disabled,no,7,8192,239.797
2,standard,zeroed,65536,64,1,disabled,no,7,8192,1036.73
2,mimalloc,zeroed,65536,64,1,disabled,no,7,8192,900.899
2,jemalloc,zeroed,65536,64,1,disabled,no,7,8192,1063.58
2,standard,reallocate,65536,64,1,disabled,no,7,8192,1926.87
2,mimalloc,reallocate,65536,64,1,disabled,no,7,8192,1793.36
2,jemalloc,reallocate,65536,64,1,disabled,no,7,8192,402.064
2,standard,reallocate_zeroed,65536,64,1,disabled,no,7,8192,2534.63
2,mimalloc,reallocate_zeroed,65536,64,1,disabled,no,7,8192,2484.44
2,jemalloc,reallocate_zeroed,65536,64,1,disabled,no,7,8192,1088.83
2,standard,batch,65536,64,1,disabled,no,7,8192,275.869
2,mimalloc,batch,65536,64,1,disabled,no,7,8192,135.976
2,jemalloc,batch,65536,64,1,disabled,no,7,8192,244.237
2,standard,mixed_lifetime,65536,64,1,disabled,no,7,8192,181.473
2,mimalloc,mixed_lifetime,65536,64,1,disabled,no,7,8192,34.0526
2,jemalloc,mixed_lifetime,65536,64,1,disabled,no,7,8192,169.673
2,standard,owned_block,65536,64,1,disabled,no,7,8192,1587.29
2,mimalloc,owned_block,65536,64,1,disabled,no,7,8192,1544.69
2,jemalloc,owned_block,65536,64,1,disabled,no,7,8192,400.574
2,mimalloc,raw,65536,64,1,disabled,yes,7,8192,18.7836
2,jemalloc,raw,65536,64,1,disabled,yes,7,8192,164.541
2,mimalloc,zeroed,65536,64,1,disabled,yes,7,8192,642.949
2,jemalloc,zeroed,65536,64,1,disabled,yes,7,8192,801.422
2,mimalloc,reallocate,65536,64,1,disabled,yes,7,8192,1258.36
2,jemalloc,reallocate,65536,64,1,disabled,yes,7,8192,343.877
2,mimalloc,reallocate_zeroed,65536,64,1,disabled,yes,7,8192,2293.18
2,jemalloc,reallocate_zeroed,65536,64,1,disabled,yes,7,8192,1122.19
2,mimalloc,batch,65536,64,1,disabled,yes,7,8192,157.888
2,jemalloc,batch,65536,64,1,disabled,yes,7,8192,293.767
2,mimalloc,mixed_lifetime,65536,64,1,disabled,yes,7,8192,37.6993
2,jemalloc,mixed_lifetime,65536,64,1,disabled,yes,7,8192,270.203
2,mimalloc,owned_block,65536,64,1,disabled,yes,7,8192,1391.91
2,jemalloc,owned_block,65536,64,1,disabled,yes,7,8192,362.62
2,mimalloc,raw,65536,64,1,basic,yes,7,8192,22.3744
2,jemalloc,raw,65536,64,1,basic,yes,7,8192,184.779
2,mimalloc,zeroed,65536,64,1,basic,yes,7,8192,708.984
2,jemalloc,zeroed,65536,64,1,basic,yes,7,8192,862.172
2,mimalloc,reallocate,65536,64,1,basic,yes,7,8192,1398.22
2,jemalloc,reallocate,65536,64,1,basic,yes,7,8192,362.656
2,mimalloc,reallocate_zeroed,65536,64,1,basic,yes,7,8192,2002.78
2,jemalloc,reallocate_zeroed,65536,64,1,basic,yes,7,8192,1046.09
2,mimalloc,batch,65536,64,1,basic,yes,7,8192,155.085
2,jemalloc,batch,65536,64,1,basic,yes,7,8192,281.397
2,mimalloc,mixed_lifetime,65536,64,1,basic,yes,7,8192,38.1876
2,jemalloc,mixed_lifetime,65536,64,1,basic,yes,7,8192,249.908
2,mimalloc,owned_block,65536,64,1,basic,yes,7,8192,1407.47
2,jemalloc,owned_block,65536,64,1,basic,yes,7,8192,365.947
2,standard,raw,65536,256,1,disabled,no,7,8192,281.703
2,mimalloc,raw,65536,256,1,disabled,no,7,8192,19.282
2,jemalloc,raw,65536,256,1,disabled,no,7,8192,246.831
2,standard,zeroed,65536,256,1,disabled,no,7,8192,818.873
2,mimalloc,zeroed,65536,256,1,disabled,no,7,8192,647.517
2,jemalloc,zeroed,65536,256,1,disabled,no,7,8192,926.224
2,standard,reallocate,65536,256,1,disabled,no,7,8192,1514.57
2,mimalloc,reallocate,65536,256,1,disabled,no,7,8192,1311.44
2,jemalloc,reallocate,65536,256,1,disabled,no,7,8192,385.259
2,standard,reallocate_zeroed,65536,256,1,disabled,no,7,8192,2012.9
2,mimalloc,reallocate_zeroed,65536,256,1,disabled,no,7,8192,2164.79
2,jemalloc,reallocate_zeroed,65536,256,1,disabled,no,7,8192,978.277
2,standard,batch,65536,256,1,disabled,no,7,8192,272.12
2,mimalloc,batch,65536,256,1,disabled,no,7,8192,136.139
2,jemalloc,batch,65536,256,1,disabled,no,7,8192,242.157
2,standard,mixed_lifetime,65536,256,1,disabled,no,7,8192,175.695
2,mimalloc,mixed_lifetime,65536,256,1,disabled,no,7,8192,35.0443
2,jemalloc,mixed_lifetime,65536,256,1,disabled,no,7,8192,160.624
2,standard,owned_block,65536,256,1,disabled,no,7,8192,1566.32
2,mimalloc,owned_block,65536,256,1,disabled,no,7,8192,1519.09
2,jemalloc,owned_block,65536,256,1,disabled,no,7,8192,400.62
2,mimalloc,raw,65536,256,1,disabled,yes,7,8192,18.7988
2,jemalloc,raw,65536,256,1,disabled,yes,7,8192,166.438
2,mimalloc,zeroed,65536,256,1,disabled,yes,7,8192,626.368
2,jemalloc,zeroed,65536,256,1,disabled,yes,7,8192,779.602
2,mimalloc,reallocate,65536,256,1,disabled,yes,7,8192,1536.66
2,jemalloc,reallocate,65536,256,1,disabled,yes,7,8192,330.5
2,mimalloc,reallocate_zeroed,65536,256,1,disabled,yes,7,8192,2491.63
2,jemalloc,reallocate_zeroed,65536,256,1,disabled,yes,7,8192,1137.26
2,mimalloc,batch,65536,256,1,disabled,yes,7,8192,137.253
2,jemalloc,batch,65536,256,1,disabled,yes,7,8192,253.301
2,mimalloc,mixed_lifetime,65536,256,1,disabled,yes,7,8192,34.2916
2,jemalloc,mixed_lifetime,65536,256,1,disabled,yes,7,8192,228.048
2,mimalloc,owned_block,65536,256,1,disabled,yes,7,8192,1257.62
2,jemalloc,owned_block,65536,256,1,disabled,yes,7,8192,331.741
2,mimalloc,raw,65536,256,1,basic,yes,7,8192,21.2759
2,jemalloc,raw,65536,256,1,basic,yes,7,8192,168.025
2,mimalloc,zeroed,65536,256,1,basic,yes,7,8192,823.919
2,jemalloc,zeroed,65536,256,1,basic,yes,7,8192,991.821
2,mimalloc,reallocate,65536,256,1,basic,yes,7,8192,1799.85
2,jemalloc,reallocate,65536,256,1,basic,yes,7,8192,332.515
2,mimalloc,reallocate_zeroed,65536,256,1,basic,yes,7,8192,2475.39
2,jemalloc,reallocate_zeroed,65536,256,1,basic,yes,7,8192,1140.4
2,mimalloc,batch,65536,256,1,basic,yes,7,8192,139.679
2,jemalloc,batch,65536,256,1,basic,yes,7,8192,256.429
2,mimalloc,mixed_lifetime,65536,256,1,basic,yes,7,8192,35.614
2,jemalloc,mixed_lifetime,65536,256,1,basic,yes,7,8192,230.118
2,mimalloc,owned_block,65536,256,1,basic,yes,7,8192,1256.31
2,jemalloc,owned_block,65536,256,1,basic,yes,7,8192,334.997
2,standard,cross_thread,64,16,2,disabled,no,7,8192,40.2832
2,mimalloc,cross_thread,64,16,2,disabled,no,7,8192,17.7155
2,jemalloc,cross_thread,64,16,2,disabled,no,7,8192,26.7792
2,mimalloc,cross_thread,64,16,2,disabled,yes,7,8192,19.0176
2,jemalloc,cross_thread,64,16,2,disabled,yes,7,8192,89.6403
2,standard,cross_thread,64,16,4,disabled,no,7,8192,42.2516
2,mimalloc,cross_thread,64,16,4,disabled,no,7,8192,17.4103
2,jemalloc,cross_thread,64,16,4,disabled,no,7,8192,31.194
2,mimalloc,cross_thread,64,16,4,disabled,yes,7,8192,18.8599
2,jemalloc,cross_thread,64,16,4,disabled,yes,7,8192,116.348
2,standard,cross_thread,64,16,8,disabled,no,7,8192,41.3005
2,mimalloc,cross_thread,64,16,8,disabled,no,7,8192,19.9229
2,jemalloc,cross_thread,64,16,8,disabled,no,7,8192,33.8389
2,mimalloc,cross_thread,64,16,8,disabled,yes,7,8192,20.3959
2,jemalloc,cross_thread,64,16,8,disabled,yes,7,8192,118.571
2,mimalloc,detailed_statistics,0,0,1,disabled,no,7,512,436.035
2,jemalloc,detailed_statistics,0,0,1,disabled,no,7,512,15345.8
2,mimalloc,detailed_statistics,0,0,1,disabled,yes,7,512,1.62695
2,jemalloc,detailed_statistics,0,0,1,disabled,yes,7,512,19694
2,fixed_buffer,stack_mark_rewind,64,16,1,disabled,no,7,8192,3.64685
2,fixed_buffer,stack_mark_rewind,64,64,1,disabled,no,7,8192,3.64685
2,fixed_buffer,stack_mark_rewind,64,256,1,disabled,no,7,8192,3.64172
2,fixed_buffer,stack_mark_rewind,256,16,1,disabled,no,7,8192,3.64685
2,fixed_buffer,stack_mark_rewind,256,64,1,disabled,no,7,8192,3.65186
2,fixed_buffer,stack_mark_rewind,256,256,1,disabled,no,7,8192,3.64172
2,fixed_buffer,stack_mark_rewind,4096,16,1,disabled,no,7,8192,3.64172
2,fixed_buffer,stack_mark_rewind,4096,64,1,disabled,no,7,8192,3.64685
2,fixed_buffer,stack_mark_rewind,4096,256,1,disabled,no,7,8192,3.64185
2,fixed_buffer,stack_mark_rewind,65536,16,1,disabled,no,7,8192,3.64685
2,fixed_buffer,stack_mark_rewind,65536,64,1,disabled,no,7,8192,3.64685
2,fixed_buffer,stack_mark_rewind,65536,256,1,disabled,no,7,8192,3.64685
3,standard,raw,64,16,1,disabled,no,7,8192,38.686
3,mimalloc,raw,64,16,1,disabled,no,7,8192,6.84106
3,jemalloc,raw,64,16,1,disabled,no,7,8192,16.2609
3,standard,zeroed,64,16,1,disabled,no,7,8192,42.8213
3,mimalloc,zeroed,64,16,1,disabled,no,7,8192,9.95898
3,jemalloc,zeroed,64,16,1,disabled,no,7,8192,17.7408
3,standard,reallocate,64,16,1,disabled,no,7,8192,79.4728
3,mimalloc,reallocate,64,16,1,disabled,no,7,8192,15.5588
3,jemalloc,reallocate,64,16,1,disabled,no,7,8192,41.0054
3,standard,reallocate_zeroed,64,16,1,disabled,no,7,8192,83.3588
3,mimalloc,reallocate_zeroed,64,16,1,disabled,no,7,8192,17.4357
3,jemalloc,reallocate_zeroed,64,16,1,disabled,no,7,8192,43.0653
3,standard,batch,64,16,1,disabled,no,7,8192,36.6261
3,mimalloc,batch,64,16,1,disabled,no,7,8192,6.10352
3,jemalloc,batch,64,16,1,disabled,no,7,8192,16.0269
3,standard,mixed_lifetime,64,16,1,disabled,no,7,8192,23.5138
3,mimalloc,mixed_lifetime,64,16,1,disabled,no,7,8192,7.87854
3,jemalloc,mixed_lifetime,64,16,1,disabled,no,7,8192,12.9141
3,standard,owned_block,64,16,1,disabled,no,7,8192,80.7648
3,mimalloc,owned_block,64,16,1,disabled,no,7,8192,16.8508
3,jemalloc,owned_block,64,16,1,disabled,no,7,8192,43.2434
3,standard,typed_raw,64,1,1,disabled,no,7,8192,35.3241
3,mimalloc,typed_raw,64,1,1,disabled,no,7,8192,6.17468
3,jemalloc,typed_raw,64,1,1,disabled,no,7,8192,15.2283
3,standard,create_destroy,64,1,1,disabled,no,7,8192,35.3291
3,mimalloc,create_destroy,64,1,1,disabled,no,7,8192,6.17981
3,jemalloc,create_destroy,64,1,1,disabled,no,7,8192,15.1926
3,standard,object,64,1,1,disabled,no,7,8192,35.3241
3,mimalloc,object,64,1,1,disabled,no,7,8192,6.16968
3,jemalloc,object,64,1,1,disabled,no,7,8192,15.1876
3,standard,shared_object,64,1,1,disabled,no,7,8192,41.0461
3,mimalloc,shared_object,64,1,1,disabled,no,7,8192,9.82666
3,jemalloc,shared_object,64,1,1,disabled,no,7,8192,18.9922
3,standard,array,64,1,1,disabled,no,7,8192,38.559
3,mimalloc,array,64,1,1,disabled,no,7,8192,7.4259
3,jemalloc,array,64,1,1,disabled,no,7,8192,16.3574
3,standard,std_vector,256,8,1,disabled,no,7,8192,251.831
3,mimalloc,std_vector,256,8,1,disabled,no,7,8192,67.0878
3,jemalloc,std_vector,256,8,1,disabled,no,7,8192,122.452
3,standard,pmr_vector,256,8,1,disabled,no,7,8192,248.927
3,mimalloc,pmr_vector,256,8,1,disabled,no,7,8192,83.1196
3,jemalloc,pmr_vector,256,8,1,disabled,no,7,8192,146.82
3,mimalloc,raw,64,16,1,disabled,yes,7,8192,8.38721
3,jemalloc,raw,64,16,1,disabled,yes,7,8192,98.0734
3,mimalloc,zeroed,64,16,1,disabled,yes,7,8192,12.1256
3,jemalloc,zeroed,64,16,1,disabled,yes,7,8192,101.624
3,mimalloc,reallocate,64,16,1,disabled,yes,7,8192,17.0084
3,jemalloc,reallocate,64,16,1,disabled,yes,7,8192,214.35
3,mimalloc,reallocate_zeroed,64,16,1,disabled,yes,7,8192,18.8802
3,jemalloc,reallocate_zeroed,64,16,1,disabled,yes,7,8192,219.508
3,mimalloc,batch,64,16,1,disabled,yes,7,8192,7.61414
3,jemalloc,batch,64,16,1,disabled,yes,7,8192,35.5936
3,mimalloc,mixed_lifetime,64,16,1,disabled,yes,7,8192,9.05347
3,jemalloc,mixed_lifetime,64,16,1,disabled,yes,7,8192,23.7427
3,mimalloc,owned_block,64,16,1,disabled,yes,7,8192,18.9769
3,jemalloc,owned_block,64,16,1,disabled,yes,7,8192,218.984
3,mimalloc,typed_raw,64,1,1,disabled,yes,7,8192,6.16968
3,jemalloc,typed_raw,64,1,1,disabled,yes,7,8192,97.3867
3,mimalloc,create_destroy,64,1,1,disabled,yes,7,8192,6.17981
3,jemalloc,create_destroy,64,1,1,disabled,yes,7,8192,97.7529
3,mimalloc,object,64,1,1,disabled,yes,7,8192,6.29688
3,jemalloc,object,64,1,1,disabled,yes,7,8192,99.3042
3,mimalloc,shared_object,64,1,1,disabled,yes,7,8192,10.1522
3,jemalloc,shared_object,64,1,1,disabled,yes,7,8192,108.749
3,mimalloc,array,64,1,1,disabled,yes,7,8192,7.4209
3,jemalloc,array,64,1,1,disabled,yes,7,8192,101.201
3,mimalloc,std_vector,256,8,1,disabled,yes,7,8192,68.0746
3,jemalloc,std_vector,256,8,1,disabled,yes,7,8192,674.667
3,mimalloc,pmr_vector,256,8,1,disabled,yes,7,8192,93.511
3,jemalloc,pmr_vector,256,8,1,disabled,yes,7,8192,689.952
3,mimalloc,raw,64,16,1,basic,yes,7,8192,9.96912
3,jemalloc,raw,64,16,1,basic,yes,7,8192,100.881
3,mimalloc,zeroed,64,16,1,basic,yes,7,8192,14.3076
3,jemalloc,zeroed,64,16,1,basic,yes,7,8192,104.543
3,mimalloc,reallocate,64,16,1,basic,yes,7,8192,20.8232
3,jemalloc,reallocate,64,16,1,basic,yes,7,8192,222.244
3,mimalloc,reallocate_zeroed,64,16,1,basic,yes,7,8192,22.7356
3,jemalloc,reallocate_zeroed,64,16,1,basic,yes,7,8192,227.076
3,mimalloc,batch,64,16,1,basic,yes,7,8192,9.64856
3,jemalloc,batch,64,16,1,basic,yes,7,8192,38.559
3,mimalloc,mixed_lifetime,64,16,1,basic,yes,7,8192,10.6506
3,jemalloc,mixed_lifetime,64,16,1,basic,yes,7,8192,25.0498
3,mimalloc,owned_block,64,16,1,basic,yes,7,8192,23.0763
3,jemalloc,owned_block,64,16,1,basic,yes,7,8192,224.284
3,mimalloc,typed_raw,64,1,1,basic,yes,7,8192,8.37207
3,jemalloc,typed_raw,64,1,1,basic,yes,7,8192,100.225
3,mimalloc,create_destroy,64,1,1,basic,yes,7,8192,8.37708
3,jemalloc,create_destroy,64,1,1,basic,yes,7,8192,100.184
3,mimalloc,object,64,1,1,basic,yes,7,8192,8.53979
3,jemalloc,object,64,1,1,basic,yes,7,8192,101.624
3,mimalloc,shared_object,64,1,1,basic,yes,7,8192,15.5284
3,jemalloc,shared_object,64,1,1,basic,yes,7,8192,113.297
3,mimalloc,array,64,1,1,basic,yes,7,8192,9.62317
3,jemalloc,array,64,1,1,basic,yes,7,8192,104.385
3,mimalloc,std_vector,256,8,1,basic,yes,7,8192,78.4708
3,jemalloc,std_vector,256,8,1,basic,yes,7,8192,705.999
3,mimalloc,pmr_vector,256,8,1,basic,yes,7,8192,99.6908
3,jemalloc,pmr_vector,256,8,1,basic,yes,7,8192,718.374
3,standard,raw,64,64,1,disabled,no,7,8192,38.7167
3,mimalloc,raw,64,64,1,disabled,no,7,8192,6.84607
3,jemalloc,raw,64,64,1,disabled,no,7,8192,16.2609
3,standard,zeroed,64,64,1,disabled,no,7,8192,42.8619
3,mimalloc,zeroed,64,64,1,disabled,no,7,8192,9.95898
3,jemalloc,zeroed,64,64,1,disabled,no,7,8192,17.741
3,standard,reallocate,64,64,1,disabled,no,7,8192,79.4525
3,mimalloc,reallocate,64,64,1,disabled,no,7,8192,15.274
3,jemalloc,reallocate,64,64,1,disabled,no,7,8192,40.9749
3,standard,reallocate_zeroed,64,64,1,disabled,no,7,8192,83.6996
3,mimalloc,reallocate_zeroed,64,64,1,disabled,no,7,8192,17.1458
3,jemalloc,reallocate_zeroed,64,64,1,disabled,no,7,8192,43.0756
3,standard,batch,64,64,1,disabled,no,7,8192,36.6262
3,mimalloc,batch,64,64,1,disabled,no,7,8192,6.10352
3,jemalloc,batch,64,64,1,disabled,no,7,8192,16.042
3,standard,mixed_lifetime,64,64,1,disabled,no,7,8192,23.3866
3,mimalloc,mixed_lifetime,64,64,1,disabled,no,7,8192,7.83789
3,jemalloc,mixed_lifetime,64,64,1,disabled,no,7,8192,12.9547
3,standard,owned_block,64,64,1,disabled,no,7,8192,80.78
3,mimalloc,owned_block,64,64,1,disabled,no,7,8192,16.8661
3,jemalloc,owned_block,64,64,1,disabled,no,7,8192,43.2485
3,mimalloc,raw,64,64,1,disabled,yes,7,8192,8.39233
3,jemalloc,raw,64,64,1,disabled,yes,7,8192,98.1344
3,mimalloc,zeroed,64,64,1,disabled,yes,7,8192,12.1205
3,jemalloc,zeroed,64,64,1,disabled,yes,7,8192,101.634
3,mimalloc,reallocate,64,64,1,disabled,yes,7,8192,17.0135
3,jemalloc,reallocate,64,64,1,disabled,yes,7,8192,214.045
3,mimalloc,reallocate_zeroed,64,64,1,disabled,yes,7,8192,18.9209
3,jemalloc,reallocate_zeroed,64,64,1,disabled,yes,7,8192,219.121
3,mimalloc,batch,64,64,1,disabled,yes,7,8192,7.61414
3,jemalloc,batch,64,64,1,disabled,yes,7,8192,35.2834
3,mimalloc,mixed_lifetime,64,64,1,disabled,yes,7,8192,9.22644
3,jemalloc,mixed_lifetime,64,64,1,disabled,yes,7,8192,23.824
3,mimalloc,owned_block,64,64,1,disabled,yes,7,8192,18.6615
3,jemalloc,owned_block,64,64,1,disabled,yes,7,8192,215.383
3,mimalloc,raw,64,64,1,basic,yes,7,8192,9.96899
3,jemalloc,raw,64,64,1,basic,yes,7,8192,100.8
3,mimalloc,zeroed,64,64,1,basic,yes,7,8192,14.3076
3,jemalloc,zeroed,64,64,1,basic,yes,7,8192,104.365
3,mimalloc,reallocate,64,64,1,basic,yes,7,8192,20.4417
3,jemalloc,reallocate,64,64,1,basic,yes,7,8192,218.074
3,mimalloc,reallocate_zeroed,64,64,1,basic,yes,7,8192,22.3083
3,jemalloc,reallocate_zeroed,64,64,1,basic,yes,7,8192,222.183
3,mimalloc,batch,64,64,1,basic,yes,7,8192,9.48584
3,jemalloc,batch,64,64,1,basic,yes,7,8192,37.7655
3,mimalloc,mixed_lifetime,64,64,1,basic,yes,7,8192,10.3912
3,jemalloc,mixed_lifetime,64,64,1,basic,yes,7,8192,24.5869
3,mimalloc,owned_block,64,64,1,basic,yes,7,8192,22.6339
3,jemalloc,owned_block,64,64,1,basic,yes,7,8192,220.159
3,standard,raw,64,256,1,disabled,no,7,8192,38.9812
3,mimalloc,raw,64,256,1,disabled,no,7,8192,10.6863
3,jemalloc,raw,64,256,1,disabled,no,7,8192,16.51
3,standard,zeroed,64,256,1,disabled,no,7,8192,43.1265
3,mimalloc,zeroed,64,256,1,disabled,no,7,8192,14.0483
3,jemalloc,zeroed,64,256,1,disabled,no,7,8192,19.0684
3,standard,reallocate,64,256,1,disabled,no,7,8192,79.9154
3,mimalloc,reallocate,64,256,1,disabled,no,7,8192,18.1936
3,jemalloc,reallocate,64,256,1,disabled,no,7,8192,35.8784
3,standard,reallocate_zeroed,64,256,1,disabled,no,7,8192,83.786
3,mimalloc,reallocate_zeroed,64,256,1,disabled,no,7,8192,21.642
3,jemalloc,reallocate_zeroed,64,256,1,disabled,no,7,8192,38.1012
3,standard,batch,64,256,1,disabled,no,7,8192,36.8602
3,mimalloc,batch,64,256,1,disabled,no,7,8192,9.52148
3,jemalloc,batch,64,256,1,disabled,no,7,8192,16.2405
3,standard,mixed_lifetime,64,256,1,disabled,no,7,8192,23.6613
3,mimalloc,mixed_lifetime,64,256,1,disabled,no,7,8192,11.3271
3,jemalloc,mixed_lifetime,64,256,1,disabled,no,7,8192,13.0209
3,standard,owned_block,64,256,1,disabled,no,7,8192,81.2378
3,mimalloc,owned_block,64,256,1,disabled,no,7,8192,22.11
3,jemalloc,owned_block,64,256,1,disabled,no,7,8192,37.5061
3,mimalloc,raw,64,256,1,disabled,yes,7,8192,15.9912
3,jemalloc,raw,64,256,1,disabled,yes,7,8192,96.4153
3,mimalloc,zeroed,64,256,1,disabled,yes,7,8192,18.0765
3,jemalloc,zeroed,64,256,1,disabled,yes,7,8192,99.6196
3,mimalloc,reallocate,64,256,1,disabled,yes,7,8192,23.7375
3,jemalloc,reallocate,64,256,1,disabled,yes,7,8192,116.974
3,mimalloc,reallocate_zeroed,64,256,1,disabled,yes,7,8192,25.4465
3,jemalloc,reallocate_zeroed,64,256,1,disabled,yes,7,8192,121.485
3,mimalloc,batch,64,256,1,disabled,yes,7,8192,12.0443
3,jemalloc,batch,64,256,1,disabled,yes,7,8192,34.6069
3,mimalloc,mixed_lifetime,64,256,1,disabled,yes,7,8192,11.9425
3,jemalloc,mixed_lifetime,64,256,1,disabled,yes,7,8192,25.9094
3,mimalloc,owned_block,64,256,1,disabled,yes,7,8192,25.767
3,jemalloc,owned_block,64,256,1,disabled,yes,7,8192,118.724
3,mimalloc,raw,64,256,1,basic,yes,7,8192,17.3746
3,jemalloc,raw,64,256,1,basic,yes,7,8192,99.0194
3,mimalloc,zeroed,64,256,1,basic,yes,7,8192,20.1212
3,jemalloc,zeroed,64,256,1,basic,yes,7,8192,102.366
3,mimalloc,reallocate,64,256,1,basic,yes,7,8192,29.536
3,jemalloc,reallocate,64,256,1,basic,yes,7,8192,121.226
3,mimalloc,reallocate_zeroed,64,256,1,basic,yes,7,8192,29.5665
3,jemalloc,reallocate_zeroed,64,256,1,basic,yes,7,8192,125.27
3,mimalloc,batch,64,256,1,basic,yes,7,8192,14.2872
3,jemalloc,batch,64,256,1,basic,yes,7,8192,37.0636
3,mimalloc,mixed_lifetime,64,256,1,basic,yes,7,8192,13.4735
3,jemalloc,mixed_lifetime,64,256,1,basic,yes,7,8192,27.0691
3,mimalloc,owned_block,64,256,1,basic,yes,7,8192,29.7596
3,jemalloc,owned_block,64,256,1,basic,yes,7,8192,123.54
3,standard,raw,256,16,1,disabled,no,7,8192,38.9761
3,mimalloc,raw,256,16,1,disabled,no,7,8192,6.14417
3,jemalloc,raw,256,16,1,disabled,no,7,8192,16.4999
3,standard,zeroed,256,16,1,disabled,no,7,8192,42.3228
3,mimalloc,zeroed,256,16,1,disabled,no,7,8192,8.05151
3,jemalloc,zeroed,256,16,1,disabled,no,7,8192,19.0684
3,standard,reallocate,256,16,1,disabled,no,7,8192,82.9468
3,mimalloc,reallocate,256,16,1,disabled,no,7,8192,20.1315
3,jemalloc,reallocate,256,16,1,disabled,no,7,8192,45.5017
3,standard,reallocate_zeroed,256,16,1,disabled,no,7,8192,86.8582
3,mimalloc,reallocate_zeroed,256,16,1,disabled,no,7,8192,22.288
3,jemalloc,reallocate_zeroed,256,16,1,disabled,no,7,8192,48.4518
3,standard,batch,256,16,1,disabled,no,7,8192,36.9059
3,mimalloc,batch,256,16,1,disabled,no,7,8192,6.09326
3,jemalloc,batch,256,16,1,disabled,no,7,8192,16.2354
3,standard,mixed_lifetime,256,16,1,disabled,no,7,8192,23.7935
3,mimalloc,mixed_lifetime,256,16,1,disabled,no,7,8192,8.0719
3,jemalloc,mixed_lifetime,256,16,1,disabled,no,7,8192,13.2141
3,standard,owned_block,256,16,1,disabled,no,7,8192,84.2336
3,mimalloc,owned_block,256,16,1,disabled,no,7,8192,30.6599
3,jemalloc,owned_block,256,16,1,disabled,no,7,8192,47.9889
3,standard,typed_raw,256,1,1,disabled,no,7,8192,35.6039
3,mimalloc,typed_raw,256,1,1,disabled,no,7,8192,5.45251
3,jemalloc,typed_raw,256,1,1,disabled,no,7,8192,15.4369
3,standard,array,256,1,1,disabled,no,7,8192,38.8336
3,mimalloc,array,256,1,1,disabled,no,7,8192,6.72913
3,jemalloc,array,256,1,1,disabled,no,7,8192,16.7898
3,mimalloc,raw,256,16,1,disabled,yes,7,8192,9.27234
3,jemalloc,raw,256,16,1,disabled,yes,7,8192,96.405
3,mimalloc,zeroed,256,16,1,disabled,yes,7,8192,11.6985
3,jemalloc,zeroed,256,16,1,disabled,yes,7,8192,99.6399
3,mimalloc,reallocate,256,16,1,disabled,yes,7,8192,21.7031
3,jemalloc,reallocate,256,16,1,disabled,yes,7,8192,212.367
3,mimalloc,reallocate_zeroed,256,16,1,disabled,yes,7,8192,23.6206
3,jemalloc,reallocate_zeroed,256,16,1,disabled,yes,7,8192,217.88
3,mimalloc,batch,256,16,1,disabled,yes,7,8192,7.76172
3,jemalloc,batch,256,16,1,disabled,yes,7,8192,34.6273
3,mimalloc,mixed_lifetime,256,16,1,disabled,yes,7,8192,9.83167
3,jemalloc,mixed_lifetime,256,16,1,disabled,yes,7,8192,24.7803
3,mimalloc,owned_block,256,16,1,disabled,yes,7,8192,26.5096
3,jemalloc,owned_block,256,16,1,disabled,yes,7,8192,214.966
3,mimalloc,typed_raw,256,1,1,disabled,yes,7,8192,6.93262
3,jemalloc,typed_raw,256,1,1,disabled,yes,7,8192,95.6625
3,mimalloc,array,256,1,1,disabled,yes,7,8192,8.22449
3,jemalloc,array,256,1,1,disabled,yes,7,8192,98.5006
3,mimalloc,raw,256,16,1,basic,yes,7,8192,10.8948
3,jemalloc,raw,256,16,1,basic,yes,7,8192,99.3754
3,mimalloc,zeroed,256,16,1,basic,yes,7,8192,13.9821
3,jemalloc,zeroed,256,16,1,basic,yes,7,8192,102.32
3,mimalloc,reallocate,256,16,1,basic,yes,7,8192,24.7549
3,jemalloc,reallocate,256,16,1,basic,yes,7,8192,216.512
3,mimalloc,reallocate_zeroed,256,16,1,basic,yes,7,8192,26.8961
3,jemalloc,reallocate_zeroed,256,16,1,basic,yes,7,8192,222.041
3,mimalloc,batch,256,16,1,basic,yes,7,8192,9.54688
3,jemalloc,batch,256,16,1,basic,yes,7,8192,37.0585
3,mimalloc,mixed_lifetime,256,16,1,basic,yes,7,8192,11.1033
3,jemalloc,mixed_lifetime,256,16,1,basic,yes,7,8192,25.767
3,mimalloc,owned_block,256,16,1,basic,yes,7,8192,27.6541
3,jemalloc,owned_block,256,16,1,basic,yes,7,8192,219.381
3,mimalloc,typed_raw,256,1,1,basic,yes,7,8192,9.2113
3,jemalloc,typed_raw,256,1,1,basic,yes,7,8192,98.6938
3,mimalloc,array,256,1,1,basic,yes,7,8192,10.8389
3,jemalloc,array,256,1,1,basic,yes,7,8192,100.917
3,standard,raw,256,64,1,disabled,no,7,8192,38.9658
3,mimalloc,raw,256,64,1,disabled,no,7,8192,6.13916
3,jemalloc,raw,256,64,1,disabled,no,7,8192,16.5049
3,standard,zeroed,256,64,1,disabled,no,7,8192,42.3126
3,mimalloc,zeroed,256,64,1,disabled,no,7,8192,8.04138
3,jemalloc,zeroed,256,64,1,disabled,no,7,8192,19.0685
3,standard,reallocate,256,64,1,disabled,no,7,8192,82.8094
3,mimalloc,reallocate,256,64,1,disabled,no,7,8192,18.3156
3,jemalloc,reallocate,256,64,1,disabled,no,7,8192,45.5017
3,standard,reallocate_zeroed,256,64,1,disabled,no,7,8192,86.7462
3,mimalloc,reallocate_zeroed,256,64,1,disabled,no,7,8192,20.2687
3,jemalloc,reallocate_zeroed,256,64,1,disabled,no,7,8192,48.0753
3,standard,batch,256,64,1,disabled,no,7,8192,36.9211
3,mimalloc,batch,256,64,1,disabled,no,7,8192,6.09326
3,jemalloc,batch,256,64,1,disabled,no,7,8192,16.2405
3,standard,mixed_lifetime,256,64,1,disabled,no,7,8192,23.9309
3,mimalloc,mixed_lifetime,256,64,1,disabled,no,7,8192,8.16345
3,jemalloc,mixed_lifetime,256,64,1,disabled,no,7,8192,13.3362
3,standard,owned_block,256,64,1,disabled,no,7,8192,84.6252
3,mimalloc,owned_block,256,64,1,disabled,no,7,8192,30.6803
3,jemalloc,owned_block,256,64,1,disabled,no,7,8192,47.9786
3,mimalloc,raw,256,64,1,disabled,yes,7,8192,9.27222
3,jemalloc,raw,256,64,1,disabled,yes,7,8192,96.4
3,mimalloc,zeroed,256,64,1,disabled,yes,7,8192,11.6984
3,jemalloc,zeroed,256,64,1,disabled,yes,7,8192,99.6399
3,mimalloc,reallocate,256,64,1,disabled,yes,7,8192,21.698
3,jemalloc,reallocate,256,64,1,disabled,yes,7,8192,212.494
3,mimalloc,reallocate_zeroed,256,64,1,disabled,yes,7,8192,23.6156
3,jemalloc,reallocate_zeroed,256,64,1,disabled,yes,7,8192,217.829
3,mimalloc,batch,256,64,1,disabled,yes,7,8192,7.77686
3,jemalloc,batch,256,64,1,disabled,yes,7,8192,34.668
3,mimalloc,mixed_lifetime,256,64,1,disabled,yes,7,8192,10.0403
3,jemalloc,mixed_lifetime,256,64,1,disabled,yes,7,8192,24.9939
3,mimalloc,owned_block,256,64,1,disabled,yes,7,8192,26.5045
3,jemalloc,owned_block,256,64,1,disabled,yes,7,8192,214.483
3,mimalloc,raw,256,64,1,basic,yes,7,8192,10.8998
3,jemalloc,raw,256,64,1,basic,yes,7,8192,99.0092
3,mimalloc,zeroed,256,64,1,basic,yes,7,8192,13.9822
3,jemalloc,zeroed,256,64,1,basic,yes,7,8192,102.152
3,mimalloc,reallocate,256,64,1,basic,yes,7,8192,24.7446
3,jemalloc,reallocate,256,64,1,basic,yes,7,8192,217.016
3,mimalloc,reallocate_zeroed,256,64,1,basic,yes,7,8192,26.8961
3,jemalloc,reallocate_zeroed,256,64,1,basic,yes,7,8192,221.476
3,mimalloc,batch,256,64,1,basic,yes,7,8192,9.65881
3,jemalloc,batch,256,64,1,basic,yes,7,8192,37.0382
3,mimalloc,mixed_lifetime,256,64,1,basic,yes,7,8192,10.9558
3,jemalloc,mixed_lifetime,256,64,1,basic,yes,7,8192,25.7518
3,mimalloc,owned_block,256,64,1,basic,yes,7,8192,27.5522
3,jemalloc,owned_block,256,64,1,basic,yes,7,8192,219.36
3,standard,raw,256,256,1,disabled,no,7,8192,38.9709
3,mimalloc,raw,256,256,1,disabled,no,7,8192,6.14417
3,jemalloc,raw,256,256,1,disabled,no,7,8192,16.515
3,standard,zeroed,256,256,1,disabled,no,7,8192,42.3126
3,mimalloc,zeroed,256,256,1,disabled,no,7,8192,8.04138
3,jemalloc,zeroed,256,256,1,disabled,no,7,8192,19.0684
3,standard,reallocate,256,256,1,disabled,no,7,8192,82.8298
3,mimalloc,reallocate,256,256,1,disabled,no,7,8192,18.3105
3,jemalloc,reallocate,256,256,1,disabled,no,7,8192,45.5017
3,standard,reallocate_zeroed,256,256,1,disabled,no,7,8192,87.6057
3,mimalloc,reallocate_zeroed,256,256,1,disabled,no,7,8192,20.2637
3,jemalloc,reallocate_zeroed,256,256,1,disabled,no,7,8192,48.0652
3,standard,batch,256,256,1,disabled,no,7,8192,36.9313
3,mimalloc,batch,256,256,1,disabled,no,7,8192,6.08325
3,jemalloc,batch,256,256,1,disabled,no,7,8192,16.2455
3,standard,mixed_lifetime,256,256,1,disabled,no,7,8192,23.8342
3,mimalloc,mixed_lifetime,256,256,1,disabled,no,7,8192,8.5907
3,jemalloc,mixed_lifetime,256,256,1,disabled,no,7,8192,13.3312
3,standard,owned_block,256,256,1,disabled,no,7,8192,84.2285
3,mimalloc,owned_block,256,256,1,disabled,no,7,8192,30.7007
3,jemalloc,owned_block,256,256,1,disabled,no,7,8192,47.9584
3,mimalloc,raw,256,256,1,disabled,yes,7,8192,9.27234
3,jemalloc,raw,256,256,1,disabled,yes,7,8192,96.4
3,mimalloc,zeroed,256,256,1,disabled,yes,7,8192,11.7035
3,jemalloc,zeroed,256,256,1,disabled,yes,7,8192,99.4669
3,mimalloc,reallocate,256,256,1,disabled,yes,7,8192,21.7083
3,jemalloc,reallocate,256,256,1,disabled,yes,7,8192,212.234
3,mimalloc,reallocate_zeroed,256,256,1,disabled,yes,7,8192,23.6511
3,jemalloc,reallocate_zeroed,256,256,1,disabled,yes,7,8192,218.099
3,mimalloc,batch,256,256,1,disabled,yes,7,8192,7.63965
3,jemalloc,batch,256,256,1,disabled,yes,7,8192,34.6426
3,mimalloc,mixed_lifetime,256,256,1,disabled,yes,7,8192,10.0912
3,jemalloc,mixed_lifetime,256,256,1,disabled,yes,7,8192,24.9075
3,mimalloc,owned_block,256,256,1,disabled,yes,7,8192,26.9827
3,jemalloc,owned_block,256,256,1,disabled,yes,7,8192,214.528
3,mimalloc,raw,256,256,1,basic,yes,7,8192,10.8999
3,jemalloc,raw,256,256,1,basic,yes,7,8192,99.2686
3,mimalloc,zeroed,256,256,1,basic,yes,7,8192,13.9771
3,jemalloc,zeroed,256,256,1,basic,yes,7,8192,102.407
3,mimalloc,reallocate,256,256,1,basic,yes,7,8192,24.7599
3,jemalloc,reallocate,256,256,1,basic,yes,7,8192,217.016
3,mimalloc,reallocate_zeroed,256,256,1,basic,yes,7,8192,26.8962
3,jemalloc,reallocate_zeroed,256,256,1,basic,yes,7,8192,221.481
3,mimalloc,batch,256,256,1,basic,yes,7,8192,9.52148
3,jemalloc,batch,256,256,1,basic,yes,7,8192,37.0636
3,mimalloc,mixed_lifetime,256,256,1,basic,yes,7,8192,11.5
3,jemalloc,mixed_lifetime,256,256,1,basic,yes,7,8192,25.7772
3,mimalloc,owned_block,256,256,1,basic,yes,7,8192,27.7405
3,jemalloc,owned_block,256,256,1,basic,yes,7,8192,219.94
3,standard,raw,4096,16,1,disabled,no,7,8192,44.3827
3,mimalloc,raw,4096,16,1,disabled,no,7,8192,15.0299
3,jemalloc,raw,4096,16,1,disabled,no,7,8192,21.3979
3,standard,zeroed,4096,16,1,disabled,no,7,8192,82.6721
3,mimalloc,zeroed,4096,16,1,disabled,no,7,8192,56.4117
3,jemalloc,zeroed,4096,16,1,disabled,no,7,8192,64.8295
3,standard,reallocate,4096,16,1,disabled,no,7,8192,151.759
3,mimalloc,reallocate,4096,16,1,disabled,no,7,8192,92.6208
3,jemalloc,reallocate,4096,16,1,disabled,no,7,8192,116.165
3,standard,reallocate_zeroed,4096,16,1,disabled,no,7,8192,198.649
3,mimalloc,reallocate_zeroed,4096,16,1,disabled,no,7,8192,125.758
3,jemalloc,reallocate_zeroed,4096,16,1,disabled,no,7,8192,151.001
3,standard,batch,4096,16,1,disabled,no,7,8192,73.1964
3,mimalloc,batch,4096,16,1,disabled,no,7,8192,43.5231
3,jemalloc,batch,4096,16,1,disabled,no,7,8192,49.2096
3,standard,mixed_lifetime,4096,16,1,disabled,no,7,8192,34.0374
3,mimalloc,mixed_lifetime,4096,16,1,disabled,no,7,8192,20.9198
3,jemalloc,mixed_lifetime,4096,16,1,disabled,no,7,8192,22.5779
3,standard,owned_block,4096,16,1,disabled,no,7,8192,160.823
3,mimalloc,owned_block,4096,16,1,disabled,no,7,8192,95.1538
3,jemalloc,owned_block,4096,16,1,disabled,no,7,8192,118.159
3,standard,typed_raw,4096,1,1,disabled,no,7,8192,41.3208
3,mimalloc,typed_raw,4096,1,1,disabled,no,7,8192,12.3444
3,jemalloc,typed_raw,4096,1,1,disabled,no,7,8192,19.9482
3,standard,array,4096,1,1,disabled,no,7,8192,77.0874
3,mimalloc,array,4096,1,1,disabled,no,7,8192,51.1169
3,jemalloc,array,4096,1,1,disabled,no,7,8192,58.543
3,mimalloc,raw,4096,16,1,disabled,yes,7,8192,17.222
3,jemalloc,raw,4096,16,1,disabled,yes,7,8192,100.998
3,mimalloc,zeroed,4096,16,1,disabled,yes,7,8192,58.2327
3,jemalloc,zeroed,4096,16,1,disabled,yes,7,8192,142.192
3,mimalloc,reallocate,4096,16,1,disabled,yes,7,8192,94.2281
3,jemalloc,reallocate,4096,16,1,disabled,yes,7,8192,282.455
3,mimalloc,reallocate_zeroed,4096,16,1,disabled,yes,7,8192,128.642
3,jemalloc,reallocate_zeroed,4096,16,1,disabled,yes,7,8192,321.462
3,mimalloc,batch,4096,16,1,disabled,yes,7,8192,45.924
3,jemalloc,batch,4096,16,1,disabled,yes,7,8192,62.795
3,mimalloc,mixed_lifetime,4096,16,1,disabled,yes,7,8192,21.8506
3,jemalloc,mixed_lifetime,4096,16,1,disabled,yes,7,8192,58.9294
3,mimalloc,owned_block,4096,16,1,disabled,yes,7,8192,95.9778
3,jemalloc,owned_block,4096,16,1,disabled,yes,7,8192,284.241
3,mimalloc,typed_raw,4096,1,1,disabled,yes,7,8192,11.9375
3,jemalloc,typed_raw,4096,1,1,disabled,yes,7,8192,100.011
3,mimalloc,array,4096,1,1,disabled,yes,7,8192,53.2532
3,jemalloc,array,4096,1,1,disabled,yes,7,8192,137.319
3,mimalloc,raw,4096,16,1,basic,yes,7,8192,20.0298
3,jemalloc,raw,4096,16,1,basic,yes,7,8192,103.292
3,mimalloc,zeroed,4096,16,1,basic,yes,7,8192,61.1115
3,jemalloc,zeroed,4096,16,1,basic,yes,7,8192,144.694
3,mimalloc,reallocate,4096,16,1,basic,yes,7,8192,98.2056
3,jemalloc,reallocate,4096,16,1,basic,yes,7,8192,286.209
3,mimalloc,reallocate_zeroed,4096,16,1,basic,yes,7,8192,132.848
3,jemalloc,reallocate_zeroed,4096,16,1,basic,yes,7,8192,325.083
3,mimalloc,batch,4096,16,1,basic,yes,7,8192,46.0104
3,jemalloc,batch,4096,16,1,basic,yes,7,8192,66.6403
3,mimalloc,mixed_lifetime,4096,16,1,basic,yes,7,8192,22.9797
3,jemalloc,mixed_lifetime,4096,16,1,basic,yes,7,8192,60.3892
3,mimalloc,owned_block,4096,16,1,basic,yes,7,8192,100.688
3,jemalloc,owned_block,4096,16,1,basic,yes,7,8192,288.208
3,mimalloc,typed_raw,4096,1,1,basic,yes,7,8192,14.4449
3,jemalloc,typed_raw,4096,1,1,basic,yes,7,8192,102.651
3,mimalloc,array,4096,1,1,basic,yes,7,8192,54.4637
3,jemalloc,array,4096,1,1,basic,yes,7,8192,140.203
3,standard,raw,4096,64,1,disabled,no,7,8192,44.3573
3,mimalloc,raw,4096,64,1,disabled,no,7,8192,15.7928
3,jemalloc,raw,4096,64,1,disabled,no,7,8192,21.3369
3,standard,zeroed,4096,64,1,disabled,no,7,8192,82.6619
3,mimalloc,zeroed,4096,64,1,disabled,no,7,8192,55.7607
3,jemalloc,zeroed,4096,64,1,disabled,no,7,8192,64.9974
3,standard,reallocate,4096,64,1,disabled,no,7,8192,151.774
3,mimalloc,reallocate,4096,64,1,disabled,no,7,8192,93.5466
3,jemalloc,reallocate,4096,64,1,disabled,no,7,8192,116.17
3,standard,reallocate_zeroed,4096,64,1,disabled,no,7,8192,195.267
3,mimalloc,reallocate_zeroed,4096,64,1,disabled,no,7,8192,127.157
3,jemalloc,reallocate_zeroed,4096,64,1,disabled,no,7,8192,151.098
3,standard,batch,4096,64,1,disabled,no,7,8192,73.0845
3,mimalloc,batch,4096,64,1,disabled,no,7,8192,41.0869
3,jemalloc,batch,4096,64,1,disabled,no,7,8192,49.3978
3,standard,mixed_lifetime,4096,64,1,disabled,no,7,8192,34.2152
3,mimalloc,mixed_lifetime,4096,64,1,disabled,no,7,8192,20.64
3,jemalloc,mixed_lifetime,4096,64,1,disabled,no,7,8192,22.3389
3,standard,owned_block,4096,64,1,disabled,no,7,8192,160.97
3,mimalloc,owned_block,4096,64,1,disabled,no,7,8192,95.2555
3,jemalloc,owned_block,4096,64,1,disabled,no,7,8192,117.722
3,mimalloc,raw,4096,64,1,disabled,yes,7,8192,17.222
3,jemalloc,raw,4096,64,1,disabled,yes,7,8192,101.013
3,mimalloc,zeroed,4096,64,1,disabled,yes,7,8192,58.2479
3,jemalloc,zeroed,4096,64,1,disabled,yes,7,8192,141.988
3,mimalloc,reallocate,4096,64,1,disabled,yes,7,8192,94.4672
3,jemalloc,reallocate,4096,64,1,disabled,yes,7,8192,282.516
3,mimalloc,reallocate_zeroed,4096,64,1,disabled,yes,7,8192,129.71
3,jemalloc,reallocate_zeroed,4096,64,1,disabled,yes,7,8192,320.633
3,mimalloc,batch,4096,64,1,disabled,yes,7,8192,45.9747
3,jemalloc,batch,4096,64,1,disabled,yes,7,8192,63.6088
3,mimalloc,mixed_lifetime,4096,64,1,disabled,yes,7,8192,22.6033
3,jemalloc,mixed_lifetime,4096,64,1,disabled,yes,7,8192,58.9752
3,mimalloc,owned_block,4096,64,1,disabled,yes,7,8192,96.2881
3,jemalloc,owned_block,4096,64,1,disabled,yes,7,8192,283.971
3,mimalloc,raw,4096,64,1,basic,yes,7,8192,20.0247
3,jemalloc,raw,4096,64,1,basic,yes,7,8192,103.602
3,mimalloc,zeroed,4096,64,1,basic,yes,7,8192,61.1216
3,jemalloc,zeroed,4096,64,1,basic,yes,7,8192,145.045
3,mimalloc,reallocate,4096,64,1,basic,yes,7,8192,98.2412
3,jemalloc,reallocate,4096,64,1,basic,yes,7,8192,286.748
3,mimalloc,reallocate_zeroed,4096,64,1,basic,yes,7,8192,132.823
3,jemalloc,reallocate_zeroed,4096,64,1,basic,yes,7,8192,324.926
3,mimalloc,batch,4096,64,1,basic,yes,7,8192,48.3296
3,jemalloc,batch,4096,64,1,basic,yes,7,8192,66.452
3,mimalloc,mixed_lifetime,4096,64,1,basic,yes,7,8192,23.2188
3,jemalloc,mixed_lifetime,4096,64,1,basic,yes,7,8192,60.3485
3,mimalloc,owned_block,4096,64,1,basic,yes,7,8192,100.225
3,jemalloc,owned_block,4096,64,1,basic,yes,7,8192,288.457
3,standard,raw,4096,256,1,disabled,no,7,8192,44.3573
3,mimalloc,raw,4096,256,1,disabled,no,7,8192,15.7928
3,jemalloc,raw,4096,256,1,disabled,no,7,8192,21.347
3,standard,zeroed,4096,256,1,disabled,no,7,8192,82.6976
3,mimalloc,zeroed,4096,256,1,disabled,no,7,8192,55.7455
3,jemalloc,zeroed,4096,256,1,disabled,no,7,8192,64.7787
3,standard,reallocate,4096,256,1,disabled,no,7,8192,151.825
3,mimalloc,reallocate,4096,256,1,disabled,no,7,8192,93.6941
3,jemalloc,reallocate,4096,256,1,disabled,no,7,8192,116.155
3,standard,reallocate_zeroed,4096,256,1,disabled,no,7,8192,197.464
3,mimalloc,reallocate_zeroed,4096,256,1,disabled,no,7,8192,126.622
3,jemalloc,reallocate_zeroed,4096,256,1,disabled,no,7,8192,151.627
3,standard,batch,4096,256,1,disabled,no,7,8192,74.9919
3,mimalloc,batch,4096,256,1,disabled,no,7,8192,43.3705
3,jemalloc,batch,4096,256,1,disabled,no,7,8192,51.5035
3,standard,mixed_lifetime,4096,256,1,disabled,no,7,8192,33.8083
3,mimalloc,mixed_lifetime,4096,256,1,disabled,no,7,8192,20.8385
3,jemalloc,mixed_lifetime,4096,256,1,disabled,no,7,8192,22.4812
3,standard,owned_block,4096,256,1,disabled,no,7,8192,160.497
3,mimalloc,owned_block,4096,256,1,disabled,no,7,8192,94.7367
3,jemalloc,owned_block,4096,256,1,disabled,no,7,8192,117.681
3,mimalloc,raw,4096,256,1,disabled,yes,7,8192,17.217
3,jemalloc,raw,4096,256,1,disabled,yes,7,8192,101.232
3,mimalloc,zeroed,4096,256,1,disabled,yes,7,8192,58.2428
3,jemalloc,zeroed,4096,256,1,disabled,yes,7,8192,142.003
3,mimalloc,reallocate,4096,256,1,disabled,yes,7,8192,94.9604
3,jemalloc,reallocate,4096,256,1,disabled,yes,7,8192,282.344
3,mimalloc,reallocate_zeroed,4096,256,1,disabled,yes,7,8192,128.967
3,jemalloc,reallocate_zeroed,4096,256,1,disabled,yes,7,8192,321.559
3,mimalloc,batch,4096,256,1,disabled,yes,7,8192,45.8018
3,jemalloc,batch,4096,256,1,disabled,yes,7,8192,63.6088
3,mimalloc,mixed_lifetime,4096,256,1,disabled,yes,7,8192,22.4966
3,jemalloc,mixed_lifetime,4096,256,1,disabled,yes,7,8192,58.7209
3,mimalloc,owned_block,4096,256,1,disabled,yes,7,8192,96.3135
3,jemalloc,owned_block,4096,256,1,disabled,yes,7,8192,284.505
3,mimalloc,raw,4096,256,1,basic,yes,7,8192,20.0247
3,jemalloc,raw,4096,256,1,basic,yes,7,8192,103.322
3,mimalloc,zeroed,4096,256,1,basic,yes,7,8192,61.1674
3,jemalloc,zeroed,4096,256,1,basic,yes,7,8192,144.689
3,mimalloc,reallocate,4096,256,1,basic,yes,7,8192,98.3582
3,jemalloc,reallocate,4096,256,1,basic,yes,7,8192,286.891
3,mimalloc,reallocate_zeroed,4096,256,1,basic,yes,7,8192,132.65
3,jemalloc,reallocate_zeroed,4096,256,1,basic,yes,7,8192,325.358
3,mimalloc,batch,4096,256,1,basic,yes,7,8192,48.8739
3,jemalloc,batch,4096,256,1,basic,yes,7,8192,66.6554
3,mimalloc,mixed_lifetime,4096,256,1,basic,yes,7,8192,23.2493
3,jemalloc,mixed_lifetime,4096,256,1,basic,yes,7,8192,60.145
3,mimalloc,owned_block,4096,256,1,basic,yes,7,8192,100.606
3,jemalloc,owned_block,4096,256,1,basic,yes,7,8192,287.649
3,standard,raw,65536,16,1,disabled,no,7,8192,249.852
3,mimalloc,raw,65536,16,1,disabled,no,7,8192,16.6117
3,jemalloc,raw,65536,16,1,disabled,no,7,8192,216.817
3,standard,zeroed,65536,16,1,disabled,no,7,8192,964.01
3,mimalloc,zeroed,65536,16,1,disabled,no,7,8192,902.659
3,jemalloc,zeroed,65536,16,1,disabled,no,7,8192,1002.56
3,standard,reallocate,65536,16,1,disabled,no,7,8192,1842.4
3,mimalloc,reallocate,65536,16,1,disabled,no,7,8192,1804.58
3,jemalloc,reallocate,65536,16,1,disabled,no,7,8192,380.432
3,standard,reallocate_zeroed,65536,16,1,disabled,no,7,8192,2492.32
3,mimalloc,reallocate_zeroed,65536,16,1,disabled,no,7,8192,2479.86
3,jemalloc,reallocate_zeroed,65536,16,1,disabled,no,7,8192,1071.93
3,standard,batch,65536,16,1,disabled,no,7,8192,270.533
3,mimalloc,batch,65536,16,1,disabled,no,7,8192,128.764
3,jemalloc,batch,65536,16,1,disabled,no,7,8192,240.809
3,standard,mixed_lifetime,65536,16,1,disabled,no,7,8192,180.517
3,mimalloc,mixed_lifetime,65536,16,1,disabled,no,7,8192,33.1014
3,jemalloc,mixed_lifetime,65536,16,1,disabled,no,7,8192,173.492
3,standard,owned_block,65536,16,1,disabled,no,7,8192,1877.1
3,mimalloc,owned_block,65536,16,1,disabled,no,7,8192,1796.47
3,jemalloc,owned_block,65536,16,1,disabled,no,7,8192,403.854
3,standard,typed_raw,65536,1,1,disabled,no,7,8192,277.125
3,mimalloc,typed_raw,65536,1,1,disabled,no,7,8192,11.6425
3,jemalloc,typed_raw,65536,1,1,disabled,no,7,8192,243.24
3,standard,array,65536,1,1,disabled,no,7,8192,1038.75
3,mimalloc,array,65536,1,1,disabled,no,7,8192,723.552
3,jemalloc,array,65536,1,1,disabled,no,7,8192,1027.47
3,mimalloc,raw,65536,16,1,disabled,yes,7,8192,18.7836
3,jemalloc,raw,65536,16,1,disabled,yes,7,8192,164.785
3,mimalloc,zeroed,65536,16,1,disabled,yes,7,8192,903.142
3,jemalloc,zeroed,65536,16,1,disabled,yes,7,8192,988.022
3,mimalloc,reallocate,65536,16,1,disabled,yes,7,8192,1794.65
3,jemalloc,reallocate,65536,16,1,disabled,yes,7,8192,329.819
3,mimalloc,reallocate_zeroed,65536,16,1,disabled,yes,7,8192,2509.74
3,jemalloc,reallocate_zeroed,65536,16,1,disabled,yes,7,8192,1131.5
3,mimalloc,batch,65536,16,1,disabled,yes,7,8192,130.859
3,jemalloc,batch,65536,16,1,disabled,yes,7,8192,252.797
3,mimalloc,mixed_lifetime,65536,16,1,disabled,yes,7,8192,33.7219
3,jemalloc,mixed_lifetime,65536,16,1,disabled,yes,7,8192,239.639
3,mimalloc,owned_block,65536,16,1,disabled,yes,7,8192,1256.56
3,jemalloc,owned_block,65536,16,1,disabled,yes,7,8192,331.248
3,mimalloc,typed_raw,65536,1,1,disabled,yes,7,8192,11.9832
3,jemalloc,typed_raw,65536,1,1,disabled,yes,7,8192,168.95
3,mimalloc,array,65536,1,1,disabled,yes,7,8192,624.73
3,jemalloc,array,65536,1,1,disabled,yes,7,8192,970.825
3,mimalloc,raw,65536,16,1,basic,yes,7,8192,21.286
3,jemalloc,raw,65536,16,1,basic,yes,7,8192,168.284
3,mimalloc,zeroed,65536,16,1,basic,yes,7,8192,903.931
3,jemalloc,zeroed,65536,16,1,basic,yes,7,8192,994.995
3,mimalloc,reallocate,65536,16,1,basic,yes,7,8192,1261.88
3,jemalloc,reallocate,65536,16,1,basic,yes,7,8192,344.594
3,mimalloc,reallocate_zeroed,65536,16,1,basic,yes,7,8192,2485.42
3,jemalloc,reallocate_zeroed,65536,16,1,basic,yes,7,8192,1135.81
3,mimalloc,batch,65536,16,1,basic,yes,7,8192,131.571
3,jemalloc,batch,65536,16,1,basic,yes,7,8192,256.175
3,mimalloc,mixed_lifetime,65536,16,1,basic,yes,7,8192,34.4341
3,jemalloc,mixed_lifetime,65536,16,1,basic,yes,7,8192,290.955
3,mimalloc,owned_block,65536,16,1,basic,yes,7,8192,1261.05
3,jemalloc,owned_block,65536,16,1,basic,yes,7,8192,335.464
3,mimalloc,typed_raw,65536,1,1,basic,yes,7,8192,14.7858
3,jemalloc,typed_raw,65536,1,1,basic,yes,7,8192,170.446
3,mimalloc,array,65536,1,1,basic,yes,7,8192,721.375
3,jemalloc,array,65536,1,1,basic,yes,7,8192,971.019
3,standard,raw,65536,64,1,disabled,no,7,8192,272.609
3,mimalloc,raw,65536,64,1,disabled,no,7,8192,16.6575
3,jemalloc,raw,65536,64,1,disabled,no,7,8192,240.321
3,standard,zeroed,65536,64,1,disabled,no,7,8192,1038.52
3,mimalloc,zeroed,65536,64,1,disabled,no,7,8192,901.362
3,jemalloc,zeroed,65536,64,1,disabled,no,7,8192,1061.76
3,standard,reallocate,65536,64,1,disabled,no,7,8192,1678.36
3,mimalloc,reallocate,65536,64,1,disabled,no,7,8192,1695.03
3,jemalloc,reallocate,65536,64,1,disabled,no,7,8192,399.353
3,standard,reallocate_zeroed,65536,64,1,disabled,no,7,8192,2261.14
3,mimalloc,reallocate_zeroed,65536,64,1,disabled,no,7,8192,1961.16
3,jemalloc,reallocate_zeroed,65536,64,1,disabled,no,7,8192,1026.64
3,standard,batch,65536,64,1,disabled,no,7,8192,311.569
3,mimalloc,batch,65536,64,1,disabled,no,7,8192,161.412
3,jemalloc,batch,65536,64,1,disabled,no,7,8192,284.932
3,standard,mixed_lifetime,65536,64,1,disabled,no,7,8192,198.476
3,mimalloc,mixed_lifetime,65536,64,1,disabled,no,7,8192,37.2976
3,jemalloc,mixed_lifetime,65536,64,1,disabled,no,7,8192,186.228
3,standard,owned_block,65536,64,1,disabled,no,7,8192,1757.64
3,mimalloc,owned_block,65536,64,1,disabled,no,7,8192,1720.38
3,jemalloc,owned_block,65536,64,1,disabled,no,7,8192,439.524
3,mimalloc,raw,65536,64,1,disabled,yes,7,8192,20.2433
3,jemalloc,raw,65536,64,1,disabled,yes,7,8192,181.732
3,mimalloc,zeroed,65536,64,1,disabled,yes,7,8192,783.483
3,jemalloc,zeroed,65536,64,1,disabled,yes,7,8192,946.548
3,mimalloc,reallocate,65536,64,1,disabled,yes,7,8192,1410.07
3,jemalloc,reallocate,65536,64,1,disabled,yes,7,8192,358.48
3,mimalloc,reallocate_zeroed,65536,64,1,disabled,yes,7,8192,1962.44
3,jemalloc,reallocate_zeroed,65536,64,1,disabled,yes,7,8192,1029.53
3,mimalloc,batch,65536,64,1,disabled,yes,7,8192,145.92
3,jemalloc,batch,65536,64,1,disabled,yes,7,8192,278.849
3,mimalloc,mixed_lifetime,65536,64,1,disabled,yes,7,8192,37.1908
3,jemalloc,mixed_lifetime,65536,64,1,disabled,yes,7,8192,271.469
3,mimalloc,owned_block,65536,64,1,disabled,yes,7,8192,1265.79
3,jemalloc,owned_block,65536,64,1,disabled,yes,7,8192,331.263
3,mimalloc,raw,65536,64,1,basic,yes,7,8192,21.2961
3,jemalloc,raw,65536,64,1,basic,yes,7,8192,167.862
3,mimalloc,zeroed,65536,64,1,basic,yes,7,8192,899.729
3,jemalloc,zeroed,65536,64,1,basic,yes,7,8192,991.877
3,mimalloc,reallocate,65536,64,1,basic,yes,7,8192,1801
3,jemalloc,reallocate,65536,64,1,basic,yes,7,8192,333.074
3,mimalloc,reallocate_zeroed,65536,64,1,basic,yes,7,8192,2500.33
3,jemalloc,reallocate_zeroed,65536,64,1,basic,yes,7,8192,1132.99
3,mimalloc,batch,65536,64,1,basic,yes,7,8192,141.068
3,jemalloc,batch,65536,64,1,basic,yes,7,8192,255.219
3,mimalloc,mixed_lifetime,65536,64,1,basic,yes,7,8192,34.6832
3,jemalloc,mixed_lifetime,65536,64,1,basic,yes,7,8192,235.85
3,mimalloc,owned_block,65536,64,1,basic,yes,7,8192,1610.4
3,jemalloc,owned_block,65536,64,1,basic,yes,7,8192,335.322
3,standard,raw,65536,256,1,disabled,no,7,8192,255.976
3,mimalloc,raw,65536,256,1,disabled,no,7,8192,18.5699
3,jemalloc,raw,65536,256,1,disabled,no,7,8192,223.663
3,standard,zeroed,65536,256,1,disabled,no,7,8192,1019.38
3,mimalloc,zeroed,65536,256,1,disabled,no,7,8192,901.301
3,jemalloc,zeroed,65536,256,1,disabled,no,7,8192,1044.65
3,standard,reallocate,65536,256,1,disabled,no,7,8192,1898.62
3,mimalloc,reallocate,65536,256,1,disabled,no,7,8192,1797.48
3,jemalloc,reallocate,65536,256,1,disabled,no,7,8192,381.765
3,standard,reallocate_zeroed,65536,256,1,disabled,no,7,8192,2016.27
3,mimalloc,reallocate_zeroed,65536,256,1,disabled,no,7,8192,2127.27
3,jemalloc,reallocate_zeroed,65536,256,1,disabled,no,7,8192,962.697
3,standard,batch,65536,256,1,disabled,no,7,8192,272.263
3,mimalloc,batch,65536,256,1,disabled,no,7,8192,134.801
3,jemalloc,batch,65536,256,1,disabled,no,7,8192,240.667
3,standard,mixed_lifetime,65536,256,1,disabled,no,7,8192,175.629
3,mimalloc,mixed_lifetime,65536,256,1,disabled,no,7,8192,32.6741
3,jemalloc,mixed_lifetime,65536,256,1,disabled,no,7,8192,160.731
3,standard,owned_block,65536,256,1,disabled,no,7,8192,1563.19
3,mimalloc,owned_block,65536,256,1,disabled,no,7,8192,1469.92
3,jemalloc,owned_block,65536,256,1,disabled,no,7,8192,398.137
3,mimalloc,raw,65536,256,1,disabled,yes,7,8192,18.7836
3,jemalloc,raw,65536,256,1,disabled,yes,7,8192,166.387
3,mimalloc,zeroed,65536,256,1,disabled,yes,7,8192,634.715
3,jemalloc,zeroed,65536,256,1,disabled,yes,7,8192,777.883
3,mimalloc,reallocate,65536,256,1,disabled,yes,7,8192,1800.38
3,jemalloc,reallocate,65536,256,1,disabled,yes,7,8192,329.636
3,mimalloc,reallocate_zeroed,65536,256,1,disabled,yes,7,8192,2077.48
3,jemalloc,reallocate_zeroed,65536,256,1,disabled,yes,7,8192,1166.2
3,mimalloc,batch,65536,256,1,disabled,yes,7,8192,156.148
3,jemalloc,batch,65536,256,1,disabled,yes,7,8192,306.056
3,mimalloc,mixed_lifetime,65536,256,1,disabled,yes,7,8192,33.3099
3,jemalloc,mixed_lifetime,65536,256,1,disabled,yes,7,8192,274.389
3,mimalloc,owned_block,65536,256,1,disabled,yes,7,8192,1262.63
3,jemalloc,owned_block,65536,256,1,disabled,yes,7,8192,331.98
3,mimalloc,raw,65536,256,1,basic,yes,7,8192,21.281
3,jemalloc,raw,65536,256,1,basic,yes,7,8192,167.735
3,mimalloc,zeroed,65536,256,1,basic,yes,7,8192,902.242
3,jemalloc,zeroed,65536,256,1,basic,yes,7,8192,995.789
3,mimalloc,reallocate,65536,256,1,basic,yes,7,8192,1809.57
3,jemalloc,reallocate,65536,256,1,basic,yes,7,8192,333.339
3,mimalloc,reallocate_zeroed,65536,256,1,basic,yes,7,8192,2508.27
3,jemalloc,reallocate_zeroed,65536,256,1,basic,yes,7,8192,1137.66
3,mimalloc,batch,65536,256,1,basic,yes,7,8192,137.619
3,jemalloc,batch,65536,256,1,basic,yes,7,8192,255.168
3,mimalloc,mixed_lifetime,65536,256,1,basic,yes,7,8192,34.6069
3,jemalloc,mixed_lifetime,65536,256,1,basic,yes,7,8192,271.052
3,mimalloc,owned_block,65536,256,1,basic,yes,7,8192,1255.97
3,jemalloc,owned_block,65536,256,1,basic,yes,7,8192,334.712
3,standard,cross_thread,64,16,2,disabled,no,7,8192,40.0594
3,mimalloc,cross_thread,64,16,2,disabled,no,7,8192,18.0715
3,jemalloc,cross_thread,64,16,2,disabled,no,7,8192,26.4282
3,mimalloc,cross_thread,64,16,2,disabled,yes,7,8192,18.6971
3,jemalloc,cross_thread,64,16,2,disabled,yes,7,8192,92.2699
3,standard,cross_thread,64,16,4,disabled,no,7,8192,42.8925
3,mimalloc,cross_thread,64,16,4,disabled,no,7,8192,16.9983
3,jemalloc,cross_thread,64,16,4,disabled,no,7,8192,32.1655
3,mimalloc,cross_thread,64,16,4,disabled,yes,7,8192,18.4988
3,jemalloc,cross_thread,64,16,4,disabled,yes,7,8192,119.253
3,standard,cross_thread,64,16,8,disabled,no,7,8192,43.1315
3,mimalloc,cross_thread,64,16,8,disabled,no,7,8192,20.5129
3,jemalloc,cross_thread,64,16,8,disabled,no,7,8192,34.7493
3,mimalloc,cross_thread,64,16,8,disabled,yes,7,8192,22.761
3,jemalloc,cross_thread,64,16,8,disabled,yes,7,8192,123.342
3,mimalloc,detailed_statistics,0,0,1,disabled,no,7,512,436.035
3,jemalloc,detailed_statistics,0,0,1,disabled,no,7,512,15263.3
3,mimalloc,detailed_statistics,0,0,1,disabled,yes,7,512,1.62891
3,jemalloc,detailed_statistics,0,0,1,disabled,yes,7,512,19572.3
3,fixed_buffer,stack_mark_rewind,64,16,1,disabled,no,7,8192,3.64685
3,fixed_buffer,stack_mark_rewind,64,64,1,disabled,no,7,8192,3.64685
3,fixed_buffer,stack_mark_rewind,64,256,1,disabled,no,7,8192,3.65698
3,fixed_buffer,stack_mark_rewind,256,16,1,disabled,no,7,8192,3.65198
3,fixed_buffer,stack_mark_rewind,256,64,1,disabled,no,7,8192,3.6571
3,fixed_buffer,stack_mark_rewind,256,256,1,disabled,no,7,8192,3.7384
3,fixed_buffer,stack_mark_rewind,4096,16,1,disabled,no,7,8192,3.65186
3,fixed_buffer,stack_mark_rewind,4096,64,1,disabled,no,7,8192,3.65186
3,fixed_buffer,stack_mark_rewind,4096,256,1,disabled,no,7,8192,3.64172
3,fixed_buffer,stack_mark_rewind,65536,16,1,disabled,no,7,8192,3.65186
3,fixed_buffer,stack_mark_rewind,65536,64,1,disabled,no,7,8192,3.64685
3,fixed_buffer,stack_mark_rewind,65536,256,1,disabled,no,7,8192,3.64185
3,standard,raw,64,16,1,basic,no,7,8192,40.2577
3,mimalloc,raw,64,16,1,basic,no,7,8192,8.72803
3,jemalloc,raw,64,16,1,basic,no,7,8192,18.8395
3,standard,zeroed,64,16,1,basic,no,7,8192,43.0603
3,mimalloc,zeroed,64,16,1,basic,no,7,8192,12.1561
3,jemalloc,zeroed,64,16,1,basic,no,7,8192,20.4061
3,standard,reallocate,64,16,1,basic,no,7,8192,82.3721
3,mimalloc,reallocate,64,16,1,basic,no,7,8192,19.3075
3,jemalloc,reallocate,64,16,1,basic,no,7,8192,45.6238
3,standard,reallocate_zeroed,64,16,1,basic,no,7,8192,86.5021
3,mimalloc,reallocate_zeroed,64,16,1,basic,no,7,8192,21.1691
3,jemalloc,reallocate_zeroed,64,16,1,basic,no,7,8192,47.5057
3,standard,batch,64,16,1,basic,no,7,8192,38.4775
3,mimalloc,batch,64,16,1,basic,no,7,8192,7.8938
3,jemalloc,batch,64,16,1,basic,no,7,8192,18.9209
3,standard,mixed_lifetime,64,16,1,basic,no,7,8192,25.0651
3,mimalloc,mixed_lifetime,64,16,1,basic,no,7,8192,9.60278
3,jemalloc,mixed_lifetime,64,16,1,basic,no,7,8192,14.2161
3,standard,owned_block,64,16,1,basic,no,7,8192,83.8368
3,mimalloc,owned_block,64,16,1,basic,no,7,8192,21.1945
3,jemalloc,owned_block,64,16,1,basic,no,7,8192,47.8363
3,standard,typed_raw,64,1,1,basic,no,7,8192,36.8652
3,mimalloc,typed_raw,64,1,1,basic,no,7,8192,7.75146
3,jemalloc,typed_raw,64,1,1,basic,no,7,8192,17.8986
3,standard,create_destroy,64,1,1,basic,no,7,8192,36.8602
3,mimalloc,create_destroy,64,1,1,basic,no,7,8192,7.75659
3,jemalloc,create_destroy,64,1,1,basic,no,7,8192,17.8986
3,standard,object,64,1,1,basic,no,7,8192,36.8652
3,mimalloc,object,64,1,1,basic,no,7,8192,7.75647
3,jemalloc,object,64,1,1,basic,no,7,8192,17.8934
3,standard,shared_object,64,1,1,basic,no,7,8192,42.5873
3,mimalloc,shared_object,64,1,1,basic,no,7,8192,14.8315
3,jemalloc,shared_object,64,1,1,basic,no,7,8192,21.4844
3,standard,array,64,1,1,basic,no,7,8192,40.09
3,mimalloc,array,64,1,1,basic,no,7,8192,8.99756
3,jemalloc,array,64,1,1,basic,no,7,8192,19.1396
3,standard,std_vector,256,8,1,basic,no,7,8192,260.757
3,mimalloc,std_vector,256,8,1,basic,no,7,8192,76.6042
3,jemalloc,std_vector,256,8,1,basic,no,7,8192,137.232
3,standard,pmr_vector,256,8,1,basic,no,7,8192,259.974
3,mimalloc,pmr_vector,256,8,1,basic,no,7,8192,98.6023
3,jemalloc,pmr_vector,256,8,1,basic,no,7,8192,158.869
3,standard,raw,64,64,1,basic,no,7,8192,41.0919
3,mimalloc,raw,64,64,1,basic,no,7,8192,8.89087
3,jemalloc,raw,64,64,1,basic,no,7,8192,19.2108
3,standard,zeroed,64,64,1,basic,no,7,8192,43.0807
3,mimalloc,zeroed,64,64,1,basic,no,7,8192,12.1561
3,jemalloc,zeroed,64,64,1,basic,no,7,8192,20.4111
3,standard,reallocate,64,64,1,basic,no,7,8192,82.7637
3,mimalloc,reallocate,64,64,1,basic,no,7,8192,19.0175
3,jemalloc,reallocate,64,64,1,basic,no,7,8192,45.6238
3,standard,reallocate_zeroed,64,64,1,basic,no,7,8192,88.1042
3,mimalloc,reallocate_zeroed,64,64,1,basic,no,7,8192,21.281
3,jemalloc,reallocate_zeroed,64,64,1,basic,no,7,8192,48.411
3,standard,batch,64,64,1,basic,no,7,8192,38.9202
3,mimalloc,batch,64,64,1,basic,no,7,8192,8.03625
3,jemalloc,batch,64,64,1,basic,no,7,8192,18.926
3,standard,mixed_lifetime,64,64,1,basic,no,7,8192,25.0143
3,mimalloc,mixed_lifetime,64,64,1,basic,no,7,8192,9.65369
3,jemalloc,mixed_lifetime,64,64,1,basic,no,7,8192,14.1653
3,standard,owned_block,64,64,1,basic,no,7,8192,83.8623
3,mimalloc,owned_block,64,64,1,basic,no,7,8192,21.2046
3,jemalloc,owned_block,64,64,1,basic,no,7,8192,47.7346
3,standard,raw,64,256,1,basic,no,7,8192,41.3157
3,mimalloc,raw,64,256,1,basic,no,7,8192,14.3687
3,jemalloc,raw,64,256,1,basic,no,7,8192,19.455
3,standard,zeroed,64,256,1,basic,no,7,8192,43.3298
3,mimalloc,zeroed,64,256,1,basic,no,7,8192,17.9495
3,jemalloc,zeroed,64,256,1,basic,no,7,8192,21.7845
3,standard,reallocate,64,256,1,basic,no,7,8192,84.3658
3,mimalloc,reallocate,64,256,1,basic,no,7,8192,26.1281
3,jemalloc,reallocate,64,256,1,basic,no,7,8192,40.7054
3,standard,reallocate_zeroed,64,256,1,basic,no,7,8192,87.6007
3,mimalloc,reallocate_zeroed,64,256,1,basic,no,7,8192,27.9185
3,jemalloc,reallocate_zeroed,64,256,1,basic,no,7,8192,42.4448
3,standard,batch,64,256,1,basic,no,7,8192,38.5792
3,mimalloc,batch,64,256,1,basic,no,7,8192,11.9579
3,jemalloc,batch,64,256,1,basic,no,7,8192,18.8345
3,standard,mixed_lifetime,64,256,1,basic,no,7,8192,24.6685
3,mimalloc,mixed_lifetime,64,256,1,basic,no,7,8192,12.7716
3,jemalloc,mixed_lifetime,64,256,1,basic,no,7,8192,14.1093
3,standard,owned_block,64,256,1,basic,no,7,8192,84.2692
3,mimalloc,owned_block,64,256,1,basic,no,7,8192,26.3876
3,jemalloc,owned_block,64,256,1,basic,no,7,8192,42.6636
3,standard,raw,256,16,1,basic,no,7,8192,41.2649
3,mimalloc,raw,256,16,1,basic,no,7,8192,8.90601
3,jemalloc,raw,256,16,1,basic,no,7,8192,19.2007
3,standard,zeroed,256,16,1,basic,no,7,8192,44.1641
3,mimalloc,zeroed,256,16,1,basic,no,7,8192,11.1644
3,jemalloc,zeroed,256,16,1,basic,no,7,8192,22.2067
3,standard,reallocate,256,16,1,basic,no,7,8192,85.7494
3,mimalloc,reallocate,256,16,1,basic,no,7,8192,22.995
3,jemalloc,reallocate,256,16,1,basic,no,7,8192,49.5809
3,standard,reallocate_zeroed,256,16,1,basic,no,7,8192,90.4846
3,mimalloc,reallocate_zeroed,256,16,1,basic,no,7,8192,25.1974
3,jemalloc,reallocate_zeroed,256,16,1,basic,no,7,8192,51.9867
3,standard,batch,256,16,1,basic,no,7,8192,39.205
3,mimalloc,batch,256,16,1,basic,no,7,8192,8.05664
3,jemalloc,batch,256,16,1,basic,no,7,8192,19.1448
3,standard,mixed_lifetime,256,16,1,basic,no,7,8192,25.3296
3,mimalloc,mixed_lifetime,256,16,1,basic,no,7,8192,9.95886
3,jemalloc,mixed_lifetime,256,16,1,basic,no,7,8192,14.5264
3,standard,owned_block,256,16,1,basic,no,7,8192,87.8906
3,mimalloc,owned_block,256,16,1,basic,no,7,8192,23.9207
3,jemalloc,owned_block,256,16,1,basic,no,7,8192,52.8208
3,standard,typed_raw,256,1,1,basic,no,7,8192,37.1552
3,mimalloc,typed_raw,256,1,1,basic,no,7,8192,7.76672
3,jemalloc,typed_raw,256,1,1,basic,no,7,8192,18.1224
3,standard,array,256,1,1,basic,no,7,8192,40.3748
3,mimalloc,array,256,1,1,basic,no,7,8192,9.95386
3,jemalloc,array,256,1,1,basic,no,7,8192,19.4041
3,standard,raw,256,64,1,basic,no,7,8192,40.5273
3,mimalloc,raw,256,64,1,basic,no,7,8192,8.73816
3,jemalloc,raw,256,64,1,basic,no,7,8192,19.0785
3,standard,zeroed,256,64,1,basic,no,7,8192,43.335
3,mimalloc,zeroed,256,64,1,basic,no,7,8192,10.9508
3,jemalloc,zeroed,256,64,1,basic,no,7,8192,21.7743
3,standard,reallocate,256,64,1,basic,no,7,8192,85.6628
3,mimalloc,reallocate,256,64,1,basic,no,7,8192,20.8029
3,jemalloc,reallocate,256,64,1,basic,no,7,8192,49.5911
3,standard,reallocate_zeroed,256,64,1,basic,no,7,8192,90.1388
3,mimalloc,reallocate_zeroed,256,64,1,basic,no,7,8192,23.0103
3,jemalloc,reallocate_zeroed,256,64,1,basic,no,7,8192,51.9918
3,standard,batch,256,64,1,basic,no,7,8192,38.4724
3,mimalloc,batch,256,64,1,basic,no,7,8192,7.90906
3,jemalloc,batch,256,64,1,basic,no,7,8192,18.7734
3,standard,mixed_lifetime,256,64,1,basic,no,7,8192,24.9176
3,mimalloc,mixed_lifetime,256,64,1,basic,no,7,8192,9.62317
3,jemalloc,mixed_lifetime,256,64,1,basic,no,7,8192,14.3076
3,standard,owned_block,256,64,1,basic,no,7,8192,87.204
3,mimalloc,owned_block,256,64,1,basic,no,7,8192,23.9359
3,jemalloc,owned_block,256,64,1,basic,no,7,8192,52.4139
3,standard,raw,256,256,1,basic,no,7,8192,40.5323
3,mimalloc,raw,256,256,1,basic,no,7,8192,8.73816
3,jemalloc,raw,256,256,1,basic,no,7,8192,19.0785
3,standard,zeroed,256,256,1,basic,no,7,8192,43.3248
3,mimalloc,zeroed,256,256,1,basic,no,7,8192,10.9507
3,jemalloc,zeroed,256,256,1,basic,no,7,8192,21.7794
3,standard,reallocate,256,256,1,basic,no,7,8192,85.7494
3,mimalloc,reallocate,256,256,1,basic,no,7,8192,20.813
3,jemalloc,reallocate,256,256,1,basic,no,7,8192,49.5961
3,standard,reallocate_zeroed,256,256,1,basic,no,7,8192,89.7419
3,mimalloc,reallocate_zeroed,256,256,1,basic,no,7,8192,23.0001
3,jemalloc,reallocate_zeroed,256,256,1,basic,no,7,8192,52.0223
3,standard,batch,256,256,1,basic,no,7,8192,38.4623
3,mimalloc,batch,256,256,1,basic,no,7,8192,7.90405
3,jemalloc,batch,256,256,1,basic,no,7,8192,18.7886
3,standard,mixed_lifetime,256,256,1,basic,no,7,8192,24.9126
3,mimalloc,mixed_lifetime,256,256,1,basic,no,7,8192,10.2234
3,jemalloc,mixed_lifetime,256,256,1,basic,no,7,8192,14.2975
3,standard,owned_block,256,256,1,basic,no,7,8192,87.1989
3,mimalloc,owned_block,256,256,1,basic,no,7,8192,23.9004
3,jemalloc,owned_block,256,256,1,basic,no,7,8192,52.4445
3,standard,raw,4096,16,1,basic,no,7,8192,46.0104
3,mimalloc,raw,4096,16,1,basic,no,7,8192,17.8375
3,jemalloc,raw,4096,16,1,basic,no,7,8192,23.6002
3,standard,zeroed,4096,16,1,basic,no,7,8192,85.4849
3,mimalloc,zeroed,4096,16,1,basic,no,7,8192,59.1888
3,jemalloc,zeroed,4096,16,1,basic,no,7,8192,67.6829
3,standard,reallocate,4096,16,1,basic,no,7,8192,156.23
3,mimalloc,reallocate,4096,16,1,basic,no,7,8192,95.4539
3,jemalloc,reallocate,4096,16,1,basic,no,7,8192,132.06
3,standard,reallocate_zeroed,4096,16,1,basic,no,7,8192,192.474
3,mimalloc,reallocate_zeroed,4096,16,1,basic,no,7,8192,131.139
3,jemalloc,reallocate_zeroed,4096,16,1,basic,no,7,8192,155.202
3,standard,batch,4096,16,1,basic,no,7,8192,74.6968
3,mimalloc,batch,4096,16,1,basic,no,7,8192,43.1875
3,jemalloc,batch,4096,16,1,basic,no,7,8192,51.3866
3,standard,mixed_lifetime,4096,16,1,basic,no,7,8192,34.7544
3,mimalloc,mixed_lifetime,4096,16,1,basic,no,7,8192,21.6267
3,jemalloc,mixed_lifetime,4096,16,1,basic,no,7,8192,24.5615
3,standard,owned_block,4096,16,1,basic,no,7,8192,158.3
3,mimalloc,owned_block,4096,16,1,basic,no,7,8192,98.5005
3,jemalloc,owned_block,4096,16,1,basic,no,7,8192,121.872
3,standard,typed_raw,4096,1,1,basic,no,7,8192,42.8671
3,mimalloc,typed_raw,4096,1,1,basic,no,7,8192,14.5111
3,jemalloc,typed_raw,4096,1,1,basic,no,7,8192,22.6237
3,standard,array,4096,1,1,basic,no,7,8192,77.6672
3,mimalloc,array,4096,1,1,basic,no,7,8192,55.308
3,jemalloc,array,4096,1,1,basic,no,7,8192,59.7433
3,standard,raw,4096,64,1,basic,no,7,8192,45.9545
3,mimalloc,raw,4096,64,1,basic,no,7,8192,18.2852
3,jemalloc,raw,4096,64,1,basic,no,7,8192,23.6664
3,standard,zeroed,4096,64,1,basic,no,7,8192,85.5305
3,mimalloc,zeroed,4096,64,1,basic,no,7,8192,58.7717
3,jemalloc,zeroed,4096,64,1,basic,no,7,8192,67.4744
3,standard,reallocate,4096,64,1,basic,no,7,8192,155.609
3,mimalloc,reallocate,4096,64,1,basic,no,7,8192,96.3541
3,jemalloc,reallocate,4096,64,1,basic,no,7,8192,119.904
3,standard,reallocate_zeroed,4096,64,1,basic,no,7,8192,195.409
3,mimalloc,reallocate_zeroed,4096,64,1,basic,no,7,8192,131.714
3,jemalloc,reallocate_zeroed,4096,64,1,basic,no,7,8192,162.206
3,standard,batch,4096,64,1,basic,no,7,8192,74.5544
3,mimalloc,batch,4096,64,1,basic,no,7,8192,43.1976
3,jemalloc,batch,4096,64,1,basic,no,7,8192,51.4526
3,standard,mixed_lifetime,4096,64,1,basic,no,7,8192,36.4838
3,mimalloc,mixed_lifetime,4096,64,1,basic,no,7,8192,21.464
3,jemalloc,mixed_lifetime,4096,64,1,basic,no,7,8192,26.0265
3,standard,owned_block,4096,64,1,basic,no,7,8192,158.839
3,mimalloc,owned_block,4096,64,1,basic,no,7,8192,98.4243
3,jemalloc,owned_block,4096,64,1,basic,no,7,8192,121.613
3,standard,raw,4096,256,1,basic,no,7,8192,45.9543
3,mimalloc,raw,4096,256,1,basic,no,7,8192,18.2495
3,jemalloc,raw,4096,256,1,basic,no,7,8192,23.6105
3,standard,zeroed,4096,256,1,basic,no,7,8192,85.4492
3,mimalloc,zeroed,4096,256,1,basic,no,7,8192,58.7819
3,jemalloc,zeroed,4096,256,1,basic,no,7,8192,67.4948
3,standard,reallocate,4096,256,1,basic,no,7,8192,155.472
3,mimalloc,reallocate,4096,256,1,basic,no,7,8192,96.6389
3,jemalloc,reallocate,4096,256,1,basic,no,7,8192,119.42
3,standard,reallocate_zeroed,4096,256,1,basic,no,7,8192,194.545
3,mimalloc,reallocate_zeroed,4096,256,1,basic,no,7,8192,131.531
3,jemalloc,reallocate_zeroed,4096,256,1,basic,no,7,8192,161.077
3,standard,batch,4096,256,1,basic,no,7,8192,73.6593
3,mimalloc,batch,4096,256,1,basic,no,7,8192,43.1671
3,jemalloc,batch,4096,256,1,basic,no,7,8192,49.942
3,standard,mixed_lifetime,4096,256,1,basic,no,7,8192,34.9325
3,mimalloc,mixed_lifetime,4096,256,1,basic,no,7,8192,21.3674
3,jemalloc,mixed_lifetime,4096,256,1,basic,no,7,8192,24.2563
3,standard,owned_block,4096,256,1,basic,no,7,8192,158.808
3,mimalloc,owned_block,4096,256,1,basic,no,7,8192,98.4243
3,jemalloc,owned_block,4096,256,1,basic,no,7,8192,121.582
3,standard,raw,65536,16,1,basic,no,7,8192,253.169
3,mimalloc,raw,65536,16,1,basic,no,7,8192,19.4296
3,jemalloc,raw,65536,16,1,basic,no,7,8192,220.606
3,standard,zeroed,65536,16,1,basic,no,7,8192,1010.65
3,mimalloc,zeroed,65536,16,1,basic,no,7,8192,900.574
3,jemalloc,zeroed,65536,16,1,basic,no,7,8192,1036.69
3,standard,reallocate,65536,16,1,basic,no,7,8192,1883.22
3,mimalloc,reallocate,65536,16,1,basic,no,7,8192,1825.41
3,jemalloc,reallocate,65536,16,1,basic,no,7,8192,384.15
3,standard,reallocate_zeroed,65536,16,1,basic,no,7,8192,2483.69
3,mimalloc,reallocate_zeroed,65536,16,1,basic,no,7,8192,2485.05
3,jemalloc,reallocate_zeroed,65536,16,1,basic,no,7,8192,1068.85
3,standard,batch,65536,16,1,basic,no,7,8192,275.93
3,mimalloc,batch,65536,16,1,basic,no,7,8192,148.407
3,jemalloc,batch,65536,16,1,basic,no,7,8192,246.852
3,standard,mixed_lifetime,65536,16,1,basic,no,7,8192,179.072
3,mimalloc,mixed_lifetime,65536,16,1,basic,no,7,8192,31.6824
3,jemalloc,mixed_lifetime,65536,16,1,basic,no,7,8192,165.599
3,standard,owned_block,65536,16,1,basic,no,7,8192,1566.82
3,mimalloc,owned_block,65536,16,1,basic,no,7,8192,1656.45
3,jemalloc,owned_block,65536,16,1,basic,no,7,8192,409.637
3,standard,typed_raw,65536,1,1,basic,no,7,8192,278.437
3,mimalloc,typed_raw,65536,1,1,basic,no,7,8192,14.4094
3,jemalloc,typed_raw,65536,1,1,basic,no,7,8192,243.947
3,standard,array,65536,1,1,basic,no,7,8192,901.423
3,mimalloc,array,65536,1,1,basic,no,7,8192,714.625
3,jemalloc,array,65536,1,1,basic,no,7,8192,1023.83
3,standard,raw,65536,64,1,basic,no,7,8192,274.373
3,mimalloc,raw,65536,64,1,basic,no,7,8192,19.4092
3,jemalloc,raw,65536,64,1,basic,no,7,8192,243.352
3,standard,zeroed,65536,64,1,basic,no,7,8192,1035.41
3,mimalloc,zeroed,65536,64,1,basic,no,7,8192,901.942
3,jemalloc,zeroed,65536,64,1,basic,no,7,8192,1059.7
3,standard,reallocate,65536,64,1,basic,no,7,8192,1933.95
3,mimalloc,reallocate,65536,64,1,basic,no,7,8192,1817.14
3,jemalloc,reallocate,65536,64,1,basic,no,7,8192,406.855
3,standard,reallocate_zeroed,65536,64,1,basic,no,7,8192,2544.75
3,mimalloc,reallocate_zeroed,65536,64,1,basic,no,7,8192,2482.31
3,jemalloc,reallocate_zeroed,65536,64,1,basic,no,7,8192,1165.5
3,standard,batch,65536,64,1,basic,no,7,8192,284.48
3,mimalloc,batch,65536,64,1,basic,no,7,8192,150.889
3,jemalloc,batch,65536,64,1,basic,no,7,8192,261.912
3,standard,mixed_lifetime,65536,64,1,basic,no,7,8192,182.46
3,mimalloc,mixed_lifetime,65536,64,1,basic,no,7,8192,28.6407
3,jemalloc,mixed_lifetime,65536,64,1,basic,no,7,8192,169.876
3,standard,owned_block,65536,64,1,basic,no,7,8192,1559.3
3,mimalloc,owned_block,65536,64,1,basic,no,7,8192,1681.49
3,jemalloc,owned_block,65536,64,1,basic,no,7,8192,409.307
3,standard,raw,65536,256,1,basic,no,7,8192,274.75
3,mimalloc,raw,65536,256,1,basic,no,7,8192,21.2046
3,jemalloc,raw,65536,256,1,basic,no,7,8192,242.432
3,standard,zeroed,65536,256,1,basic,no,7,8192,922.419
3,mimalloc,zeroed,65536,256,1,basic,no,7,8192,639.562
3,jemalloc,zeroed,65536,256,1,basic,no,7,8192,948.466
3,standard,reallocate,65536,256,1,basic,no,7,8192,1559.28
3,mimalloc,reallocate,65536,256,1,basic,no,7,8192,1530.04
3,jemalloc,reallocate,65536,256,1,basic,no,7,8192,406.688
3,standard,reallocate_zeroed,65536,256,1,basic,no,7,8192,2024.68
3,mimalloc,reallocate_zeroed,65536,256,1,basic,no,7,8192,2216.96
3,jemalloc,reallocate_zeroed,65536,256,1,basic,no,7,8192,976.908
3,standard,batch,65536,256,1,basic,no,7,8192,283.147
3,mimalloc,batch,65536,256,1,basic,no,7,8192,151.983
3,jemalloc,batch,65536,256,1,basic,no,7,8192,253.276
3,standard,mixed_lifetime,65536,256,1,basic,no,7,8192,179.006
3,mimalloc,mixed_lifetime,65536,256,1,basic,no,7,8192,28.9968
3,jemalloc,mixed_lifetime,65536,256,1,basic,no,7,8192,163.595
3,standard,owned_block,65536,256,1,basic,no,7,8192,1553.43
3,mimalloc,owned_block,65536,256,1,basic,no,7,8192,1661.15
3,jemalloc,owned_block,65536,256,1,basic,no,7,8192,408.259
