trial,backend,workload,bytes,alignment,threads,statistics,heap,repetitions,operations,median_ns_per_operation
1,standard,raw,64,16,1,disabled,no,7,8192,21.6868
1,mimalloc,raw,64,16,1,disabled,no,7,8192,12.8058
1,jemalloc,raw,64,16,1,disabled,no,7,8192,23.5237
1,standard,zeroed,64,16,1,disabled,no,7,8192,24.6998
1,mimalloc,zeroed,64,16,1,disabled,no,7,8192,13.9557
1,jemalloc,zeroed,64,16,1,disabled,no,7,8192,27.8716
1,standard,reallocate,64,16,1,disabled,no,7,8192,49.8358
1,mimalloc,reallocate,64,16,1,disabled,no,7,8192,26.7086
1,jemalloc,reallocate,64,16,1,disabled,no,7,8192,59.5095
1,standard,reallocate_zeroed,64,16,1,disabled,no,7,8192,52.3997
1,mimalloc,reallocate_zeroed,64,16,1,disabled,no,7,8192,31.2548
1,jemalloc,reallocate_zeroed,64,16,1,disabled,no,7,8192,65.3113
1,standard,batch,64,16,1,disabled,no,7,8192,24.6338
1,mimalloc,batch,64,16,1,disabled,no,7,8192,12.3169
1,jemalloc,batch,64,16,1,disabled,no,7,8192,24.8055
1,standard,mixed_lifetime,64,16,1,disabled,no,7,8192,23.6823
1,mimalloc,mixed_lifetime,64,16,1,disabled,no,7,8192,16.4137
1,jemalloc,mixed_lifetime,64,16,1,disabled,no,7,8192,20.9995
1,standard,owned_block,64,16,1,disabled,no,7,8192,54.7123
1,mimalloc,owned_block,64,16,1,disabled,no,7,8192,31.0037
1,jemalloc,owned_block,64,16,1,disabled,no,7,8192,64.3729
1,standard,typed_raw,64,1,1,disabled,no,7,8192,18.1053
1,mimalloc,typed_raw,64,1,1,disabled,no,7,8192,10.4139
1,jemalloc,typed_raw,64,1,1,disabled,no,7,8192,19.8894
1,standard,create_destroy,64,1,1,disabled,no,7,8192,17.5898
1,mimalloc,create_destroy,64,1,1,disabled,no,7,8192,10.3743
1,jemalloc,create_destroy,64,1,1,disabled,no,7,8192,19.6912
1,standard,object,64,1,1,disabled,no,7,8192,18.819
1,mimalloc,object,64,1,1,disabled,no,7,8192,10.5592
1,jemalloc,object,64,1,1,disabled,no,7,8192,20.048
1,standard,shared_object,64,1,1,disabled,no,7,8192,22.4663
1,mimalloc,shared_object,64,1,1,disabled,no,7,8192,14.7354
1,jemalloc,shared_object,64,1,1,disabled,no,7,8192,28.2417
1,standard,array,64,1,1,disabled,no,7,8192,20.4841
1,mimalloc,array,64,1,1,disabled,no,7,8192,13.1626
1,jemalloc,array,64,1,1,disabled,no,7,8192,23.0347
1,standard,std_vector,256,8,1,disabled,no,7,8192,163.846
1,mimalloc,std_vector,256,8,1,disabled,no,7,8192,114.632
1,jemalloc,std_vector,256,8,1,disabled,no,7,8192,192.735
1,standard,pmr_vector,256,8,1,disabled,no,7,8192,179.586
1,mimalloc,pmr_vector,256,8,1,disabled,no,7,8192,131.587
1,jemalloc,pmr_vector,256,8,1,disabled,no,7,8192,207.92
1,mimalloc,raw,64,16,1,disabled,yes,7,8192,12.0658
1,jemalloc,raw,64,16,1,disabled,yes,7,8192,217.673
1,mimalloc,zeroed,64,16,1,disabled,yes,7,8192,13.2288
1,jemalloc,zeroed,64,16,1,disabled,yes,7,8192,218.268
1,mimalloc,reallocate,64,16,1,disabled,yes,7,8192,26.1667
1,jemalloc,reallocate,64,16,1,disabled,yes,7,8192,459.187
1,mimalloc,reallocate_zeroed,64,16,1,disabled,yes,7,8192,30.7262
1,jemalloc,reallocate_zeroed,64,16,1,disabled,yes,7,8192,465.134
1,mimalloc,batch,64,16,1,disabled,yes,7,8192,11.9996
1,jemalloc,batch,64,16,1,disabled,yes,7,8192,59.8928
1,mimalloc,mixed_lifetime,64,16,1,disabled,yes,7,8192,14.8939
1,jemalloc,mixed_lifetime,64,16,1,disabled,yes,7,8192,39.911
1,mimalloc,owned_block,64,16,1,disabled,yes,7,8192,30.9773
1,jemalloc,owned_block,64,16,1,disabled,yes,7,8192,471.015
1,mimalloc,typed_raw,64,1,1,disabled,yes,7,8192,10.427
1,jemalloc,typed_raw,64,1,1,disabled,yes,7,8192,209.718
1,mimalloc,create_destroy,64,1,1,disabled,yes,7,8192,10.4006
1,jemalloc,create_destroy,64,1,1,disabled,yes,7,8192,213.788
1,mimalloc,object,64,1,1,disabled,yes,7,8192,10.4403
1,jemalloc,object,64,1,1,disabled,yes,7,8192,212.638
1,mimalloc,shared_object,64,1,1,disabled,yes,7,8192,14.3389
1,jemalloc,shared_object,64,1,1,disabled,yes,7,8192,231.986
1,mimalloc,array,64,1,1,disabled,yes,7,8192,13.0305
1,jemalloc,array,64,1,1,disabled,yes,7,8192,215.321
1,mimalloc,std_vector,256,8,1,disabled,yes,7,8192,116.231
1,jemalloc,std_vector,256,8,1,disabled,yes,7,8192,1346.27
1,mimalloc,pmr_vector,256,8,1,disabled,yes,7,8192,135.116
1,jemalloc,pmr_vector,256,8,1,disabled,yes,7,8192,1385.29
1,mimalloc,raw,64,16,1,basic,yes,7,8192,35.9331
1,jemalloc,raw,64,16,1,basic,yes,7,8192,231.312
1,mimalloc,zeroed,64,16,1,basic,yes,7,8192,36.7921
1,jemalloc,zeroed,64,16,1,basic,yes,7,8192,235.514
1,mimalloc,reallocate,64,16,1,basic,yes,7,8192,61.9545
1,jemalloc,reallocate,64,16,1,basic,yes,7,8192,487.138
1,mimalloc,reallocate_zeroed,64,16,1,basic,yes,7,8192,66.223
1,jemalloc,reallocate_zeroed,64,16,1,basic,yes,7,8192,489.834
1,mimalloc,batch,64,16,1,basic,yes,7,8192,36.3163
1,jemalloc,batch,64,16,1,basic,yes,7,8192,88.0684
1,mimalloc,mixed_lifetime,64,16,1,basic,yes,7,8192,23.1405
1,jemalloc,mixed_lifetime,64,16,1,basic,yes,7,8192,47.0472
1,mimalloc,owned_block,64,16,1,basic,yes,7,8192,67.439
1,jemalloc,owned_block,64,16,1,basic,yes,7,8192,493.548
1,mimalloc,typed_raw,64,1,1,basic,yes,7,8192,35.1138
1,jemalloc,typed_raw,64,1,1,basic,yes,7,8192,228.074
1,mimalloc,create_destroy,64,1,1,basic,yes,7,8192,34.757
1,jemalloc,create_destroy,64,1,1,basic,yes,7,8192,225.642
1,mimalloc,object,64,1,1,basic,yes,7,8192,34.7833
1,jemalloc,object,64,1,1,basic,yes,7,8192,226.554
1,mimalloc,shared_object,64,1,1,basic,yes,7,8192,37.1489
1,jemalloc,shared_object,64,1,1,basic,yes,7,8192,244.911
1,mimalloc,array,64,1,1,basic,yes,7,8192,36.3824
1,jemalloc,array,64,1,1,basic,yes,7,8192,227.796
1,mimalloc,std_vector,256,8,1,basic,yes,7,8192,245.043
1,jemalloc,std_vector,256,8,1,basic,yes,7,8192,1428.9
1,mimalloc,pmr_vector,256,8,1,basic,yes,7,8192,250.051
1,jemalloc,pmr_vector,256,8,1,basic,yes,7,8192,1463.85
1,standard,raw,64,64,1,disabled,no,7,8192,22.0964
1,mimalloc,raw,64,64,1,disabled,no,7,8192,12.5283
1,jemalloc,raw,64,64,1,disabled,no,7,8192,25.2682
1,standard,zeroed,64,64,1,disabled,no,7,8192,25.8231
1,mimalloc,zeroed,64,64,1,disabled,no,7,8192,13.4402
1,jemalloc,zeroed,64,64,1,disabled,no,7,8192,28.2681
1,standard,reallocate,64,64,1,disabled,no,7,8192,98.0725
1,mimalloc,reallocate,64,64,1,disabled,no,7,8192,26.6425
1,jemalloc,reallocate,64,64,1,disabled,no,7,8192,61.307
1,standard,reallocate_zeroed,64,64,1,disabled,no,7,8192,100.874
1,mimalloc,reallocate_zeroed,64,64,1,disabled,no,7,8192,30.7393
1,jemalloc,reallocate_zeroed,64,64,1,disabled,no,7,8192,63.5007
1,standard,batch,64,64,1,disabled,no,7,8192,83.8262
1,mimalloc,batch,64,64,1,disabled,no,7,8192,12.2904
1,jemalloc,batch,64,64,1,disabled,no,7,8192,24.2109
1,standard,mixed_lifetime,64,64,1,disabled,no,7,8192,49.8094
1,mimalloc,mixed_lifetime,64,64,1,disabled,no,7,8192,15.3433
1,jemalloc,mixed_lifetime,64,64,1,disabled,no,7,8192,21.4224
1,standard,owned_block,64,64,1,disabled,no,7,8192,82.954
1,mimalloc,owned_block,64,64,1,disabled,no,7,8192,30.5411
1,jemalloc,owned_block,64,64,1,disabled,no,7,8192,66.0249
1,mimalloc,raw,64,64,1,disabled,yes,7,8192,12.1451
1,jemalloc,raw,64,64,1,disabled,yes,7,8192,218.268
1,mimalloc,zeroed,64,64,1,disabled,yes,7,8192,14.0217
1,jemalloc,zeroed,64,64,1,disabled,yes,7,8192,223.145
1,mimalloc,reallocate,64,64,1,disabled,yes,7,8192,26.8937
1,jemalloc,reallocate,64,64,1,disabled,yes,7,8192,461.196
1,mimalloc,reallocate_zeroed,64,64,1,disabled,yes,7,8192,30.8848
1,jemalloc,reallocate_zeroed,64,64,1,disabled,yes,7,8192,465.637
1,mimalloc,batch,64,64,1,disabled,yes,7,8192,11.9468
1,jemalloc,batch,64,64,1,disabled,yes,7,8192,59.4963
1,mimalloc,mixed_lifetime,64,64,1,disabled,yes,7,8192,14.8807
1,jemalloc,mixed_lifetime,64,64,1,disabled,yes,7,8192,41.4175
1,mimalloc,owned_block,64,64,1,disabled,yes,7,8192,31.2944
1,jemalloc,owned_block,64,64,1,disabled,yes,7,8192,471.227
1,mimalloc,raw,64,64,1,basic,yes,7,8192,35.9463
1,jemalloc,raw,64,64,1,basic,yes,7,8192,229.395
1,mimalloc,zeroed,64,64,1,basic,yes,7,8192,36.7128
1,jemalloc,zeroed,64,64,1,basic,yes,7,8192,233.558
1,mimalloc,reallocate,64,64,1,basic,yes,7,8192,64.6504
1,jemalloc,reallocate,64,64,1,basic,yes,7,8192,484.482
1,mimalloc,reallocate_zeroed,64,64,1,basic,yes,7,8192,62.0239
1,jemalloc,reallocate_zeroed,64,64,1,basic,yes,7,8192,455.493
1,mimalloc,batch,64,64,1,basic,yes,7,8192,34.6802
1,jemalloc,batch,64,64,1,basic,yes,7,8192,79.7729
1,mimalloc,mixed_lifetime,64,64,1,basic,yes,7,8192,20.7764
1,jemalloc,mixed_lifetime,64,64,1,basic,yes,7,8192,43.1519
1,mimalloc,owned_block,64,64,1,basic,yes,7,8192,61.8286
1,jemalloc,owned_block,64,64,1,basic,yes,7,8192,455.432
1,standard,raw,64,256,1,disabled,no,7,8192,20.7397
1,mimalloc,raw,64,256,1,disabled,no,7,8192,17.981
1,jemalloc,raw,64,256,1,disabled,no,7,8192,22.1924
1,standard,zeroed,64,256,1,disabled,no,7,8192,24.5483
1,mimalloc,zeroed,64,256,1,disabled,no,7,8192,21.521
1,jemalloc,zeroed,64,256,1,disabled,no,7,8192,27.1851
1,standard,reallocate,64,256,1,disabled,no,7,8192,93.4204
1,mimalloc,reallocate,64,256,1,disabled,no,7,8192,29.6019
1,jemalloc,reallocate,64,256,1,disabled,no,7,8192,50.4517
1,standard,reallocate_zeroed,64,256,1,disabled,no,7,8192,95.6664
1,mimalloc,reallocate_zeroed,64,256,1,disabled,no,7,8192,34.1919
1,jemalloc,reallocate_zeroed,64,256,1,disabled,no,7,8192,53.7596
1,standard,batch,64,256,1,disabled,no,7,8192,77.0508
1,mimalloc,batch,64,256,1,disabled,no,7,8192,20.2026
1,jemalloc,batch,64,256,1,disabled,no,7,8192,39.1968
1,standard,mixed_lifetime,64,256,1,disabled,no,7,8192,56.543
1,mimalloc,mixed_lifetime,64,256,1,disabled,no,7,8192,19.6289
1,jemalloc,mixed_lifetime,64,256,1,disabled,no,7,8192,20.2759
1,standard,owned_block,64,256,1,disabled,no,7,8192,91.2354
1,mimalloc,owned_block,64,256,1,disabled,no,7,8192,37.3657
1,jemalloc,owned_block,64,256,1,disabled,no,7,8192,55.0659
1,mimalloc,raw,64,256,1,disabled,yes,7,8192,18.3594
1,jemalloc,raw,64,256,1,disabled,yes,7,8192,203.87
1,mimalloc,zeroed,64,256,1,disabled,yes,7,8192,22.0824
1,jemalloc,zeroed,64,256,1,disabled,yes,7,8192,207.471
1,mimalloc,reallocate,64,256,1,disabled,yes,7,8192,29.9683
1,jemalloc,reallocate,64,256,1,disabled,yes,7,8192,244.421
1,mimalloc,reallocate_zeroed,64,256,1,disabled,yes,7,8192,36.2793
1,jemalloc,reallocate_zeroed,64,256,1,disabled,yes,7,8192,249.805
1,mimalloc,batch,64,256,1,disabled,yes,7,8192,17.2485
1,jemalloc,batch,64,256,1,disabled,yes,7,8192,64.8438
1,mimalloc,mixed_lifetime,64,256,1,disabled,yes,7,8192,19.6045
1,jemalloc,mixed_lifetime,64,256,1,disabled,yes,7,8192,44.4458
1,mimalloc,owned_block,64,256,1,disabled,yes,7,8192,35.5225
1,jemalloc,owned_block,64,256,1,disabled,yes,7,8192,252.795
1,mimalloc,raw,64,256,1,basic,yes,7,8192,42.5537
1,jemalloc,raw,64,256,1,basic,yes,7,8192,212.476
1,mimalloc,zeroed,64,256,1,basic,yes,7,8192,45.752
1,jemalloc,zeroed,64,256,1,basic,yes,7,8192,219.568
1,mimalloc,reallocate,64,256,1,basic,yes,7,8192,67.3828
1,jemalloc,reallocate,64,256,1,basic,yes,7,8192,267.651
1,mimalloc,reallocate_zeroed,64,256,1,basic,yes,7,8192,70.0317
1,jemalloc,reallocate_zeroed,64,256,1,basic,yes,7,8192,271.13
1,mimalloc,batch,64,256,1,basic,yes,7,8192,42.1753
1,jemalloc,batch,64,256,1,basic,yes,7,8192,89.9779
1,mimalloc,mixed_lifetime,64,256,1,basic,yes,7,8192,26.0864
1,jemalloc,mixed_lifetime,64,256,1,basic,yes,7,8192,49.231
1,mimalloc,owned_block,64,256,1,basic,yes,7,8192,71.0327
1,jemalloc,owned_block,64,256,1,basic,yes,7,8192,273.34
1,standard,raw,256,16,1,disabled,no,7,8192,18.7744
1,mimalloc,raw,256,16,1,disabled,no,7,8192,10.3882
1,jemalloc,raw,256,16,1,disabled,no,7,8192,21.2036
1,standard,zeroed,256,16,1,disabled,no,7,8192,23.5107
1,mimalloc,zeroed,256,16,1,disabled,no,7,8192,12.6099
1,jemalloc,zeroed,256,16,1,disabled,no,7,8192,25.3174
1,standard,reallocate,256,16,1,disabled,no,7,8192,45.6299
1,mimalloc,reallocate,256,16,1,disabled,no,7,8192,31.4941
1,jemalloc,reallocate,256,16,1,disabled,no,7,8192,59.912
1,standard,reallocate_zeroed,256,16,1,disabled,no,7,8192,48.9014
1,mimalloc,reallocate_zeroed,256,16,1,disabled,no,7,8192,34.9121
1,jemalloc,reallocate_zeroed,256,16,1,disabled,no,7,8192,62.8418
1,standard,batch,256,16,1,disabled,no,7,8192,40.4297
1,mimalloc,batch,256,16,1,disabled,no,7,8192,11.4136
1,jemalloc,batch,256,16,1,disabled,no,7,8192,37.8052
1,standard,mixed_lifetime,256,16,1,disabled,no,7,8192,23.8037
1,mimalloc,mixed_lifetime,256,16,1,disabled,no,7,8192,14.8804
1,jemalloc,mixed_lifetime,256,16,1,disabled,no,7,8192,21.0083
1,standard,owned_block,256,16,1,disabled,no,7,8192,51.1597
1,mimalloc,owned_block,256,16,1,disabled,no,7,8192,32.8247
1,jemalloc,owned_block,256,16,1,disabled,no,7,8192,62.6586
1,standard,typed_raw,256,1,1,disabled,no,7,8192,16.5892
1,mimalloc,typed_raw,256,1,1,disabled,no,7,8192,8.47168
1,jemalloc,typed_raw,256,1,1,disabled,no,7,8192,18.396
1,standard,array,256,1,1,disabled,no,7,8192,19.3604
1,mimalloc,array,256,1,1,disabled,no,7,8192,11.5601
1,jemalloc,array,256,1,1,disabled,no,7,8192,23.1812
1,mimalloc,raw,256,16,1,disabled,yes,7,8192,12.5
1,jemalloc,raw,256,16,1,disabled,yes,7,8192,199.267
1,mimalloc,zeroed,256,16,1,disabled,yes,7,8192,14.5142
1,jemalloc,zeroed,256,16,1,disabled,yes,7,8192,204.26
1,mimalloc,reallocate,256,16,1,disabled,yes,7,8192,32.4585
1,jemalloc,reallocate,256,16,1,disabled,yes,7,8192,426.44
1,mimalloc,reallocate_zeroed,256,16,1,disabled,yes,7,8192,37.3535
1,jemalloc,reallocate_zeroed,256,16,1,disabled,yes,7,8192,431.86
1,mimalloc,batch,256,16,1,disabled,yes,7,8192,11.1938
1,jemalloc,batch,256,16,1,disabled,yes,7,8192,65.7349
1,mimalloc,mixed_lifetime,256,16,1,disabled,yes,7,8192,14.9292
1,jemalloc,mixed_lifetime,256,16,1,disabled,yes,7,8192,49.2798
1,mimalloc,owned_block,256,16,1,disabled,yes,7,8192,36.7065
1,jemalloc,owned_block,256,16,1,disabled,yes,7,8192,436.047
1,mimalloc,typed_raw,256,1,1,disabled,yes,7,8192,10.5835
1,jemalloc,typed_raw,256,1,1,disabled,yes,7,8192,197.241
1,mimalloc,array,256,1,1,disabled,yes,7,8192,13.855
1,jemalloc,array,256,1,1,disabled,yes,7,8192,199.536
1,mimalloc,raw,256,16,1,basic,yes,7,8192,34.5581
1,jemalloc,raw,256,16,1,basic,yes,7,8192,214.087
1,mimalloc,zeroed,256,16,1,basic,yes,7,8192,37.4756
1,jemalloc,zeroed,256,16,1,basic,yes,7,8192,222.266
1,mimalloc,reallocate,256,16,1,basic,yes,7,8192,63.3911
1,jemalloc,reallocate,256,16,1,basic,yes,7,8192,452.087
1,mimalloc,reallocate_zeroed,256,16,1,basic,yes,7,8192,64.502
1,jemalloc,reallocate_zeroed,256,16,1,basic,yes,7,8192,456.457
1,mimalloc,batch,256,16,1,basic,yes,7,8192,34.2651
1,jemalloc,batch,256,16,1,basic,yes,7,8192,89.4531
1,mimalloc,mixed_lifetime,256,16,1,basic,yes,7,8192,23.0225
1,jemalloc,mixed_lifetime,256,16,1,basic,yes,7,8192,53.2347
1,mimalloc,owned_block,256,16,1,basic,yes,7,8192,65.4785
1,jemalloc,owned_block,256,16,1,basic,yes,7,8192,465.307
1,mimalloc,typed_raw,256,1,1,basic,yes,7,8192,33.606
1,jemalloc,typed_raw,256,1,1,basic,yes,7,8192,212.414
1,mimalloc,array,256,1,1,basic,yes,7,8192,36.084
1,jemalloc,array,256,1,1,basic,yes,7,8192,213.183
1,standard,raw,256,64,1,disabled,no,7,8192,21.5698
1,mimalloc,raw,256,64,1,disabled,no,7,8192,10.3149
1,jemalloc,raw,256,64,1,disabled,no,7,8192,21.6431
1,standard,zeroed,256,64,1,disabled,no,7,8192,24.9023
1,mimalloc,zeroed,256,64,1,disabled,no,7,8192,12.2681
1,jemalloc,zeroed,256,64,1,disabled,no,7,8192,25.6958
1,standard,reallocate,256,64,1,disabled,no,7,8192,47.0215
1,mimalloc,reallocate,256,64,1,disabled,no,7,8192,27.6001
1,jemalloc,reallocate,256,64,1,disabled,no,7,8192,59.4849
1,standard,reallocate_zeroed,256,64,1,disabled,no,7,8192,51.0375
1,mimalloc,reallocate_zeroed,256,64,1,disabled,no,7,8192,31.4087
1,jemalloc,reallocate_zeroed,256,64,1,disabled,no,7,8192,63.6473
1,standard,batch,256,64,1,disabled,no,7,8192,79.2114
1,mimalloc,batch,256,64,1,disabled,no,7,8192,11.4258
1,jemalloc,batch,256,64,1,disabled,no,7,8192,40.1732
1,standard,mixed_lifetime,256,64,1,disabled,no,7,8192,44.7021
1,mimalloc,mixed_lifetime,256,64,1,disabled,no,7,8192,15.4053
1,jemalloc,mixed_lifetime,256,64,1,disabled,no,7,8192,21.228
1,standard,owned_block,256,64,1,disabled,no,7,8192,53.0762
1,mimalloc,owned_block,256,64,1,disabled,no,7,8192,31.7383
1,jemalloc,owned_block,256,64,1,disabled,no,7,8192,64.1846
1,mimalloc,raw,256,64,1,disabled,yes,7,8192,12.5488
1,jemalloc,raw,256,64,1,disabled,yes,7,8192,205.298
1,mimalloc,zeroed,256,64,1,disabled,yes,7,8192,15.2832
1,jemalloc,zeroed,256,64,1,disabled,yes,7,8192,207.52
1,mimalloc,reallocate,256,64,1,disabled,yes,7,8192,32.312
1,jemalloc,reallocate,256,64,1,disabled,yes,7,8192,430.737
1,mimalloc,reallocate_zeroed,256,64,1,disabled,yes,7,8192,36.5601
1,jemalloc,reallocate_zeroed,256,64,1,disabled,yes,7,8192,439.099
1,mimalloc,batch,256,64,1,disabled,yes,7,8192,11.0718
1,jemalloc,batch,256,64,1,disabled,yes,7,8192,64.6484
1,mimalloc,mixed_lifetime,256,64,1,disabled,yes,7,8192,14.7949
1,jemalloc,mixed_lifetime,256,64,1,disabled,yes,7,8192,50.0366
1,mimalloc,owned_block,256,64,1,disabled,yes,7,8192,36.3281
1,jemalloc,owned_block,256,64,1,disabled,yes,7,8192,436.645
1,mimalloc,raw,256,64,1,basic,yes,7,8192,35.3882
1,jemalloc,raw,256,64,1,basic,yes,7,8192,214.001
1,mimalloc,zeroed,256,64,1,basic,yes,7,8192,36.2181
1,jemalloc,zeroed,256,64,1,basic,yes,7,8192,217.383
1,mimalloc,reallocate,256,64,1,basic,yes,7,8192,62.5853
1,jemalloc,reallocate,256,64,1,basic,yes,7,8192,452.222
1,mimalloc,reallocate_zeroed,256,64,1,basic,yes,7,8192,68.3226
1,jemalloc,reallocate_zeroed,256,64,1,basic,yes,7,8192,498.108
1,mimalloc,batch,256,64,1,basic,yes,7,8192,35.6201
1,jemalloc,batch,256,64,1,basic,yes,7,8192,93.2373
1,mimalloc,mixed_lifetime,256,64,1,basic,yes,7,8192,22.522
1,jemalloc,mixed_lifetime,256,64,1,basic,yes,7,8192,56.9092
1,mimalloc,owned_block,256,64,1,basic,yes,7,8192,69.1284
1,jemalloc,owned_block,256,64,1,basic,yes,7,8192,504.199
1,standard,raw,256,256,1,disabled,no,7,8192,56.1035
1,mimalloc,raw,256,256,1,disabled,no,7,8192,10.9619
1,jemalloc,raw,256,256,1,disabled,no,7,8192,22.5708
1,standard,zeroed,256,256,1,disabled,no,7,8192,59.9243
1,mimalloc,zeroed,256,256,1,disabled,no,7,8192,13.3057
1,jemalloc,zeroed,256,256,1,disabled,no,7,8192,27.2095
1,standard,reallocate,256,256,1,disabled,no,7,8192,120.496
1,mimalloc,reallocate,256,256,1,disabled,no,7,8192,27.6489
1,jemalloc,reallocate,256,256,1,disabled,no,7,8192,61.8163
1,standard,reallocate_zeroed,256,256,1,disabled,no,7,8192,127.686
1,mimalloc,reallocate_zeroed,256,256,1,disabled,no,7,8192,31.7505
1,jemalloc,reallocate_zeroed,256,256,1,disabled,no,7,8192,67.6147
1,standard,batch,256,256,1,disabled,no,7,8192,83.6426
1,mimalloc,batch,256,256,1,disabled,no,7,8192,11.8774
1,jemalloc,batch,256,256,1,disabled,no,7,8192,40.5762
1,standard,mixed_lifetime,256,256,1,disabled,no,7,8192,73.3885
1,mimalloc,mixed_lifetime,256,256,1,disabled,no,7,8192,16.748
1,jemalloc,mixed_lifetime,256,256,1,disabled,no,7,8192,22.3999
1,standard,owned_block,256,256,1,disabled,no,7,8192,129.944
1,mimalloc,owned_block,256,256,1,disabled,no,7,8192,32.7393
1,jemalloc,owned_block,256,256,1,disabled,no,7,8192,67.4438
1,mimalloc,raw,256,256,1,disabled,yes,7,8192,12.9272
1,jemalloc,raw,256,256,1,disabled,yes,7,8192,210.937
1,mimalloc,zeroed,256,256,1,disabled,yes,7,8192,15.3687
1,jemalloc,zeroed,256,256,1,disabled,yes,7,8192,218.786
1,mimalloc,reallocate,256,256,1,disabled,yes,7,8192,32.5195
1,jemalloc,reallocate,256,256,1,disabled,yes,7,8192,458.545
1,mimalloc,reallocate_zeroed,256,256,1,disabled,yes,7,8192,36.3403
1,jemalloc,reallocate_zeroed,256,256,1,disabled,yes,7,8192,434.24
1,mimalloc,batch,256,256,1,disabled,yes,7,8192,11.0107
1,jemalloc,batch,256,256,1,disabled,yes,7,8192,64.9902
1,mimalloc,mixed_lifetime,256,256,1,disabled,yes,7,8192,15.7471
1,jemalloc,mixed_lifetime,256,256,1,disabled,yes,7,8192,51.0254
1,mimalloc,owned_block,256,256,1,disabled,yes,7,8192,36.5601
1,jemalloc,owned_block,256,256,1,disabled,yes,7,8192,438.867
1,mimalloc,raw,256,256,1,basic,yes,7,8192,34.5947
1,jemalloc,raw,256,256,1,basic,yes,7,8192,214.087
1,mimalloc,zeroed,256,256,1,basic,yes,7,8192,36.2793
1,jemalloc,zeroed,256,256,1,basic,yes,7,8192,219.787
1,mimalloc,reallocate,256,256,1,basic,yes,7,8192,62.5366
1,jemalloc,reallocate,256,256,1,basic,yes,7,8192,452.148
1,mimalloc,reallocate_zeroed,256,256,1,basic,yes,7,8192,65.7836
1,jemalloc,reallocate_zeroed,256,256,1,basic,yes,7,8192,457.19
1,mimalloc,batch,256,256,1,basic,yes,7,8192,33.5938
1,jemalloc,batch,256,256,1,basic,yes,7,8192,88.7817
1,mimalloc,mixed_lifetime,256,256,1,basic,yes,7,8192,23.3765
1,jemalloc,mixed_lifetime,256,256,1,basic,yes,7,8192,53.6499
1,mimalloc,owned_block,256,256,1,basic,yes,7,8192,66.0643
1,jemalloc,owned_block,256,256,1,basic,yes,7,8192,459.875
1,standard,raw,4096,16,1,disabled,no,7,8192,37.2802
1,mimalloc,raw,4096,16,1,disabled,no,7,8192,31.4575
1,jemalloc,raw,4096,16,1,disabled,no,7,8192,27.002
1,standard,zeroed,4096,16,1,disabled,no,7,8192,69.6045
1,mimalloc,zeroed,4096,16,1,disabled,no,7,8192,58.1542
1,jemalloc,zeroed,4096,16,1,disabled,no,7,8192,62.8539
1,standard,reallocate,4096,16,1,disabled,no,7,8192,119.104
1,mimalloc,reallocate,4096,16,1,disabled,no,7,8192,94.6411
1,jemalloc,reallocate,4096,16,1,disabled,no,7,8192,111.353
1,standard,reallocate_zeroed,4096,16,1,disabled,no,7,8192,154.517
1,mimalloc,reallocate_zeroed,4096,16,1,disabled,no,7,8192,124.207
1,jemalloc,reallocate_zeroed,4096,16,1,disabled,no,7,8192,137.72
1,standard,batch,4096,16,1,disabled,no,7,8192,571.423
1,mimalloc,batch,4096,16,1,disabled,no,7,8192,54.0527
1,jemalloc,batch,4096,16,1,disabled,no,7,8192,169.592
1,standard,mixed_lifetime,4096,16,1,disabled,no,7,8192,134.57
1,mimalloc,mixed_lifetime,4096,16,1,disabled,no,7,8192,35.0463
1,jemalloc,mixed_lifetime,4096,16,1,disabled,no,7,8192,93.1396
1,standard,owned_block,4096,16,1,disabled,no,7,8192,123.889
1,mimalloc,owned_block,4096,16,1,disabled,no,7,8192,126.062
1,jemalloc,owned_block,4096,16,1,disabled,no,7,8192,115.307
1,standard,typed_raw,4096,1,1,disabled,no,7,8192,35.5957
1,mimalloc,typed_raw,4096,1,1,disabled,no,7,8192,27.3682
1,jemalloc,typed_raw,4096,1,1,disabled,no,7,8192,22.7905
1,standard,array,4096,1,1,disabled,no,7,8192,65.8447
1,mimalloc,array,4096,1,1,disabled,no,7,8192,73.5596
1,jemalloc,array,4096,1,1,disabled,no,7,8192,48.6694
1,mimalloc,raw,4096,16,1,disabled,yes,7,8192,30.6763
1,jemalloc,raw,4096,16,1,disabled,yes,7,8192,213.611
1,mimalloc,zeroed,4096,16,1,disabled,yes,7,8192,56.6772
1,jemalloc,zeroed,4096,16,1,disabled,yes,7,8192,234.631
1,mimalloc,reallocate,4096,16,1,disabled,yes,7,8192,95.5809
1,jemalloc,reallocate,4096,16,1,disabled,yes,7,8192,484.802
1,mimalloc,reallocate_zeroed,4096,16,1,disabled,yes,7,8192,123.376
1,jemalloc,reallocate_zeroed,4096,16,1,disabled,yes,7,8192,520.276
1,mimalloc,batch,4096,16,1,disabled,yes,7,8192,54.0283
1,jemalloc,batch,4096,16,1,disabled,yes,7,8192,208.643
1,mimalloc,mixed_lifetime,4096,16,1,disabled,yes,7,8192,34.1187
1,jemalloc,mixed_lifetime,4096,16,1,disabled,yes,7,8192,237.305
1,mimalloc,owned_block,4096,16,1,disabled,yes,7,8192,98.9258
1,jemalloc,owned_block,4096,16,1,disabled,yes,7,8192,496.399
1,mimalloc,typed_raw,4096,1,1,disabled,yes,7,8192,27.2705
1,jemalloc,typed_raw,4096,1,1,disabled,yes,7,8192,204.993
1,mimalloc,array,4096,1,1,disabled,yes,7,8192,54.5532
1,jemalloc,array,4096,1,1,disabled,yes,7,8192,228.638
1,mimalloc,raw,4096,16,1,basic,yes,7,8192,57.1289
1,jemalloc,raw,4096,16,1,basic,yes,7,8192,222.327
1,mimalloc,zeroed,4096,16,1,basic,yes,7,8192,87.2557
1,jemalloc,zeroed,4096,16,1,basic,yes,7,8192,251.538
1,mimalloc,reallocate,4096,16,1,basic,yes,7,8192,135.132
1,jemalloc,reallocate,4096,16,1,basic,yes,7,8192,512.646
1,mimalloc,reallocate_zeroed,4096,16,1,basic,yes,7,8192,163.037
1,jemalloc,reallocate_zeroed,4096,16,1,basic,yes,7,8192,540.368
1,mimalloc,batch,4096,16,1,basic,yes,7,8192,71.2402
1,jemalloc,batch,4096,16,1,basic,yes,7,8192,230.835
1,mimalloc,mixed_lifetime,4096,16,1,basic,yes,7,8192,40.3687
1,jemalloc,mixed_lifetime,4096,16,1,basic,yes,7,8192,247.314
1,mimalloc,owned_block,4096,16,1,basic,yes,7,8192,138.94
1,jemalloc,owned_block,4096,16,1,basic,yes,7,8192,523.743
1,mimalloc,typed_raw,4096,1,1,basic,yes,7,8192,55.078
1,jemalloc,typed_raw,4096,1,1,basic,yes,7,8192,217.737
1,mimalloc,array,4096,1,1,basic,yes,7,8192,80.4443
1,jemalloc,array,4096,1,1,basic,yes,7,8192,243.103
1,standard,raw,4096,64,1,disabled,no,7,8192,59.851
1,mimalloc,raw,4096,64,1,disabled,no,7,8192,30.5908
1,jemalloc,raw,4096,64,1,disabled,no,7,8192,26.0864
1,standard,zeroed,4096,64,1,disabled,no,7,8192,81.9092
1,mimalloc,zeroed,4096,64,1,disabled,no,7,8192,76.184
1,jemalloc,zeroed,4096,64,1,disabled,no,7,8192,61.0352
1,standard,reallocate,4096,64,1,disabled,no,7,8192,151.831
1,mimalloc,reallocate,4096,64,1,disabled,no,7,8192,103.308
1,jemalloc,reallocate,4096,64,1,disabled,no,7,8192,109.241
1,standard,reallocate_zeroed,4096,64,1,disabled,no,7,8192,178.967
1,mimalloc,reallocate_zeroed,4096,64,1,disabled,no,7,8192,132.837
1,jemalloc,reallocate_zeroed,4096,64,1,disabled,no,7,8192,133.472
1,standard,batch,4096,64,1,disabled,no,7,8192,629.309
1,mimalloc,batch,4096,64,1,disabled,no,7,8192,53.3934
1,jemalloc,batch,4096,64,1,disabled,no,7,8192,172.62
1,standard,mixed_lifetime,4096,64,1,disabled,no,7,8192,174.243
1,mimalloc,mixed_lifetime,4096,64,1,disabled,no,7,8192,34.2529
1,jemalloc,mixed_lifetime,4096,64,1,disabled,no,7,8192,96.0083
1,standard,owned_block,4096,64,1,disabled,no,7,8192,155.542
1,mimalloc,owned_block,4096,64,1,disabled,no,7,8192,124.219
1,jemalloc,owned_block,4096,64,1,disabled,no,7,8192,114.722
1,mimalloc,raw,4096,64,1,disabled,yes,7,8192,30.5298
1,jemalloc,raw,4096,64,1,disabled,yes,7,8192,208.484
1,mimalloc,zeroed,4096,64,1,disabled,yes,7,8192,57.3242
1,jemalloc,zeroed,4096,64,1,disabled,yes,7,8192,235.217
1,mimalloc,reallocate,4096,64,1,disabled,yes,7,8192,94.9585
1,jemalloc,reallocate,4096,64,1,disabled,yes,7,8192,488.049
1,mimalloc,reallocate_zeroed,4096,64,1,disabled,yes,7,8192,123.022
1,jemalloc,reallocate_zeroed,4096,64,1,disabled,yes,7,8192,515.112
1,mimalloc,batch,4096,64,1,disabled,yes,7,8192,53.7842
1,jemalloc,batch,4096,64,1,disabled,yes,7,8192,207.397
1,mimalloc,mixed_lifetime,4096,64,1,disabled,yes,7,8192,35.2783
1,jemalloc,mixed_lifetime,4096,64,1,disabled,yes,7,8192,239.99
1,mimalloc,owned_block,4096,64,1,disabled,yes,7,8192,98.8647
1,jemalloc,owned_block,4096,64,1,disabled,yes,7,8192,494.531
1,mimalloc,raw,4096,64,1,basic,yes,7,8192,57.019
1,jemalloc,raw,4096,64,1,basic,yes,7,8192,222.717
1,mimalloc,zeroed,4096,64,1,basic,yes,7,8192,88.5254
1,jemalloc,zeroed,4096,64,1,basic,yes,7,8192,250.61
1,mimalloc,reallocate,4096,64,1,basic,yes,7,8192,135.815
1,jemalloc,reallocate,4096,64,1,basic,yes,7,8192,514.929
1,mimalloc,reallocate_zeroed,4096,64,1,basic,yes,7,8192,164.612
1,jemalloc,reallocate_zeroed,4096,64,1,basic,yes,7,8192,541.211
1,mimalloc,batch,4096,64,1,basic,yes,7,8192,72.998
1,jemalloc,batch,4096,64,1,basic,yes,7,8192,231.323
1,mimalloc,mixed_lifetime,4096,64,1,basic,yes,7,8192,41.2598
1,jemalloc,mixed_lifetime,4096,64,1,basic,yes,7,8192,249.621
1,mimalloc,owned_block,4096,64,1,basic,yes,7,8192,140.674
1,jemalloc,owned_block,4096,64,1,basic,yes,7,8192,525.146
1,standard,raw,4096,256,1,disabled,no,7,8192,60.2173
1,mimalloc,raw,4096,256,1,disabled,no,7,8192,30.5908
1,jemalloc,raw,4096,256,1,disabled,no,7,8192,25.4639
1,standard,zeroed,4096,256,1,disabled,no,7,8192,81.8724
1,mimalloc,zeroed,4096,256,1,disabled,no,7,8192,76.9165
1,jemalloc,zeroed,4096,256,1,disabled,no,7,8192,62.7197
1,standard,reallocate,4096,256,1,disabled,no,7,8192,152.234
1,mimalloc,reallocate,4096,256,1,disabled,no,7,8192,102.673
1,jemalloc,reallocate,4096,256,1,disabled,no,7,8192,108.679
1,standard,reallocate_zeroed,4096,256,1,disabled,no,7,8192,182.153
1,mimalloc,reallocate_zeroed,4096,256,1,disabled,no,7,8192,132.178
1,jemalloc,reallocate_zeroed,4096,256,1,disabled,no,7,8192,134.411
1,standard,batch,4096,256,1,disabled,no,7,8192,668.493
1,mimalloc,batch,4096,256,1,disabled,no,7,8192,55.1392
1,jemalloc,batch,4096,256,1,disabled,no,7,8192,171.606
1,standard,mixed_lifetime,4096,256,1,disabled,no,7,8192,157.727
1,mimalloc,mixed_lifetime,4096,256,1,disabled,no,7,8192,34.5947
1,jemalloc,mixed_lifetime,4096,256,1,disabled,no,7,8192,101.953
1,standard,owned_block,4096,256,1,disabled,no,7,8192,154.492
1,mimalloc,owned_block,4096,256,1,disabled,no,7,8192,123.938
1,jemalloc,owned_block,4096,256,1,disabled,no,7,8192,114.954
1,mimalloc,raw,4096,256,1,disabled,yes,7,8192,31.5308
1,jemalloc,raw,4096,256,1,disabled,yes,7,8192,209.094
1,mimalloc,zeroed,4096,256,1,disabled,yes,7,8192,57.3975
1,jemalloc,zeroed,4096,256,1,disabled,yes,7,8192,236.365
1,mimalloc,reallocate,4096,256,1,disabled,yes,7,8192,96.0693
1,jemalloc,reallocate,4096,256,1,disabled,yes,7,8192,486.731
1,mimalloc,reallocate_zeroed,4096,256,1,disabled,yes,7,8192,123.584
1,jemalloc,reallocate_zeroed,4096,256,1,disabled,yes,7,8192,515.32
1,mimalloc,batch,4096,256,1,disabled,yes,7,8192,54.4067
1,jemalloc,batch,4096,256,1,disabled,yes,7,8192,208.423
1,mimalloc,mixed_lifetime,4096,256,1,disabled,yes,7,8192,33.8013
1,jemalloc,mixed_lifetime,4096,256,1,disabled,yes,7,8192,236.084
1,mimalloc,owned_block,4096,256,1,disabled,yes,7,8192,98.23
1,jemalloc,owned_block,4096,256,1,disabled,yes,7,8192,493.188
1,mimalloc,raw,4096,256,1,basic,yes,7,8192,58.0566
1,jemalloc,raw,4096,256,1,basic,yes,7,8192,220.959
1,mimalloc,zeroed,4096,256,1,basic,yes,7,8192,86.9873
1,jemalloc,zeroed,4096,256,1,basic,yes,7,8192,250.916
1,mimalloc,reallocate,4096,256,1,basic,yes,7,8192,136.645
1,jemalloc,reallocate,4096,256,1,basic,yes,7,8192,511.487
1,mimalloc,reallocate_zeroed,4096,256,1,basic,yes,7,8192,163.196
1,jemalloc,reallocate_zeroed,4096,256,1,basic,yes,7,8192,543.811
1,mimalloc,batch,4096,256,1,basic,yes,7,8192,72.0337
1,jemalloc,batch,4096,256,1,basic,yes,7,8192,230.469
1,mimalloc,mixed_lifetime,4096,256,1,basic,yes,7,8192,41.6016
1,jemalloc,mixed_lifetime,4096,256,1,basic,yes,7,8192,245.825
1,mimalloc,owned_block,4096,256,1,basic,yes,7,8192,141.919
1,jemalloc,owned_block,4096,256,1,basic,yes,7,8192,524.402
1,standard,raw,65536,16,1,disabled,no,7,8192,35.9375
1,mimalloc,raw,65536,16,1,disabled,no,7,8192,32.7515
1,jemalloc,raw,65536,16,1,disabled,no,7,8192,396.606
1,standard,zeroed,65536,16,1,disabled,no,7,8192,1487.87
1,mimalloc,zeroed,65536,16,1,disabled,no,7,8192,1840.59
1,jemalloc,zeroed,65536,16,1,disabled,no,7,8192,1877.04
1,standard,reallocate,65536,16,1,disabled,no,7,8192,12347
1,mimalloc,reallocate,65536,16,1,disabled,no,7,8192,2327.36
1,jemalloc,reallocate,65536,16,1,disabled,no,7,8192,740.597
1,standard,reallocate_zeroed,65536,16,1,disabled,no,7,8192,40404.8
1,mimalloc,reallocate_zeroed,65536,16,1,disabled,no,7,8192,3714.73
1,jemalloc,reallocate_zeroed,65536,16,1,disabled,no,7,8192,2235.06
1,standard,batch,65536,16,1,disabled,no,7,8192,1658.11
1,mimalloc,batch,65536,16,1,disabled,no,7,8192,117.342
1,jemalloc,batch,65536,16,1,disabled,no,7,8192,419.355
1,standard,mixed_lifetime,65536,16,1,disabled,no,7,8192,177.231
1,mimalloc,mixed_lifetime,65536,16,1,disabled,no,7,8192,48.902
1,jemalloc,mixed_lifetime,65536,16,1,disabled,no,7,8192,289.801
1,standard,owned_block,65536,16,1,disabled,no,7,8192,2227.04
1,mimalloc,owned_block,65536,16,1,disabled,no,7,8192,2043.01
1,jemalloc,owned_block,65536,16,1,disabled,no,7,8192,727.295
1,standard,typed_raw,65536,1,1,disabled,no,7,8192,30.4199
1,mimalloc,typed_raw,65536,1,1,disabled,no,7,8192,27.6733
1,jemalloc,typed_raw,65536,1,1,disabled,no,7,8192,407.654
1,standard,array,65536,1,1,disabled,no,7,8192,1467.47
1,mimalloc,array,65536,1,1,disabled,no,7,8192,1464.92
1,jemalloc,array,65536,1,1,disabled,no,7,8192,1819.35
1,mimalloc,raw,65536,16,1,disabled,yes,7,8192,32.8857
1,jemalloc,raw,65536,16,1,disabled,yes,7,8192,429.126
1,mimalloc,zeroed,65536,16,1,disabled,yes,7,8192,1901.05
1,jemalloc,zeroed,65536,16,1,disabled,yes,7,8192,1874.24
1,mimalloc,reallocate,65536,16,1,disabled,yes,7,8192,2198.62
1,jemalloc,reallocate,65536,16,1,disabled,yes,7,8192,725.635
1,mimalloc,reallocate_zeroed,65536,16,1,disabled,yes,7,8192,3491.59
1,jemalloc,reallocate_zeroed,65536,16,1,disabled,yes,7,8192,2151.12
1,mimalloc,batch,65536,16,1,disabled,yes,7,8192,114.294
1,jemalloc,batch,65536,16,1,disabled,yes,7,8192,422.9
1,mimalloc,mixed_lifetime,65536,16,1,disabled,yes,7,8192,47.229
1,jemalloc,mixed_lifetime,65536,16,1,disabled,yes,7,8192,442.456
1,mimalloc,owned_block,65536,16,1,disabled,yes,7,8192,2188.72
1,jemalloc,owned_block,65536,16,1,disabled,yes,7,8192,740.247
1,mimalloc,typed_raw,65536,1,1,disabled,yes,7,8192,27.002
1,jemalloc,typed_raw,65536,1,1,disabled,yes,7,8192,417.981
1,mimalloc,array,65536,1,1,disabled,yes,7,8192,1460.9
1,jemalloc,array,65536,1,1,disabled,yes,7,8192,1824.49
1,mimalloc,raw,65536,16,1,basic,yes,7,8192,59.5581
1,jemalloc,raw,65536,16,1,basic,yes,7,8192,422.607
1,mimalloc,zeroed,65536,16,1,basic,yes,7,8192,1855.11
1,jemalloc,zeroed,65536,16,1,basic,yes,7,8192,1845.45
1,mimalloc,reallocate,65536,16,1,basic,yes,7,8192,2221.62
1,jemalloc,reallocate,65536,16,1,basic,yes,7,8192,743.091
1,mimalloc,reallocate_zeroed,65536,16,1,basic,yes,7,8192,3523
1,jemalloc,reallocate_zeroed,65536,16,1,basic,yes,7,8192,2155.04
1,mimalloc,batch,65536,16,1,basic,yes,7,8192,130.005
1,jemalloc,batch,65536,16,1,basic,yes,7,8192,434.424
1,mimalloc,mixed_lifetime,65536,16,1,basic,yes,7,8192,55.7373
1,jemalloc,mixed_lifetime,65536,16,1,basic,yes,7,8192,442.456
1,mimalloc,owned_block,65536,16,1,basic,yes,7,8192,2232.81
1,jemalloc,owned_block,65536,16,1,basic,yes,7,8192,756.616
1,mimalloc,typed_raw,65536,1,1,basic,yes,7,8192,56.4819
1,jemalloc,typed_raw,65536,1,1,basic,yes,7,8192,428.784
1,mimalloc,array,65536,1,1,basic,yes,7,8192,1548.92
1,jemalloc,array,65536,1,1,basic,yes,7,8192,1907.89
1,standard,raw,65536,64,1,disabled,no,7,8192,49.665
1,mimalloc,raw,65536,64,1,disabled,no,7,8192,34.1194
1,jemalloc,raw,65536,64,1,disabled,no,7,8192,411.714
1,standard,zeroed,65536,64,1,disabled,no,7,8192,1522.02
1,mimalloc,zeroed,65536,64,1,disabled,no,7,8192,1890.76
1,jemalloc,zeroed,65536,64,1,disabled,no,7,8192,1873.97
1,standard,reallocate,65536,64,1,disabled,no,7,8192,2248.94
1,mimalloc,reallocate,65536,64,1,disabled,no,7,8192,2257.13
1,jemalloc,reallocate,65536,64,1,disabled,no,7,8192,733.118
1,standard,reallocate_zeroed,65536,64,1,disabled,no,7,8192,3818.07
1,mimalloc,reallocate_zeroed,65536,64,1,disabled,no,7,8192,3639.69
1,jemalloc,reallocate_zeroed,65536,64,1,disabled,no,7,8192,2207.92
1,standard,batch,65536,64,1,disabled,no,7,8192,1661.25
1,mimalloc,batch,65536,64,1,disabled,no,7,8192,114.483
1,jemalloc,batch,65536,64,1,disabled,no,7,8192,402.731
1,standard,mixed_lifetime,65536,64,1,disabled,no,7,8192,232.856
1,mimalloc,mixed_lifetime,65536,64,1,disabled,no,7,8192,51.2488
1,jemalloc,mixed_lifetime,65536,64,1,disabled,no,7,8192,281.938
1,standard,owned_block,65536,64,1,disabled,no,7,8192,2259.39
1,mimalloc,owned_block,65536,64,1,disabled,no,7,8192,2136.37
1,jemalloc,owned_block,65536,64,1,disabled,no,7,8192,748.638
1,mimalloc,raw,65536,64,1,disabled,yes,7,8192,33.5747
1,jemalloc,raw,65536,64,1,disabled,yes,7,8192,423.724
1,mimalloc,zeroed,65536,64,1,disabled,yes,7,8192,1879.39
1,jemalloc,zeroed,65536,64,1,disabled,yes,7,8192,1907.37
1,mimalloc,reallocate,65536,64,1,disabled,yes,7,8192,2257.47
1,jemalloc,reallocate,65536,64,1,disabled,yes,7,8192,757.443
1,mimalloc,reallocate_zeroed,65536,64,1,disabled,yes,7,8192,3658.35
1,jemalloc,reallocate_zeroed,65536,64,1,disabled,yes,7,8192,2209.65
1,mimalloc,batch,65536,64,1,disabled,yes,7,8192,115.155
1,jemalloc,batch,65536,64,1,disabled,yes,7,8192,437.978
1,mimalloc,mixed_lifetime,65536,64,1,disabled,yes,7,8192,50.4886
1,jemalloc,mixed_lifetime,65536,64,1,disabled,yes,7,8192,456.615
1,mimalloc,owned_block,65536,64,1,disabled,yes,7,8192,2280.35
1,jemalloc,owned_block,65536,64,1,disabled,yes,7,8192,766.16
1,mimalloc,raw,65536,64,1,basic,yes,7,8192,60.7637
1,jemalloc,raw,65536,64,1,basic,yes,7,8192,436.571
1,mimalloc,zeroed,65536,64,1,basic,yes,7,8192,1929.12
1,jemalloc,zeroed,65536,64,1,basic,yes,7,8192,1935.39
1,mimalloc,reallocate,65536,64,1,basic,yes,7,8192,2306.94
1,jemalloc,reallocate,65536,64,1,basic,yes,7,8192,788.699
1,mimalloc,reallocate_zeroed,65536,64,1,basic,yes,7,8192,3675.45
1,jemalloc,reallocate_zeroed,65536,64,1,basic,yes,7,8192,2235.35
1,mimalloc,batch,65536,64,1,basic,yes,7,8192,136.68
1,jemalloc,batch,65536,64,1,basic,yes,7,8192,453.169
1,mimalloc,mixed_lifetime,65536,64,1,basic,yes,7,8192,57.3049
1,jemalloc,mixed_lifetime,65536,64,1,basic,yes,7,8192,487.288
1,mimalloc,owned_block,65536,64,1,basic,yes,7,8192,2307.15
1,jemalloc,owned_block,65536,64,1,basic,yes,7,8192,785.215
1,standard,raw,65536,256,1,disabled,no,7,8192,54.1755
1,mimalloc,raw,65536,256,1,disabled,no,7,8192,36.0072
1,jemalloc,raw,65536,256,1,disabled,no,7,8192,408.103
1,standard,zeroed,65536,256,1,disabled,no,7,8192,1528.68
1,mimalloc,zeroed,65536,256,1,disabled,no,7,8192,1897.12
1,jemalloc,zeroed,65536,256,1,disabled,no,7,8192,1877.94
1,standard,reallocate,65536,256,1,disabled,no,7,8192,1848.45
1,mimalloc,reallocate,65536,256,1,disabled,no,7,8192,2253.49
1,jemalloc,reallocate,65536,256,1,disabled,no,7,8192,729.19
1,standard,reallocate_zeroed,65536,256,1,disabled,no,7,8192,3433.51
1,mimalloc,reallocate_zeroed,65536,256,1,disabled,no,7,8192,3693.21
1,jemalloc,reallocate_zeroed,65536,256,1,disabled,no,7,8192,2211.39
1,standard,batch,65536,256,1,disabled,no,7,8192,1749
1,mimalloc,batch,65536,256,1,disabled,no,7,8192,114.876
1,jemalloc,batch,65536,256,1,disabled,no,7,8192,405.962
1,standard,mixed_lifetime,65536,256,1,disabled,no,7,8192,244.347
1,mimalloc,mixed_lifetime,65536,256,1,disabled,no,7,8192,51.4388
1,jemalloc,mixed_lifetime,65536,256,1,disabled,no,7,8192,284.459
1,standard,owned_block,65536,256,1,disabled,no,7,8192,1799.5
1,mimalloc,owned_block,65536,256,1,disabled,no,7,8192,2778.02
1,jemalloc,owned_block,65536,256,1,disabled,no,7,8192,719.067
1,mimalloc,raw,65536,256,1,disabled,yes,7,8192,32.1289
1,jemalloc,raw,65536,256,1,disabled,yes,7,8192,412.28
1,mimalloc,zeroed,65536,256,1,disabled,yes,7,8192,1828.77
1,jemalloc,zeroed,65536,256,1,disabled,yes,7,8192,1830.74
1,mimalloc,reallocate,65536,256,1,disabled,yes,7,8192,2193.63
1,jemalloc,reallocate,65536,256,1,disabled,yes,7,8192,730.017
1,mimalloc,reallocate_zeroed,65536,256,1,disabled,yes,7,8192,3547.6
1,jemalloc,reallocate_zeroed,65536,256,1,disabled,yes,7,8192,2135.58
1,mimalloc,batch,65536,256,1,disabled,yes,7,8192,111.157
1,jemalloc,batch,65536,256,1,disabled,yes,7,8192,421.973
1,mimalloc,mixed_lifetime,65536,256,1,disabled,yes,7,8192,46.8872
1,jemalloc,mixed_lifetime,65536,256,1,disabled,yes,7,8192,466.235
1,mimalloc,owned_block,65536,256,1,disabled,yes,7,8192,2190.37
1,jemalloc,owned_block,65536,256,1,disabled,yes,7,8192,748.669
1,mimalloc,raw,65536,256,1,basic,yes,7,8192,60.2051
1,jemalloc,raw,65536,256,1,basic,yes,7,8192,422.925
1,mimalloc,zeroed,65536,256,1,basic,yes,7,8192,1858.07
1,jemalloc,zeroed,65536,256,1,basic,yes,7,8192,1847.58
1,mimalloc,reallocate,65536,256,1,basic,yes,7,8192,2209.46
1,jemalloc,reallocate,65536,256,1,basic,yes,7,8192,743.591
1,mimalloc,reallocate_zeroed,65536,256,1,basic,yes,7,8192,3557.23
1,jemalloc,reallocate_zeroed,65536,256,1,basic,yes,7,8192,2185.03
1,mimalloc,batch,65536,256,1,basic,yes,7,8192,130.383
1,jemalloc,batch,65536,256,1,basic,yes,7,8192,435.645
1,mimalloc,mixed_lifetime,65536,256,1,basic,yes,7,8192,54.4556
1,jemalloc,mixed_lifetime,65536,256,1,basic,yes,7,8192,444.641
1,mimalloc,owned_block,65536,256,1,basic,yes,7,8192,2241.36
1,jemalloc,owned_block,65536,256,1,basic,yes,7,8192,761.145
1,standard,cross_thread,64,16,2,disabled,no,7,8192,133.459
1,mimalloc,cross_thread,64,16,2,disabled,no,7,8192,51.3499
1,jemalloc,cross_thread,64,16,2,disabled,no,7,8192,57.5125
1,mimalloc,cross_thread,64,16,2,disabled,yes,7,8192,48.9034
1,jemalloc,cross_thread,64,16,2,disabled,yes,7,8192,282.167
1,standard,cross_thread,64,16,4,disabled,no,7,8192,128.844
1,mimalloc,cross_thread,64,16,4,disabled,no,7,8192,44.9493
1,jemalloc,cross_thread,64,16,4,disabled,no,7,8192,78.5919
1,mimalloc,cross_thread,64,16,4,disabled,yes,7,8192,41.2994
1,jemalloc,cross_thread,64,16,4,disabled,yes,7,8192,446.28
1,standard,cross_thread,64,16,8,disabled,no,7,8192,150.995
1,mimalloc,cross_thread,64,16,8,disabled,no,7,8192,55.7404
1,jemalloc,cross_thread,64,16,8,disabled,no,7,8192,151.431
1,mimalloc,cross_thread,64,16,8,disabled,yes,7,8192,49.6969
1,jemalloc,cross_thread,64,16,8,disabled,yes,7,8192,692.754
1,mimalloc,detailed_statistics,0,0,1,disabled,no,7,512,1852.25
1,jemalloc,detailed_statistics,0,0,1,disabled,no,7,512,76156.4
1,mimalloc,detailed_statistics,0,0,1,disabled,yes,7,512,2.11719
1,jemalloc,detailed_statistics,0,0,1,disabled,yes,7,512,83990.9
1,fixed_buffer,stack_mark_rewind,64,16,1,disabled,no,7,8192,4.46985
1,fixed_buffer,stack_mark_rewind,64,64,1,disabled,no,7,8192,4.50952
1,fixed_buffer,stack_mark_rewind,64,256,1,disabled,no,7,8192,4.48303
1,fixed_buffer,stack_mark_rewind,256,16,1,disabled,no,7,8192,4.46985
1,fixed_buffer,stack_mark_rewind,256,64,1,disabled,no,7,8192,4.46985
1,fixed_buffer,stack_mark_rewind,256,256,1,disabled,no,7,8192,4.46973
1,fixed_buffer,stack_mark_rewind,4096,16,1,disabled,no,7,8192,4.52271
1,fixed_buffer,stack_mark_rewind,4096,64,1,disabled,no,7,8192,4.46985
1,fixed_buffer,stack_mark_rewind,4096,256,1,disabled,no,7,8192,4.46985
1,fixed_buffer,stack_mark_rewind,65536,16,1,disabled,no,7,8192,4.53589
1,fixed_buffer,stack_mark_rewind,65536,64,1,disabled,no,7,8192,4.46985
1,fixed_buffer,stack_mark_rewind,65536,256,1,disabled,no,7,8192,4.48303
1,standard,raw,64,16,1,basic,no,7,8192,43.8253
1,mimalloc,raw,64,16,1,basic,no,7,8192,38.5092
1,jemalloc,raw,64,16,1,basic,no,7,8192,47.3959
1,standard,zeroed,64,16,1,basic,no,7,8192,48.0042
1,mimalloc,zeroed,64,16,1,basic,no,7,8192,37.7421
1,jemalloc,zeroed,64,16,1,basic,no,7,8192,51.2308
1,standard,reallocate,64,16,1,basic,no,7,8192,79.3589
1,mimalloc,reallocate,64,16,1,basic,no,7,8192,65.2354
1,jemalloc,reallocate,64,16,1,basic,no,7,8192,99.5392
1,standard,reallocate_zeroed,64,16,1,basic,no,7,8192,82.4666
1,mimalloc,reallocate_zeroed,64,16,1,basic,no,7,8192,67.5892
1,jemalloc,reallocate_zeroed,64,16,1,basic,no,7,8192,100.862
1,standard,batch,64,16,1,basic,no,7,8192,49.234
1,mimalloc,batch,64,16,1,basic,no,7,8192,38.6678
1,jemalloc,batch,64,16,1,basic,no,7,8192,50.6886
1,standard,mixed_lifetime,64,16,1,basic,no,7,8192,31.0109
1,mimalloc,mixed_lifetime,64,16,1,basic,no,7,8192,23.7244
1,jemalloc,mixed_lifetime,64,16,1,basic,no,7,8192,28.9215
1,standard,owned_block,64,16,1,basic,no,7,8192,83.9081
1,mimalloc,owned_block,64,16,1,basic,no,7,8192,68.9249
1,jemalloc,owned_block,64,16,1,basic,no,7,8192,100.663
1,standard,typed_raw,64,1,1,basic,no,7,8192,42.688
1,mimalloc,typed_raw,64,1,1,basic,no,7,8192,36.8693
1,jemalloc,typed_raw,64,1,1,basic,no,7,8192,46.0867
1,standard,create_destroy,64,1,1,basic,no,7,8192,42.5028
1,mimalloc,create_destroy,64,1,1,basic,no,7,8192,36.3007
1,jemalloc,create_destroy,64,1,1,basic,no,7,8192,46.0734
1,standard,object,64,1,1,basic,no,7,8192,41.6432
1,mimalloc,object,64,1,1,basic,no,7,8192,36.6577
1,jemalloc,object,64,1,1,basic,no,7,8192,46.0337
1,standard,shared_object,64,1,1,basic,no,7,8192,45.0419
1,mimalloc,shared_object,64,1,1,basic,no,7,8192,42.4764
1,jemalloc,shared_object,64,1,1,basic,no,7,8192,53.479
1,standard,array,64,1,1,basic,no,7,8192,43.4418
1,mimalloc,array,64,1,1,basic,no,7,8192,38.324
1,jemalloc,array,64,1,1,basic,no,7,8192,47.6207
1,standard,std_vector,256,8,1,basic,no,7,8192,284.454
1,mimalloc,std_vector,256,8,1,basic,no,7,8192,248.828
1,jemalloc,std_vector,256,8,1,basic,no,7,8192,331.996
1,standard,pmr_vector,256,8,1,basic,no,7,8192,290.432
1,mimalloc,pmr_vector,256,8,1,basic,no,7,8192,256.26
1,jemalloc,pmr_vector,256,8,1,basic,no,7,8192,335.13
1,standard,raw,64,64,1,basic,no,7,8192,45.3329
1,mimalloc,raw,64,64,1,basic,no,7,8192,38.6149
1,jemalloc,raw,64,64,1,basic,no,7,8192,49.1678
1,standard,zeroed,64,64,1,basic,no,7,8192,47.1842
1,mimalloc,zeroed,64,64,1,basic,no,7,8192,38.7867
1,jemalloc,zeroed,64,64,1,basic,no,7,8192,49.7366
1,standard,reallocate,64,64,1,basic,no,7,8192,77.0447
1,mimalloc,reallocate,64,64,1,basic,no,7,8192,63.5031
1,jemalloc,reallocate,64,64,1,basic,no,7,8192,93.0593
1,standard,reallocate_zeroed,64,64,1,basic,no,7,8192,80.073
1,mimalloc,reallocate_zeroed,64,64,1,basic,no,7,8192,66.7694
1,jemalloc,reallocate_zeroed,64,64,1,basic,no,7,8192,99.0896
1,standard,batch,64,64,1,basic,no,7,8192,108.651
1,mimalloc,batch,64,64,1,basic,no,7,8192,38.4298
1,jemalloc,batch,64,64,1,basic,no,7,8192,51.0193
1,standard,mixed_lifetime,64,64,1,basic,no,7,8192,48.4009
1,mimalloc,mixed_lifetime,64,64,1,basic,no,7,8192,24.4385
1,jemalloc,mixed_lifetime,64,64,1,basic,no,7,8192,28.8289
1,standard,owned_block,64,64,1,basic,no,7,8192,83.5378
1,mimalloc,owned_block,64,64,1,basic,no,7,8192,68.3167
1,jemalloc,owned_block,64,64,1,basic,no,7,8192,102.964
1,standard,raw,64,256,1,basic,no,7,8192,46.2189
1,mimalloc,raw,64,256,1,basic,no,7,8192,48.5332
1,jemalloc,raw,64,256,1,basic,no,7,8192,50.001
1,standard,zeroed,64,256,1,basic,no,7,8192,48.7183
1,mimalloc,zeroed,64,256,1,basic,no,7,8192,51.8656
1,jemalloc,zeroed,64,256,1,basic,no,7,8192,51.3632
1,standard,reallocate,64,256,1,basic,no,7,8192,111.653
1,mimalloc,reallocate,64,256,1,basic,no,7,8192,75.2197
1,jemalloc,reallocate,64,256,1,basic,no,7,8192,92.8875
1,standard,reallocate_zeroed,64,256,1,basic,no,7,8192,117.828
1,mimalloc,reallocate_zeroed,64,256,1,basic,no,7,8192,74.4791
1,jemalloc,reallocate_zeroed,64,256,1,basic,no,7,8192,90.3352
1,standard,batch,64,256,1,basic,no,7,8192,108.889
1,mimalloc,batch,64,256,1,basic,no,7,8192,45.994
1,jemalloc,batch,64,256,1,basic,no,7,8192,62.2997
1,standard,mixed_lifetime,64,256,1,basic,no,7,8192,73.4213
1,mimalloc,mixed_lifetime,64,256,1,basic,no,7,8192,29.6753
1,jemalloc,mixed_lifetime,64,256,1,basic,no,7,8192,29.9265
1,standard,owned_block,64,256,1,basic,no,7,8192,125.38
1,mimalloc,owned_block,64,256,1,basic,no,7,8192,74.9155
1,jemalloc,owned_block,64,256,1,basic,no,7,8192,93.9321
1,standard,raw,256,16,1,basic,no,7,8192,45.5444
1,mimalloc,raw,256,16,1,basic,no,7,8192,36.4594
1,jemalloc,raw,256,16,1,basic,no,7,8192,47.4619
1,standard,zeroed,256,16,1,basic,no,7,8192,46.8271
1,mimalloc,zeroed,256,16,1,basic,no,7,8192,38.0331
1,jemalloc,zeroed,256,16,1,basic,no,7,8192,50.3713
1,standard,reallocate,256,16,1,basic,no,7,8192,79.187
1,mimalloc,reallocate,256,16,1,basic,no,7,8192,66.0156
1,jemalloc,reallocate,256,16,1,basic,no,7,8192,95.6248
1,standard,reallocate_zeroed,256,16,1,basic,no,7,8192,92.9535
1,mimalloc,reallocate_zeroed,256,16,1,basic,no,7,8192,71.0806
1,jemalloc,reallocate_zeroed,256,16,1,basic,no,7,8192,97.7275
1,standard,batch,256,16,1,basic,no,7,8192,60.8715
1,mimalloc,batch,256,16,1,basic,no,7,8192,36.8297
1,jemalloc,batch,256,16,1,basic,no,7,8192,62.4714
1,standard,mixed_lifetime,256,16,1,basic,no,7,8192,31.7251
1,mimalloc,mixed_lifetime,256,16,1,basic,no,7,8192,24.0417
1,jemalloc,mixed_lifetime,256,16,1,basic,no,7,8192,28.4586
1,standard,owned_block,256,16,1,basic,no,7,8192,81.3955
1,mimalloc,owned_block,256,16,1,basic,no,7,8192,69.3085
1,jemalloc,owned_block,256,16,1,basic,no,7,8192,98.1639
1,standard,typed_raw,256,1,1,basic,no,7,8192,40.4531
1,mimalloc,typed_raw,256,1,1,basic,no,7,8192,35.2957
1,jemalloc,typed_raw,256,1,1,basic,no,7,8192,44.8171
1,standard,array,256,1,1,basic,no,7,8192,42.5029
1,mimalloc,array,256,1,1,basic,no,7,8192,36.8429
1,jemalloc,array,256,1,1,basic,no,7,8192,45.2799
1,standard,raw,256,64,1,basic,no,7,8192,44.5923
1,mimalloc,raw,256,64,1,basic,no,7,8192,36.4462
1,jemalloc,raw,256,64,1,basic,no,7,8192,48.1893
1,standard,zeroed,256,64,1,basic,no,7,8192,46.814
1,mimalloc,zeroed,256,64,1,basic,no,7,8192,39.6729
1,jemalloc,zeroed,256,64,1,basic,no,7,8192,50.1993
1,standard,reallocate,256,64,1,basic,no,7,8192,76.9388
1,mimalloc,reallocate,256,64,1,basic,no,7,8192,66.0156
1,jemalloc,reallocate,256,64,1,basic,no,7,8192,94.8313
1,standard,reallocate_zeroed,256,64,1,basic,no,7,8192,80.9856
1,mimalloc,reallocate_zeroed,256,64,1,basic,no,7,8192,68.6075
1,jemalloc,reallocate_zeroed,256,64,1,basic,no,7,8192,98.5605
1,standard,batch,256,64,1,basic,no,7,8192,100.015
1,mimalloc,batch,256,64,1,basic,no,7,8192,36.79
1,jemalloc,batch,256,64,1,basic,no,7,8192,62.6302
1,standard,mixed_lifetime,256,64,1,basic,no,7,8192,68.1183
1,mimalloc,mixed_lifetime,256,64,1,basic,no,7,8192,23.0367
1,jemalloc,mixed_lifetime,256,64,1,basic,no,7,8192,28.9083
1,standard,owned_block,256,64,1,basic,no,7,8192,80.9988
1,mimalloc,owned_block,256,64,1,basic,no,7,8192,69.1631
1,jemalloc,owned_block,256,64,1,basic,no,7,8192,98.4152
1,standard,raw,256,256,1,basic,no,7,8192,91.1154
1,mimalloc,raw,256,256,1,basic,no,7,8192,37.0544
1,jemalloc,raw,256,256,1,basic,no,7,8192,47.5677
1,standard,zeroed,256,256,1,basic,no,7,8192,95.043
1,mimalloc,zeroed,256,256,1,basic,no,7,8192,38.0066
1,jemalloc,zeroed,256,256,1,basic,no,7,8192,49.5779
1,standard,reallocate,256,256,1,basic,no,7,8192,155.253
1,mimalloc,reallocate,256,256,1,basic,no,7,8192,63.6617
1,jemalloc,reallocate,256,256,1,basic,no,7,8192,93.9983
1,standard,reallocate_zeroed,256,256,1,basic,no,7,8192,158.969
1,mimalloc,reallocate_zeroed,256,256,1,basic,no,7,8192,68.5944
1,jemalloc,reallocate_zeroed,256,256,1,basic,no,7,8192,97.5952
1,standard,batch,256,256,1,basic,no,7,8192,103.282
1,mimalloc,batch,256,256,1,basic,no,7,8192,36.7767
1,jemalloc,batch,256,256,1,basic,no,7,8192,62.7491
1,standard,mixed_lifetime,256,256,1,basic,no,7,8192,82.5063
1,mimalloc,mixed_lifetime,256,256,1,basic,no,7,8192,24.703
1,jemalloc,mixed_lifetime,256,256,1,basic,no,7,8192,28.3397
1,standard,owned_block,256,256,1,basic,no,7,8192,234.387
1,mimalloc,owned_block,256,256,1,basic,no,7,8192,71.6757
1,jemalloc,owned_block,256,256,1,basic,no,7,8192,101.126
1,standard,raw,4096,16,1,basic,no,7,8192,67.6687
1,mimalloc,raw,4096,16,1,basic,no,7,8192,62.6699
1,jemalloc,raw,4096,16,1,basic,no,7,8192,51.6144
1,standard,zeroed,4096,16,1,basic,no,7,8192,101.179
1,mimalloc,zeroed,4096,16,1,basic,no,7,8192,93.2312
1,jemalloc,zeroed,4096,16,1,basic,no,7,8192,81.1707
1,standard,reallocate,4096,16,1,basic,no,7,8192,148.72
1,mimalloc,reallocate,4096,16,1,basic,no,7,8192,147.279
1,jemalloc,reallocate,4096,16,1,basic,no,7,8192,138.392
1,standard,reallocate_zeroed,4096,16,1,basic,no,7,8192,178.779
1,mimalloc,reallocate_zeroed,4096,16,1,basic,no,7,8192,176.848
1,jemalloc,reallocate_zeroed,4096,16,1,basic,no,7,8192,166.732
1,standard,batch,4096,16,1,basic,no,7,8192,774.626
1,mimalloc,batch,4096,16,1,basic,no,7,8192,78.4861
1,jemalloc,batch,4096,16,1,basic,no,7,8192,198.51
1,standard,mixed_lifetime,4096,16,1,basic,no,7,8192,170.038
1,mimalloc,mixed_lifetime,4096,16,1,basic,no,7,8192,44.4204
1,jemalloc,mixed_lifetime,4096,16,1,basic,no,7,8192,125.393
1,standard,owned_block,4096,16,1,basic,no,7,8192,152.899
1,mimalloc,owned_block,4096,16,1,basic,no,7,8192,175.341
1,jemalloc,owned_block,4096,16,1,basic,no,7,8192,143.616
1,standard,typed_raw,4096,1,1,basic,no,7,8192,64.7064
1,mimalloc,typed_raw,4096,1,1,basic,no,7,8192,60.1969
1,jemalloc,typed_raw,4096,1,1,basic,no,7,8192,47.6074
1,standard,array,4096,1,1,basic,no,7,8192,101.377
1,mimalloc,array,4096,1,1,basic,no,7,8192,110.436
1,jemalloc,array,4096,1,1,basic,no,7,8192,74.9817
1,standard,raw,4096,64,1,basic,no,7,8192,89.7664
1,mimalloc,raw,4096,64,1,basic,no,7,8192,61.7971
1,jemalloc,raw,4096,64,1,basic,no,7,8192,50.4507
1,standard,zeroed,4096,64,1,basic,no,7,8192,118.979
1,mimalloc,zeroed,4096,64,1,basic,no,7,8192,115.038
1,jemalloc,zeroed,4096,64,1,basic,no,7,8192,81.8715
1,standard,reallocate,4096,64,1,basic,no,7,8192,177.034
1,mimalloc,reallocate,4096,64,1,basic,no,7,8192,154.05
1,jemalloc,reallocate,4096,64,1,basic,no,7,8192,138.366
1,standard,reallocate_zeroed,4096,64,1,basic,no,7,8192,206.246
1,mimalloc,reallocate_zeroed,4096,64,1,basic,no,7,8192,183.355
1,jemalloc,reallocate_zeroed,4096,64,1,basic,no,7,8192,167.049
1,standard,batch,4096,64,1,basic,no,7,8192,828.118
1,mimalloc,batch,4096,64,1,basic,no,7,8192,79.0548
1,jemalloc,batch,4096,64,1,basic,no,7,8192,200.903
1,standard,mixed_lifetime,4096,64,1,basic,no,7,8192,199.171
1,mimalloc,mixed_lifetime,4096,64,1,basic,no,7,8192,43.6401
1,jemalloc,mixed_lifetime,4096,64,1,basic,no,7,8192,102.647
1,standard,owned_block,4096,64,1,basic,no,7,8192,180.974
1,mimalloc,owned_block,4096,64,1,basic,no,7,8192,174.64
1,jemalloc,owned_block,4096,64,1,basic,no,7,8192,143.999
1,standard,raw,4096,256,1,basic,no,7,8192,88.8805
1,mimalloc,raw,4096,256,1,basic,no,7,8192,63.0138
1,jemalloc,raw,4096,256,1,basic,no,7,8192,50.4772
1,standard,zeroed,4096,256,1,basic,no,7,8192,119.23
1,mimalloc,zeroed,4096,256,1,basic,no,7,8192,116.109
1,jemalloc,zeroed,4096,256,1,basic,no,7,8192,81.5807
1,standard,reallocate,4096,256,1,basic,no,7,8192,189.716
1,mimalloc,reallocate,4096,256,1,basic,no,7,8192,153.547
1,jemalloc,reallocate,4096,256,1,basic,no,7,8192,137.215
1,standard,reallocate_zeroed,4096,256,1,basic,no,7,8192,218.439
1,mimalloc,reallocate_zeroed,4096,256,1,basic,no,7,8192,183.95
1,jemalloc,reallocate_zeroed,4096,256,1,basic,no,7,8192,165.423
1,standard,batch,4096,256,1,basic,no,7,8192,891.991
1,mimalloc,batch,4096,256,1,basic,no,7,8192,76.886
1,jemalloc,batch,4096,256,1,basic,no,7,8192,208.997
1,standard,mixed_lifetime,4096,256,1,basic,no,7,8192,180.617
1,mimalloc,mixed_lifetime,4096,256,1,basic,no,7,8192,45.0684
1,jemalloc,mixed_lifetime,4096,256,1,basic,no,7,8192,103.083
1,standard,owned_block,4096,256,1,basic,no,7,8192,193.762
1,mimalloc,owned_block,4096,256,1,basic,no,7,8192,173.212
1,jemalloc,owned_block,4096,256,1,basic,no,7,8192,143.986
1,standard,raw,65536,16,1,basic,no,7,8192,53.1881
1,mimalloc,raw,65536,16,1,basic,no,7,8192,64.3362
1,jemalloc,raw,65536,16,1,basic,no,7,8192,439.284
1,standard,zeroed,65536,16,1,basic,no,7,8192,1619.16
1,mimalloc,zeroed,65536,16,1,basic,no,7,8192,2008.24
1,jemalloc,zeroed,65536,16,1,basic,no,7,8192,1967.58
1,standard,reallocate,65536,16,1,basic,no,7,8192,12741.2
1,mimalloc,reallocate,65536,16,1,basic,no,7,8192,2406.91
1,jemalloc,reallocate,65536,16,1,basic,no,7,8192,780.087
1,standard,reallocate_zeroed,65536,16,1,basic,no,7,8192,40758.6
1,mimalloc,reallocate_zeroed,65536,16,1,basic,no,7,8192,3543.97
1,jemalloc,reallocate_zeroed,65536,16,1,basic,no,7,8192,2140.95
1,standard,batch,65536,16,1,basic,no,7,8192,1609.08
1,mimalloc,batch,65536,16,1,basic,no,7,8192,128.125
1,jemalloc,batch,65536,16,1,basic,no,7,8192,402.014
1,standard,mixed_lifetime,65536,16,1,basic,no,7,8192,189.16
1,mimalloc,mixed_lifetime,65536,16,1,basic,no,7,8192,54.3945
1,jemalloc,mixed_lifetime,65536,16,1,basic,no,7,8192,277.099
1,standard,owned_block,65536,16,1,basic,no,7,8192,1904.14
1,mimalloc,owned_block,65536,16,1,basic,no,7,8192,2133.42
1,jemalloc,owned_block,65536,16,1,basic,no,7,8192,737.573
1,standard,typed_raw,65536,1,1,basic,no,7,8192,44.9341
1,mimalloc,typed_raw,65536,1,1,basic,no,7,8192,54.8218
1,jemalloc,typed_raw,65536,1,1,basic,no,7,8192,418.823
1,standard,array,65536,1,1,basic,no,7,8192,1624.05
1,mimalloc,array,65536,1,1,basic,no,7,8192,1622.82
1,jemalloc,array,65536,1,1,basic,no,7,8192,1993.43
1,standard,raw,65536,64,1,basic,no,7,8192,56.6793
1,mimalloc,raw,65536,64,1,basic,no,7,8192,64.9313
1,jemalloc,raw,65536,64,1,basic,no,7,8192,451.464
1,standard,zeroed,65536,64,1,basic,no,7,8192,1636.11
1,mimalloc,zeroed,65536,64,1,basic,no,7,8192,2030.11
1,jemalloc,zeroed,65536,64,1,basic,no,7,8192,2010.01
1,standard,reallocate,65536,64,1,basic,no,7,8192,1979.21
1,mimalloc,reallocate,65536,64,1,basic,no,7,8192,2400.62
1,jemalloc,reallocate,65536,64,1,basic,no,7,8192,795.785
1,standard,reallocate_zeroed,65536,64,1,basic,no,7,8192,3661.61
1,mimalloc,reallocate_zeroed,65536,64,1,basic,no,7,8192,3841.92
1,jemalloc,reallocate_zeroed,65536,64,1,basic,no,7,8192,2344.92
1,standard,batch,65536,64,1,basic,no,7,8192,1772.28
1,mimalloc,batch,65536,64,1,basic,no,7,8192,141.341
1,jemalloc,batch,65536,64,1,basic,no,7,8192,446.214
1,standard,mixed_lifetime,65536,64,1,basic,no,7,8192,256.366
1,mimalloc,mixed_lifetime,65536,64,1,basic,no,7,8192,58.61
1,jemalloc,mixed_lifetime,65536,64,1,basic,no,7,8192,303.643
1,standard,owned_block,65536,64,1,basic,no,7,8192,1997.54
1,mimalloc,owned_block,65536,64,1,basic,no,7,8192,2267.65
1,jemalloc,owned_block,65536,64,1,basic,no,7,8192,815.409
1,standard,raw,65536,256,1,basic,no,7,8192,65.1957
1,mimalloc,raw,65536,256,1,basic,no,7,8192,64.918
1,jemalloc,raw,65536,256,1,basic,no,7,8192,446.981
1,standard,zeroed,65536,256,1,basic,no,7,8192,1636.97
1,mimalloc,zeroed,65536,256,1,basic,no,7,8192,2022.18
1,jemalloc,zeroed,65536,256,1,basic,no,7,8192,2001.05
1,standard,reallocate,65536,256,1,basic,no,7,8192,1995.16
1,mimalloc,reallocate,65536,256,1,basic,no,7,8192,2410.83
1,jemalloc,reallocate,65536,256,1,basic,no,7,8192,789.371
1,standard,reallocate_zeroed,65536,256,1,basic,no,7,8192,3598.04
1,mimalloc,reallocate_zeroed,65536,256,1,basic,no,7,8192,3825.02
1,jemalloc,reallocate_zeroed,65536,256,1,basic,no,7,8192,2324.01
1,standard,batch,65536,256,1,basic,no,7,8192,1782.81
1,mimalloc,batch,65536,256,1,basic,no,7,8192,135.901
1,jemalloc,batch,65536,256,1,basic,no,7,8192,414.892
1,standard,mixed_lifetime,65536,256,1,basic,no,7,8192,232.226
1,mimalloc,mixed_lifetime,65536,256,1,basic,no,7,8192,54.1381
1,jemalloc,mixed_lifetime,65536,256,1,basic,no,7,8192,280.188
1,standard,owned_block,65536,256,1,basic,no,7,8192,1865.51
1,mimalloc,owned_block,65536,256,1,basic,no,7,8192,2817.98
1,jemalloc,owned_block,65536,256,1,basic,no,7,8192,743.127
2,standard,raw,64,16,1,basic,no,7,8192,42.4072
2,mimalloc,raw,64,16,1,basic,no,7,8192,33.5571
2,jemalloc,raw,64,16,1,basic,no,7,8192,43.335
2,standard,zeroed,64,16,1,basic,no,7,8192,42.5171
2,mimalloc,zeroed,64,16,1,basic,no,7,8192,33.9355
2,jemalloc,zeroed,64,16,1,basic,no,7,8192,44.3237
2,standard,reallocate,64,16,1,basic,no,7,8192,70.1171
2,mimalloc,reallocate,64,16,1,basic,no,7,8192,60.1074
2,jemalloc,reallocate,64,16,1,basic,no,7,8192,86.1571
2,standard,reallocate_zeroed,64,16,1,basic,no,7,8192,74.2798
2,mimalloc,reallocate_zeroed,64,16,1,basic,no,7,8192,60.9374
2,jemalloc,reallocate_zeroed,64,16,1,basic,no,7,8192,88.33
2,standard,batch,64,16,1,basic,no,7,8192,42.4193
2,mimalloc,batch,64,16,1,basic,no,7,8192,33.8623
2,jemalloc,batch,64,16,1,basic,no,7,8192,44.0062
2,standard,mixed_lifetime,64,16,1,basic,no,7,8192,21.0815
2,mimalloc,mixed_lifetime,64,16,1,basic,no,7,8192,15.8569
2,jemalloc,mixed_lifetime,64,16,1,basic,no,7,8192,19.0184
2,standard,owned_block,64,16,1,basic,no,7,8192,72.9247
2,mimalloc,owned_block,64,16,1,basic,no,7,8192,61.6942
2,jemalloc,owned_block,64,16,1,basic,no,7,8192,88.1713
2,standard,typed_raw,64,1,1,basic,no,7,8192,29.3091
2,mimalloc,typed_raw,64,1,1,basic,no,7,8192,25.6104
2,jemalloc,typed_raw,64,1,1,basic,no,7,8192,30.6519
2,standard,create_destroy,64,1,1,basic,no,7,8192,28.2227
2,mimalloc,create_destroy,64,1,1,basic,no,7,8192,25.1343
2,jemalloc,create_destroy,64,1,1,basic,no,7,8192,30.3833
2,standard,object,64,1,1,basic,no,7,8192,26.3062
2,mimalloc,object,64,1,1,basic,no,7,8192,22.8638
2,jemalloc,object,64,1,1,basic,no,7,8192,28.3203
2,standard,shared_object,64,1,1,basic,no,7,8192,29.2969
2,mimalloc,shared_object,64,1,1,basic,no,7,8192,24.3651
2,jemalloc,shared_object,64,1,1,basic,no,7,8192,31.8237
2,standard,array,64,1,1,basic,no,7,8192,38.3911
2,mimalloc,array,64,1,1,basic,no,7,8192,33.4838
2,jemalloc,array,64,1,1,basic,no,7,8192,42.2118
2,standard,std_vector,256,8,1,basic,no,7,8192,252.38
2,mimalloc,std_vector,256,8,1,basic,no,7,8192,225.293
2,jemalloc,std_vector,256,8,1,basic,no,7,8192,288.794
2,standard,pmr_vector,256,8,1,basic,no,7,8192,256.006
2,mimalloc,pmr_vector,256,8,1,basic,no,7,8192,226.977
2,jemalloc,pmr_vector,256,8,1,basic,no,7,8192,291.858
2,standard,raw,64,64,1,basic,no,7,8192,40.1001
2,mimalloc,raw,64,64,1,basic,no,7,8192,33.5815
2,jemalloc,raw,64,64,1,basic,no,7,8192,43.7987
2,standard,zeroed,64,64,1,basic,no,7,8192,42.1753
2,mimalloc,zeroed,64,64,1,basic,no,7,8192,35.0707
2,jemalloc,zeroed,64,64,1,basic,no,7,8192,44.3359
2,standard,reallocate,64,64,1,basic,no,7,8192,69.4702
2,mimalloc,reallocate,64,64,1,basic,no,7,8192,57.1532
2,jemalloc,reallocate,64,64,1,basic,no,7,8192,84.1796
2,standard,reallocate_zeroed,64,64,1,basic,no,7,8192,72.9979
2,mimalloc,reallocate_zeroed,64,64,1,basic,no,7,8192,60.5103
2,jemalloc,reallocate_zeroed,64,64,1,basic,no,7,8192,88.2079
2,standard,batch,64,64,1,basic,no,7,8192,95.5809
2,mimalloc,batch,64,64,1,basic,no,7,8192,33.8622
2,jemalloc,batch,64,64,1,basic,no,7,8192,44.0063
2,standard,mixed_lifetime,64,64,1,basic,no,7,8192,42.9198
2,mimalloc,mixed_lifetime,64,64,1,basic,no,7,8192,21.0571
2,jemalloc,mixed_lifetime,64,64,1,basic,no,7,8192,24.8413
2,standard,owned_block,64,64,1,basic,no,7,8192,73.9746
2,mimalloc,owned_block,64,64,1,basic,no,7,8192,62.3778
2,jemalloc,owned_block,64,64,1,basic,no,7,8192,89.2333
2,standard,raw,64,256,1,basic,no,7,8192,40.1001
2,mimalloc,raw,64,256,1,basic,no,7,8192,42.627
2,jemalloc,raw,64,256,1,basic,no,7,8192,44.6411
2,standard,zeroed,64,256,1,basic,no,7,8192,43.225
2,mimalloc,zeroed,64,256,1,basic,no,7,8192,45.459
2,jemalloc,zeroed,64,256,1,basic,no,7,8192,45.1049
2,standard,reallocate,64,256,1,basic,no,7,8192,97.1558
2,mimalloc,reallocate,64,256,1,basic,no,7,8192,67.6512
2,jemalloc,reallocate,64,256,1,basic,no,7,8192,80.9082
2,standard,reallocate_zeroed,64,256,1,basic,no,7,8192,108.301
2,mimalloc,reallocate_zeroed,64,256,1,basic,no,7,8192,69.3237
2,jemalloc,reallocate_zeroed,64,256,1,basic,no,7,8192,82.605
2,standard,batch,64,256,1,basic,no,7,8192,98.1322
2,mimalloc,batch,64,256,1,basic,no,7,8192,42.1509
2,jemalloc,batch,64,256,1,basic,no,7,8192,57.373
2,standard,mixed_lifetime,64,256,1,basic,no,7,8192,63.3057
2,mimalloc,mixed_lifetime,64,256,1,basic,no,7,8192,26.2328
2,jemalloc,mixed_lifetime,64,256,1,basic,no,7,8192,25.7935
2,standard,owned_block,64,256,1,basic,no,7,8192,109.985
2,mimalloc,owned_block,64,256,1,basic,no,7,8192,68.994
2,jemalloc,owned_block,64,256,1,basic,no,7,8192,84.8511
2,standard,raw,256,16,1,basic,no,7,8192,40.4784
2,mimalloc,raw,256,16,1,basic,no,7,8192,33.6669
2,jemalloc,raw,256,16,1,basic,no,7,8192,43.6523
2,standard,zeroed,256,16,1,basic,no,7,8192,43.2129
2,mimalloc,zeroed,256,16,1,basic,no,7,8192,35.6689
2,jemalloc,zeroed,256,16,1,basic,no,7,8192,46.521
2,standard,reallocate,256,16,1,basic,no,7,8192,72.2655
2,mimalloc,reallocate,256,16,1,basic,no,7,8192,62.5366
2,jemalloc,reallocate,256,16,1,basic,no,7,8192,87.1582
2,standard,reallocate_zeroed,256,16,1,basic,no,7,8192,85.8519
2,mimalloc,reallocate_zeroed,256,16,1,basic,no,7,8192,65.0389
2,jemalloc,reallocate_zeroed,256,16,1,basic,no,7,8192,89.7827
2,standard,batch,256,16,1,basic,no,7,8192,56.0547
2,mimalloc,batch,256,16,1,basic,no,7,8192,34.0087
2,jemalloc,batch,256,16,1,basic,no,7,8192,56.9092
2,standard,mixed_lifetime,256,16,1,basic,no,7,8192,29.3701
2,mimalloc,mixed_lifetime,256,16,1,basic,no,7,8192,22.3389
2,jemalloc,mixed_lifetime,256,16,1,basic,no,7,8192,26.0498
2,standard,owned_block,256,16,1,basic,no,7,8192,75.1953
2,mimalloc,owned_block,256,16,1,basic,no,7,8192,62.9761
2,jemalloc,owned_block,256,16,1,basic,no,7,8192,92.2974
2,standard,typed_raw,256,1,1,basic,no,7,8192,37.3412
2,mimalloc,typed_raw,256,1,1,basic,no,7,8192,32.788
2,jemalloc,typed_raw,256,1,1,basic,no,7,8192,40.3564
2,standard,array,256,1,1,basic,no,7,8192,38.7207
2,mimalloc,array,256,1,1,basic,no,7,8192,35.0342
2,jemalloc,array,256,1,1,basic,no,7,8192,41.7601
2,standard,raw,256,64,1,basic,no,7,8192,40.1001
2,mimalloc,raw,256,64,1,basic,no,7,8192,33.6792
2,jemalloc,raw,256,64,1,basic,no,7,8192,43.5669
2,standard,zeroed,256,64,1,basic,no,7,8192,43.2129
2,mimalloc,zeroed,256,64,1,basic,no,7,8192,35.3638
2,jemalloc,zeroed,256,64,1,basic,no,7,8192,45.1537
2,standard,reallocate,256,64,1,basic,no,7,8192,71.2157
2,mimalloc,reallocate,256,64,1,basic,no,7,8192,58.0565
2,jemalloc,reallocate,256,64,1,basic,no,7,8192,87.085
2,standard,reallocate_zeroed,256,64,1,basic,no,7,8192,74.7313
2,mimalloc,reallocate_zeroed,256,64,1,basic,no,7,8192,62.5
2,jemalloc,reallocate_zeroed,256,64,1,basic,no,7,8192,89.514
2,standard,batch,256,64,1,basic,no,7,8192,90.2831
2,mimalloc,batch,256,64,1,basic,no,7,8192,33.9478
2,jemalloc,batch,256,64,1,basic,no,7,8192,56.7505
2,standard,mixed_lifetime,256,64,1,basic,no,7,8192,60.7909
2,mimalloc,mixed_lifetime,256,64,1,basic,no,7,8192,21.7773
2,jemalloc,mixed_lifetime,256,64,1,basic,no,7,8192,28.2593
2,standard,owned_block,256,64,1,basic,no,7,8192,75.3661
2,mimalloc,owned_block,256,64,1,basic,no,7,8192,64.4897
2,jemalloc,owned_block,256,64,1,basic,no,7,8192,90.9789
2,standard,raw,256,256,1,basic,no,7,8192,64.8925
2,mimalloc,raw,256,256,1,basic,no,7,8192,26.4893
2,jemalloc,raw,256,256,1,basic,no,7,8192,35.437
2,standard,zeroed,256,256,1,basic,no,7,8192,87.146
2,mimalloc,zeroed,256,256,1,basic,no,7,8192,35.3149
2,jemalloc,zeroed,256,256,1,basic,no,7,8192,46.3867
2,standard,reallocate,256,256,1,basic,no,7,8192,143.469
2,mimalloc,reallocate,256,256,1,basic,no,7,8192,59.9243
2,jemalloc,reallocate,256,256,1,basic,no,7,8192,87.4388
2,standard,reallocate_zeroed,256,256,1,basic,no,7,8192,147.143
2,mimalloc,reallocate_zeroed,256,256,1,basic,no,7,8192,62.6221
2,jemalloc,reallocate_zeroed,256,256,1,basic,no,7,8192,90.4052
2,standard,batch,256,256,1,basic,no,7,8192,95.2147
2,mimalloc,batch,256,256,1,basic,no,7,8192,33.9478
2,jemalloc,batch,256,256,1,basic,no,7,8192,56.1279
2,standard,mixed_lifetime,256,256,1,basic,no,7,8192,76.4403
2,mimalloc,mixed_lifetime,256,256,1,basic,no,7,8192,22.8638
2,jemalloc,mixed_lifetime,256,256,1,basic,no,7,8192,26.123
2,standard,owned_block,256,256,1,basic,no,7,8192,169.543
2,mimalloc,owned_block,256,256,1,basic,no,7,8192,62.6219
2,jemalloc,owned_block,256,256,1,basic,no,7,8192,92.3339
2,standard,raw,4096,16,1,basic,no,7,8192,62.3047
2,mimalloc,raw,4096,16,1,basic,no,7,8192,57.2998
2,jemalloc,raw,4096,16,1,basic,no,7,8192,47.5341
2,standard,zeroed,4096,16,1,basic,no,7,8192,93.0541
2,mimalloc,zeroed,4096,16,1,basic,no,7,8192,86.5966
2,jemalloc,zeroed,4096,16,1,basic,no,7,8192,75.5004
2,standard,reallocate,4096,16,1,basic,no,7,8192,136.584
2,mimalloc,reallocate,4096,16,1,basic,no,7,8192,136.34
2,jemalloc,reallocate,4096,16,1,basic,no,7,8192,127.099
2,standard,reallocate_zeroed,4096,16,1,basic,no,7,8192,167.102
2,mimalloc,reallocate_zeroed,4096,16,1,basic,no,7,8192,162.549
2,jemalloc,reallocate_zeroed,4096,16,1,basic,no,7,8192,154.748
2,standard,batch,4096,16,1,basic,no,7,8192,737.695
2,mimalloc,batch,4096,16,1,basic,no,7,8192,72.0215
2,jemalloc,batch,4096,16,1,basic,no,7,8192,184.521
2,standard,mixed_lifetime,4096,16,1,basic,no,7,8192,150.537
2,mimalloc,mixed_lifetime,4096,16,1,basic,no,7,8192,41.2352
2,jemalloc,mixed_lifetime,4096,16,1,basic,no,7,8192,95.3368
2,standard,owned_block,4096,16,1,basic,no,7,8192,143.237
2,mimalloc,owned_block,4096,16,1,basic,no,7,8192,159.473
2,jemalloc,owned_block,4096,16,1,basic,no,7,8192,133.508
2,standard,typed_raw,4096,1,1,basic,no,7,8192,58.7036
2,mimalloc,typed_raw,4096,1,1,basic,no,7,8192,54.1748
2,jemalloc,typed_raw,4096,1,1,basic,no,7,8192,44.0918
2,standard,array,4096,1,1,basic,no,7,8192,94.1649
2,mimalloc,array,4096,1,1,basic,no,7,8192,102.905
2,jemalloc,array,4096,1,1,basic,no,7,8192,69.165
2,standard,raw,4096,64,1,basic,no,7,8192,81.3477
2,mimalloc,raw,4096,64,1,basic,no,7,8192,58.0321
2,jemalloc,raw,4096,64,1,basic,no,7,8192,46.3623
2,standard,zeroed,4096,64,1,basic,no,7,8192,110.071
2,mimalloc,zeroed,4096,64,1,basic,no,7,8192,107.166
2,jemalloc,zeroed,4096,64,1,basic,no,7,8192,74.8656
2,standard,reallocate,4096,64,1,basic,no,7,8192,163.55
2,mimalloc,reallocate,4096,64,1,basic,no,7,8192,141.821
2,jemalloc,reallocate,4096,64,1,basic,no,7,8192,126.66
2,standard,reallocate_zeroed,4096,64,1,basic,no,7,8192,189.343
2,mimalloc,reallocate_zeroed,4096,64,1,basic,no,7,8192,170.141
2,jemalloc,reallocate_zeroed,4096,64,1,basic,no,7,8192,153.503
2,standard,batch,4096,64,1,basic,no,7,8192,794.36
2,mimalloc,batch,4096,64,1,basic,no,7,8192,72.5707
2,jemalloc,batch,4096,64,1,basic,no,7,8192,189.136
2,standard,mixed_lifetime,4096,64,1,basic,no,7,8192,185.51
2,mimalloc,mixed_lifetime,4096,64,1,basic,no,7,8192,41.1011
2,jemalloc,mixed_lifetime,4096,64,1,basic,no,7,8192,98.5352
2,standard,owned_block,4096,64,1,basic,no,7,8192,168.518
2,mimalloc,owned_block,4096,64,1,basic,no,7,8192,160.901
2,jemalloc,owned_block,4096,64,1,basic,no,7,8192,132.52
2,standard,raw,4096,256,1,basic,no,7,8192,82.2997
2,mimalloc,raw,4096,256,1,basic,no,7,8192,58.1542
2,jemalloc,raw,4096,256,1,basic,no,7,8192,46.3134
2,standard,zeroed,4096,256,1,basic,no,7,8192,110.303
2,mimalloc,zeroed,4096,256,1,basic,no,7,8192,106.836
2,jemalloc,zeroed,4096,256,1,basic,no,7,8192,74.89
2,standard,reallocate,4096,256,1,basic,no,7,8192,176.184
2,mimalloc,reallocate,4096,256,1,basic,no,7,8192,142.078
2,jemalloc,reallocate,4096,256,1,basic,no,7,8192,126.147
2,standard,reallocate_zeroed,4096,256,1,basic,no,7,8192,202.478
2,mimalloc,reallocate_zeroed,4096,256,1,basic,no,7,8192,170.764
2,jemalloc,reallocate_zeroed,4096,256,1,basic,no,7,8192,154.382
2,standard,batch,4096,256,1,basic,no,7,8192,862.121
2,mimalloc,batch,4096,256,1,basic,no,7,8192,71.6919
2,jemalloc,batch,4096,256,1,basic,no,7,8192,185.559
2,standard,mixed_lifetime,4096,256,1,basic,no,7,8192,165.625
2,mimalloc,mixed_lifetime,4096,256,1,basic,no,7,8192,39.7827
2,jemalloc,mixed_lifetime,4096,256,1,basic,no,7,8192,94.1772
2,standard,owned_block,4096,256,1,basic,no,7,8192,182.177
2,mimalloc,owned_block,4096,256,1,basic,no,7,8192,159.912
2,jemalloc,owned_block,4096,256,1,basic,no,7,8192,130.725
2,standard,raw,65536,16,1,basic,no,7,8192,49.1089
2,mimalloc,raw,65536,16,1,basic,no,7,8192,58.4595
2,jemalloc,raw,65536,16,1,basic,no,7,8192,405.273
2,standard,zeroed,65536,16,1,basic,no,7,8192,1492.92
2,mimalloc,zeroed,65536,16,1,basic,no,7,8192,1794.02
2,jemalloc,zeroed,65536,16,1,basic,no,7,8192,1828.78
2,standard,reallocate,65536,16,1,basic,no,7,8192,11131.3
2,mimalloc,reallocate,65536,16,1,basic,no,7,8192,2249.79
2,jemalloc,reallocate,65536,16,1,basic,no,7,8192,728.637
2,standard,reallocate_zeroed,65536,16,1,basic,no,7,8192,41096.3
2,mimalloc,reallocate_zeroed,65536,16,1,basic,no,7,8192,3749.57
2,jemalloc,reallocate_zeroed,65536,16,1,basic,no,7,8192,2271.66
2,standard,batch,65536,16,1,basic,no,7,8192,1686.96
2,mimalloc,batch,65536,16,1,basic,no,7,8192,136.921
2,jemalloc,batch,65536,16,1,basic,no,7,8192,426.048
2,standard,mixed_lifetime,65536,16,1,basic,no,7,8192,199.75
2,mimalloc,mixed_lifetime,65536,16,1,basic,no,7,8192,57.3259
2,jemalloc,mixed_lifetime,65536,16,1,basic,no,7,8192,293.849
2,standard,owned_block,65536,16,1,basic,no,7,8192,2016.18
2,mimalloc,owned_block,65536,16,1,basic,no,7,8192,2872.38
2,jemalloc,owned_block,65536,16,1,basic,no,7,8192,797.334
2,standard,typed_raw,65536,1,1,basic,no,7,8192,47.8822
2,mimalloc,typed_raw,65536,1,1,basic,no,7,8192,59.0039
2,jemalloc,typed_raw,65536,1,1,basic,no,7,8192,447.642
2,standard,array,65536,1,1,basic,no,7,8192,1590.18
2,mimalloc,array,65536,1,1,basic,no,7,8192,1613.14
2,jemalloc,array,65536,1,1,basic,no,7,8192,1949.93
2,standard,raw,65536,64,1,basic,no,7,8192,56.3634
2,mimalloc,raw,65536,64,1,basic,no,7,8192,63.6998
2,jemalloc,raw,65536,64,1,basic,no,7,8192,440.812
2,standard,zeroed,65536,64,1,basic,no,7,8192,1592.33
2,mimalloc,zeroed,65536,64,1,basic,no,7,8192,1921.51
2,jemalloc,zeroed,65536,64,1,basic,no,7,8192,1947.68
2,standard,reallocate,65536,64,1,basic,no,7,8192,1839.88
2,mimalloc,reallocate,65536,64,1,basic,no,7,8192,2209.45
2,jemalloc,reallocate,65536,64,1,basic,no,7,8192,734.045
2,standard,reallocate_zeroed,65536,64,1,basic,no,7,8192,3355.06
2,mimalloc,reallocate_zeroed,65536,64,1,basic,no,7,8192,3506.11
2,jemalloc,reallocate_zeroed,65536,64,1,basic,no,7,8192,2133.24
2,standard,batch,65536,64,1,basic,no,7,8192,1649.82
2,mimalloc,batch,65536,64,1,basic,no,7,8192,128.027
2,jemalloc,batch,65536,64,1,basic,no,7,8192,411.145
2,standard,mixed_lifetime,65536,64,1,basic,no,7,8192,232.703
2,mimalloc,mixed_lifetime,65536,64,1,basic,no,7,8192,54.4067
2,jemalloc,mixed_lifetime,65536,64,1,basic,no,7,8192,279.455
2,standard,owned_block,65536,64,1,basic,no,7,8192,1844.31
2,mimalloc,owned_block,65536,64,1,basic,no,7,8192,2740.97
2,jemalloc,owned_block,65536,64,1,basic,no,7,8192,745.8
2,standard,raw,65536,256,1,basic,no,7,8192,59.3628
2,mimalloc,raw,65536,256,1,basic,no,7,8192,59.082
2,jemalloc,raw,65536,256,1,basic,no,7,8192,412.439
2,standard,zeroed,65536,256,1,basic,no,7,8192,1503.37
2,mimalloc,zeroed,65536,256,1,basic,no,7,8192,1850.83
2,jemalloc,zeroed,65536,256,1,basic,no,7,8192,1831.35
2,standard,reallocate,65536,256,1,basic,no,7,8192,1821.97
2,mimalloc,reallocate,65536,256,1,basic,no,7,8192,2251.1
2,jemalloc,reallocate,65536,256,1,basic,no,7,8192,735.229
2,standard,reallocate_zeroed,65536,256,1,basic,no,7,8192,3365.17
2,mimalloc,reallocate_zeroed,65536,256,1,basic,no,7,8192,3573.61
2,jemalloc,reallocate_zeroed,65536,256,1,basic,no,7,8192,2170.1
2,standard,batch,65536,256,1,basic,no,7,8192,1724.06
2,mimalloc,batch,65536,256,1,basic,no,7,8192,128.149
2,jemalloc,batch,65536,256,1,basic,no,7,8192,413.684
2,standard,mixed_lifetime,65536,256,1,basic,no,7,8192,221.435
2,mimalloc,mixed_lifetime,65536,256,1,basic,no,7,8192,53.9305
2,jemalloc,mixed_lifetime,65536,256,1,basic,no,7,8192,292.432
2,standard,owned_block,65536,256,1,basic,no,7,8192,1832.62
2,mimalloc,owned_block,65536,256,1,basic,no,7,8192,2757.31
2,jemalloc,owned_block,65536,256,1,basic,no,7,8192,740.747
2,standard,raw,64,16,1,disabled,no,7,8192,19.3604
2,mimalloc,raw,64,16,1,disabled,no,7,8192,11.5967
2,jemalloc,raw,64,16,1,disabled,no,7,8192,21.5332
2,standard,zeroed,64,16,1,disabled,no,7,8192,22.8149
2,mimalloc,zeroed,64,16,1,disabled,no,7,8192,12.1826
2,jemalloc,zeroed,64,16,1,disabled,no,7,8192,25.4028
2,standard,reallocate,64,16,1,disabled,no,7,8192,44.5923
2,mimalloc,reallocate,64,16,1,disabled,no,7,8192,24.7192
2,jemalloc,reallocate,64,16,1,disabled,no,7,8192,56.8481
2,standard,reallocate_zeroed,64,16,1,disabled,no,7,8192,47.6927
2,mimalloc,reallocate_zeroed,64,16,1,disabled,no,7,8192,28.9551
2,jemalloc,reallocate_zeroed,64,16,1,disabled,no,7,8192,59.9731
2,standard,batch,64,16,1,disabled,no,7,8192,21.814
2,mimalloc,batch,64,16,1,disabled,no,7,8192,11.5356
2,jemalloc,batch,64,16,1,disabled,no,7,8192,22.4121
2,standard,mixed_lifetime,64,16,1,disabled,no,7,8192,21.9604
2,mimalloc,mixed_lifetime,64,16,1,disabled,no,7,8192,14.0259
2,jemalloc,mixed_lifetime,64,16,1,disabled,no,7,8192,19.519
2,standard,owned_block,64,16,1,disabled,no,7,8192,48.7427
2,mimalloc,owned_block,64,16,1,disabled,no,7,8192,30.0659
2,jemalloc,owned_block,64,16,1,disabled,no,7,8192,63.4642
2,standard,typed_raw,64,1,1,disabled,no,7,8192,17.2974
2,mimalloc,typed_raw,64,1,1,disabled,no,7,8192,9.64355
2,jemalloc,typed_raw,64,1,1,disabled,no,7,8192,19.3481
2,standard,create_destroy,64,1,1,disabled,no,7,8192,16.9434
2,mimalloc,create_destroy,64,1,1,disabled,no,7,8192,9.59473
2,jemalloc,create_destroy,64,1,1,disabled,no,7,8192,18.8354
2,standard,object,64,1,1,disabled,no,7,8192,17.2974
2,mimalloc,object,64,1,1,disabled,no,7,8192,9.91211
2,jemalloc,object,64,1,1,disabled,no,7,8192,18.2739
2,standard,shared_object,64,1,1,disabled,no,7,8192,19.3726
2,mimalloc,shared_object,64,1,1,disabled,no,7,8192,13.2202
2,jemalloc,shared_object,64,1,1,disabled,no,7,8192,25.415
2,standard,array,64,1,1,disabled,no,7,8192,18.689
2,mimalloc,array,64,1,1,disabled,no,7,8192,12.1338
2,jemalloc,array,64,1,1,disabled,no,7,8192,20.6909
2,standard,std_vector,256,8,1,disabled,no,7,8192,153.235
2,mimalloc,std_vector,256,8,1,disabled,no,7,8192,107.788
2,jemalloc,std_vector,256,8,1,disabled,no,7,8192,189.258
2,standard,pmr_vector,256,8,1,disabled,no,7,8192,169.409
2,mimalloc,pmr_vector,256,8,1,disabled,no,7,8192,124.304
2,jemalloc,pmr_vector,256,8,1,disabled,no,7,8192,192.151
2,mimalloc,raw,64,16,1,disabled,yes,7,8192,11.1084
2,jemalloc,raw,64,16,1,disabled,yes,7,8192,205.432
2,mimalloc,zeroed,64,16,1,disabled,yes,7,8192,12.5977
2,jemalloc,zeroed,64,16,1,disabled,yes,7,8192,203.589
2,mimalloc,reallocate,64,16,1,disabled,yes,7,8192,25.3662
2,jemalloc,reallocate,64,16,1,disabled,yes,7,8192,422.656
2,mimalloc,reallocate_zeroed,64,16,1,disabled,yes,7,8192,31.2987
2,jemalloc,reallocate_zeroed,64,16,1,disabled,yes,7,8192,429.345
2,mimalloc,batch,64,16,1,disabled,yes,7,8192,10.9619
2,jemalloc,batch,64,16,1,disabled,yes,7,8192,52.8564
2,mimalloc,mixed_lifetime,64,16,1,disabled,yes,7,8192,13.9404
2,jemalloc,mixed_lifetime,64,16,1,disabled,yes,7,8192,37.6099
2,mimalloc,owned_block,64,16,1,disabled,yes,7,8192,31.4209
2,jemalloc,owned_block,64,16,1,disabled,yes,7,8192,432.519
2,mimalloc,typed_raw,64,1,1,disabled,yes,7,8192,9.63135
2,jemalloc,typed_raw,64,1,1,disabled,yes,7,8192,196.936
2,mimalloc,create_destroy,64,1,1,disabled,yes,7,8192,9.63135
2,jemalloc,create_destroy,64,1,1,disabled,yes,7,8192,197.803
2,mimalloc,object,64,1,1,disabled,yes,7,8192,9.61914
2,jemalloc,object,64,1,1,disabled,yes,7,8192,198.132
2,mimalloc,shared_object,64,1,1,disabled,yes,7,8192,13.2568
2,jemalloc,shared_object,64,1,1,disabled,yes,7,8192,214.77
2,mimalloc,array,64,1,1,disabled,yes,7,8192,12.0483
2,jemalloc,array,64,1,1,disabled,yes,7,8192,199.524
2,mimalloc,std_vector,256,8,1,disabled,yes,7,8192,110.864
2,jemalloc,std_vector,256,8,1,disabled,yes,7,8192,1252.51
2,mimalloc,pmr_vector,256,8,1,disabled,yes,7,8192,129.006
2,jemalloc,pmr_vector,256,8,1,disabled,yes,7,8192,1318.5
2,mimalloc,raw,64,16,1,basic,yes,7,8192,34.4904
2,jemalloc,raw,64,16,1,basic,yes,7,8192,225.513
2,mimalloc,zeroed,64,16,1,basic,yes,7,8192,36.2789
2,jemalloc,zeroed,64,16,1,basic,yes,7,8192,225.437
2,mimalloc,reallocate,64,16,1,basic,yes,7,8192,62.0547
2,jemalloc,reallocate,64,16,1,basic,yes,7,8192,462.683
2,mimalloc,reallocate_zeroed,64,16,1,basic,yes,7,8192,64.6298
2,jemalloc,reallocate_zeroed,64,16,1,basic,yes,7,8192,467.199
2,mimalloc,batch,64,16,1,basic,yes,7,8192,34.9596
2,jemalloc,batch,64,16,1,basic,yes,7,8192,82.7185
2,mimalloc,mixed_lifetime,64,16,1,basic,yes,7,8192,21.8054
2,jemalloc,mixed_lifetime,64,16,1,basic,yes,7,8192,45.2091
2,mimalloc,owned_block,64,16,1,basic,yes,7,8192,66.0757
2,jemalloc,owned_block,64,16,1,basic,yes,7,8192,474.175
2,mimalloc,typed_raw,64,1,1,basic,yes,7,8192,33.7419
2,jemalloc,typed_raw,64,1,1,basic,yes,7,8192,218.384
2,mimalloc,create_destroy,64,1,1,basic,yes,7,8192,33.374
2,jemalloc,create_destroy,64,1,1,basic,yes,7,8192,216.786
2,mimalloc,object,64,1,1,basic,yes,7,8192,33.374
2,jemalloc,object,64,1,1,basic,yes,7,8192,218.498
2,mimalloc,shared_object,64,1,1,basic,yes,7,8192,35.4037
2,jemalloc,shared_object,64,1,1,basic,yes,7,8192,234.887
2,mimalloc,array,64,1,1,basic,yes,7,8192,35.467
2,jemalloc,array,64,1,1,basic,yes,7,8192,218.244
2,mimalloc,std_vector,256,8,1,basic,yes,7,8192,233.694
2,jemalloc,std_vector,256,8,1,basic,yes,7,8192,1366.29
2,mimalloc,pmr_vector,256,8,1,basic,yes,7,8192,239.149
2,jemalloc,pmr_vector,256,8,1,basic,yes,7,8192,1397.32
2,standard,raw,64,64,1,disabled,no,7,8192,21.5518
2,mimalloc,raw,64,64,1,disabled,no,7,8192,12.3297
2,jemalloc,raw,64,64,1,disabled,no,7,8192,22.9851
2,standard,zeroed,64,64,1,disabled,no,7,8192,24.7991
2,mimalloc,zeroed,64,64,1,disabled,no,7,8192,12.5708
2,jemalloc,zeroed,64,64,1,disabled,no,7,8192,25.04
2,standard,reallocate,64,64,1,disabled,no,7,8192,94.0208
2,mimalloc,reallocate,64,64,1,disabled,no,7,8192,27.1965
2,jemalloc,reallocate,64,64,1,disabled,no,7,8192,57.6656
2,standard,reallocate_zeroed,64,64,1,disabled,no,7,8192,94.9086
2,mimalloc,reallocate_zeroed,64,64,1,disabled,no,7,8192,29.7462
2,jemalloc,reallocate_zeroed,64,64,1,disabled,no,7,8192,60.5579
2,standard,batch,64,64,1,disabled,no,7,8192,80.8284
2,mimalloc,batch,64,64,1,disabled,no,7,8192,11.7716
2,jemalloc,batch,64,64,1,disabled,no,7,8192,23.1119
2,standard,mixed_lifetime,64,64,1,disabled,no,7,8192,48.5199
2,mimalloc,mixed_lifetime,64,64,1,disabled,no,7,8192,14.7526
2,jemalloc,mixed_lifetime,64,64,1,disabled,no,7,8192,20.6257
2,standard,owned_block,64,64,1,disabled,no,7,8192,79.7375
2,mimalloc,owned_block,64,64,1,disabled,no,7,8192,30.2916
2,jemalloc,owned_block,64,64,1,disabled,no,7,8192,65.4923
2,mimalloc,raw,64,64,1,disabled,yes,7,8192,11.8097
2,jemalloc,raw,64,64,1,disabled,yes,7,8192,209.961
2,mimalloc,zeroed,64,64,1,disabled,yes,7,8192,12.9894
2,jemalloc,zeroed,64,64,1,disabled,yes,7,8192,217.242
2,mimalloc,reallocate,64,64,1,disabled,yes,7,8192,26.5876
2,jemalloc,reallocate,64,64,1,disabled,yes,7,8192,443.643
2,mimalloc,reallocate_zeroed,64,64,1,disabled,yes,7,8192,29.5559
2,jemalloc,reallocate_zeroed,64,64,1,disabled,yes,7,8192,448.717
2,mimalloc,batch,64,64,1,disabled,yes,7,8192,11.4038
2,jemalloc,batch,64,64,1,disabled,yes,7,8192,56.6256
2,mimalloc,mixed_lifetime,64,64,1,disabled,yes,7,8192,14.1564
2,jemalloc,mixed_lifetime,64,64,1,disabled,yes,7,8192,38.3846
2,mimalloc,owned_block,64,64,1,disabled,yes,7,8192,30.1013
2,jemalloc,owned_block,64,64,1,disabled,yes,7,8192,449.947
2,mimalloc,raw,64,64,1,basic,yes,7,8192,34.5031
2,jemalloc,raw,64,64,1,basic,yes,7,8192,222.062
2,mimalloc,zeroed,64,64,1,basic,yes,7,8192,35.2388
2,jemalloc,zeroed,64,64,1,basic,yes,7,8192,227.948
2,mimalloc,reallocate,64,64,1,basic,yes,7,8192,65.2006
2,jemalloc,reallocate,64,64,1,basic,yes,7,8192,515.516
2,mimalloc,reallocate_zeroed,64,64,1,basic,yes,7,8192,63.2979
2,jemalloc,reallocate_zeroed,64,64,1,basic,yes,7,8192,470.205
2,mimalloc,batch,64,64,1,basic,yes,7,8192,34.9724
2,jemalloc,batch,64,64,1,basic,yes,7,8192,84.4182
2,mimalloc,mixed_lifetime,64,64,1,basic,yes,7,8192,21.6405
2,jemalloc,mixed_lifetime,64,64,1,basic,yes,7,8192,45.0061
2,mimalloc,owned_block,64,64,1,basic,yes,7,8192,65.2766
2,jemalloc,owned_block,64,64,1,basic,yes,7,8192,472.818
2,standard,raw,64,256,1,disabled,no,7,8192,23.5559
2,mimalloc,raw,64,256,1,disabled,no,7,8192,18.8878
2,jemalloc,raw,64,256,1,disabled,no,7,8192,22.3762
2,standard,zeroed,64,256,1,disabled,no,7,8192,25.5348
2,mimalloc,zeroed,64,256,1,disabled,no,7,8192,22.2367
2,jemalloc,zeroed,64,256,1,disabled,no,7,8192,27.0696
2,standard,reallocate,64,256,1,disabled,no,7,8192,98.0544
2,mimalloc,reallocate,64,256,1,disabled,no,7,8192,30.7102
2,jemalloc,reallocate,64,256,1,disabled,no,7,8192,52.3761
2,standard,reallocate_zeroed,64,256,1,disabled,no,7,8192,103.09
2,mimalloc,reallocate_zeroed,64,256,1,disabled,no,7,8192,35.1372
2,jemalloc,reallocate_zeroed,64,256,1,disabled,no,7,8192,55.8518
2,standard,batch,64,256,1,disabled,no,7,8192,87.2216
2,mimalloc,batch,64,256,1,disabled,no,7,8192,17.4926
2,jemalloc,batch,64,256,1,disabled,no,7,8192,40.1858
2,standard,mixed_lifetime,64,256,1,disabled,no,7,8192,59.708
2,mimalloc,mixed_lifetime,64,256,1,disabled,no,7,8192,20.2198
2,jemalloc,mixed_lifetime,64,256,1,disabled,no,7,8192,21.4248
2,standard,owned_block,64,256,1,disabled,no,7,8192,94.6803
2,mimalloc,owned_block,64,256,1,disabled,no,7,8192,37.002
2,jemalloc,owned_block,64,256,1,disabled,no,7,8192,57.729
2,mimalloc,raw,64,256,1,disabled,yes,7,8192,19.0781
2,jemalloc,raw,64,256,1,disabled,yes,7,8192,215.289
2,mimalloc,zeroed,64,256,1,disabled,yes,7,8192,23.835
2,jemalloc,zeroed,64,256,1,disabled,yes,7,8192,220.591
2,mimalloc,reallocate,64,256,1,disabled,yes,7,8192,31.3572
2,jemalloc,reallocate,64,256,1,disabled,yes,7,8192,258.874
2,mimalloc,reallocate_zeroed,64,256,1,disabled,yes,7,8192,36.355
2,jemalloc,reallocate_zeroed,64,256,1,disabled,yes,7,8192,257.479
2,mimalloc,batch,64,256,1,disabled,yes,7,8192,20.5496
2,jemalloc,batch,64,256,1,disabled,yes,7,8192,69.5007
2,mimalloc,mixed_lifetime,64,256,1,disabled,yes,7,8192,20.5243
2,jemalloc,mixed_lifetime,64,256,1,disabled,yes,7,8192,47.5939
2,mimalloc,owned_block,64,256,1,disabled,yes,7,8192,36.3169
2,jemalloc,owned_block,64,256,1,disabled,yes,7,8192,272.777
2,mimalloc,raw,64,256,1,basic,yes,7,8192,45.0696
2,jemalloc,raw,64,256,1,basic,yes,7,8192,222.202
2,mimalloc,zeroed,64,256,1,basic,yes,7,8192,47.4542
2,jemalloc,zeroed,64,256,1,basic,yes,7,8192,226.248
2,mimalloc,reallocate,64,256,1,basic,yes,7,8192,75.5769
2,jemalloc,reallocate,64,256,1,basic,yes,7,8192,275.631
2,mimalloc,reallocate_zeroed,64,256,1,basic,yes,7,8192,75.8558
2,jemalloc,reallocate_zeroed,64,256,1,basic,yes,7,8192,278.701
2,mimalloc,batch,64,256,1,basic,yes,7,8192,43.3951
2,jemalloc,batch,64,256,1,basic,yes,7,8192,93.4498
2,mimalloc,mixed_lifetime,64,256,1,basic,yes,7,8192,27.7672
2,jemalloc,mixed_lifetime,64,256,1,basic,yes,7,8192,53.7461
2,mimalloc,owned_block,64,256,1,basic,yes,7,8192,76.9976
2,jemalloc,owned_block,64,256,1,basic,yes,7,8192,284.713
2,standard,raw,256,16,1,disabled,no,7,8192,19.408
2,mimalloc,raw,256,16,1,disabled,no,7,8192,10.7188
2,jemalloc,raw,256,16,1,disabled,no,7,8192,22.668
2,standard,zeroed,256,16,1,disabled,no,7,8192,24.1648
2,mimalloc,zeroed,256,16,1,disabled,no,7,8192,12.4565
2,jemalloc,zeroed,256,16,1,disabled,no,7,8192,27.1583
2,standard,reallocate,256,16,1,disabled,no,7,8192,48.0125
2,mimalloc,reallocate,256,16,1,disabled,no,7,8192,32.2577
2,jemalloc,reallocate,256,16,1,disabled,no,7,8192,61.4712
2,standard,reallocate_zeroed,256,16,1,disabled,no,7,8192,52.2874
2,mimalloc,reallocate_zeroed,256,16,1,disabled,no,7,8192,35.835
2,jemalloc,reallocate_zeroed,256,16,1,disabled,no,7,8192,66.5579
2,standard,batch,256,16,1,disabled,no,7,8192,42.4312
2,mimalloc,batch,256,16,1,disabled,no,7,8192,11.8605
2,jemalloc,batch,256,16,1,disabled,no,7,8192,40.5283
2,standard,mixed_lifetime,256,16,1,disabled,no,7,8192,24.5073
2,mimalloc,mixed_lifetime,256,16,1,disabled,no,7,8192,15.8815
2,jemalloc,mixed_lifetime,256,16,1,disabled,no,7,8192,21.6405
2,standard,owned_block,256,16,1,disabled,no,7,8192,52.6171
2,mimalloc,owned_block,256,16,1,disabled,no,7,8192,33.2853
2,jemalloc,owned_block,256,16,1,disabled,no,7,8192,64.6931
2,standard,typed_raw,256,1,1,disabled,no,7,8192,17.2389
2,mimalloc,typed_raw,256,1,1,disabled,no,7,8192,8.77795
2,jemalloc,typed_raw,256,1,1,disabled,no,7,8192,21.4122
2,standard,array,256,1,1,disabled,no,7,8192,20.131
2,mimalloc,array,256,1,1,disabled,no,7,8192,11.6829
2,jemalloc,array,256,1,1,disabled,no,7,8192,22.7695
2,mimalloc,raw,256,16,1,disabled,yes,7,8192,12.9386
2,jemalloc,raw,256,16,1,disabled,yes,7,8192,214.261
2,mimalloc,zeroed,256,16,1,disabled,yes,7,8192,16.8457
2,jemalloc,zeroed,256,16,1,disabled,yes,7,8192,215.174
2,mimalloc,reallocate,256,16,1,disabled,yes,7,8192,33.9069
2,jemalloc,reallocate,256,16,1,disabled,yes,7,8192,443.985
2,mimalloc,reallocate_zeroed,256,16,1,disabled,yes,7,8192,38.3213
2,jemalloc,reallocate_zeroed,256,16,1,disabled,yes,7,8192,453.74
2,mimalloc,batch,256,16,1,disabled,yes,7,8192,11.8097
2,jemalloc,batch,256,16,1,disabled,yes,7,8192,67.1667
2,mimalloc,mixed_lifetime,256,16,1,disabled,yes,7,8192,15.1584
2,jemalloc,mixed_lifetime,256,16,1,disabled,yes,7,8192,50.7144
2,mimalloc,owned_block,256,16,1,disabled,yes,7,8192,38.245
2,jemalloc,owned_block,256,16,1,disabled,yes,7,8192,453.689
2,mimalloc,typed_raw,256,1,1,disabled,yes,7,8192,10.9344
2,jemalloc,typed_raw,256,1,1,disabled,yes,7,8192,205.204
2,mimalloc,array,256,1,1,disabled,yes,7,8192,14.8159
2,jemalloc,array,256,1,1,disabled,yes,7,8192,209.416
2,mimalloc,raw,256,16,1,basic,yes,7,8192,37.4586
2,jemalloc,raw,256,16,1,basic,yes,7,8192,221.365
2,mimalloc,zeroed,256,16,1,basic,yes,7,8192,40.5791
2,jemalloc,zeroed,256,16,1,basic,yes,7,8192,227.403
2,mimalloc,reallocate,256,16,1,basic,yes,7,8192,64.985
2,jemalloc,reallocate,256,16,1,basic,yes,7,8192,469.901
2,mimalloc,reallocate_zeroed,256,16,1,basic,yes,7,8192,69.5515
2,jemalloc,reallocate_zeroed,256,16,1,basic,yes,7,8192,473.706
2,mimalloc,batch,256,16,1,basic,yes,7,8192,37.0272
2,jemalloc,batch,256,16,1,basic,yes,7,8192,92.7649
2,mimalloc,mixed_lifetime,256,16,1,basic,yes,7,8192,24.6342
2,jemalloc,mixed_lifetime,256,16,1,basic,yes,7,8192,55.9913
2,mimalloc,owned_block,256,16,1,basic,yes,7,8192,69.7164
2,jemalloc,owned_block,256,16,1,basic,yes,7,8192,479.351
2,mimalloc,typed_raw,256,1,1,basic,yes,7,8192,37.6869
2,jemalloc,typed_raw,256,1,1,basic,yes,7,8192,217.724
2,mimalloc,array,256,1,1,basic,yes,7,8192,37.2937
2,jemalloc,array,256,1,1,basic,yes,7,8192,220.984
2,standard,raw,256,64,1,disabled,no,7,8192,22.744
2,mimalloc,raw,256,64,1,disabled,no,7,8192,10.7061
2,jemalloc,raw,256,64,1,disabled,no,7,8192,22.3381
2,standard,zeroed,256,64,1,disabled,no,7,8192,25.1543
2,mimalloc,zeroed,256,64,1,disabled,no,7,8192,12.5708
2,jemalloc,zeroed,256,64,1,disabled,no,7,8192,28.0337
2,standard,reallocate,256,64,1,disabled,no,7,8192,49.2048
2,mimalloc,reallocate,256,64,1,disabled,no,7,8192,28.4904
2,jemalloc,reallocate,256,64,1,disabled,no,7,8192,61.3063
2,standard,reallocate_zeroed,256,64,1,disabled,no,7,8192,52.9342
2,mimalloc,reallocate_zeroed,256,64,1,disabled,no,7,8192,33.095
2,jemalloc,reallocate_zeroed,256,64,1,disabled,no,7,8192,64.3887
2,standard,batch,256,64,1,disabled,no,7,8192,80.879
2,mimalloc,batch,256,64,1,disabled,no,7,8192,12.4692
2,jemalloc,batch,256,64,1,disabled,no,7,8192,40.097
2,standard,mixed_lifetime,256,64,1,disabled,no,7,8192,47.7207
2,mimalloc,mixed_lifetime,256,64,1,disabled,no,7,8192,15.983
2,jemalloc,mixed_lifetime,256,64,1,disabled,no,7,8192,21.9703
2,standard,owned_block,256,64,1,disabled,no,7,8192,54.2408
2,mimalloc,owned_block,256,64,1,disabled,no,7,8192,35.1499
2,jemalloc,owned_block,256,64,1,disabled,no,7,8192,67.8898
2,mimalloc,raw,256,64,1,disabled,yes,7,8192,13.0148
2,jemalloc,raw,256,64,1,disabled,yes,7,8192,213.665
2,mimalloc,zeroed,256,64,1,disabled,yes,7,8192,16.0211
2,jemalloc,zeroed,256,64,1,disabled,yes,7,8192,214.502
2,mimalloc,reallocate,256,64,1,disabled,yes,7,8192,33.5643
2,jemalloc,reallocate,256,64,1,disabled,yes,7,8192,445.342
2,mimalloc,reallocate_zeroed,256,64,1,disabled,yes,7,8192,37.3445
2,jemalloc,reallocate_zeroed,256,64,1,disabled,yes,7,8192,449.452
2,mimalloc,batch,256,64,1,disabled,yes,7,8192,11.7083
2,jemalloc,batch,256,64,1,disabled,yes,7,8192,66.9257
2,mimalloc,mixed_lifetime,256,64,1,disabled,yes,7,8192,15.8054
2,jemalloc,mixed_lifetime,256,64,1,disabled,yes,7,8192,51.4755
2,mimalloc,owned_block,256,64,1,disabled,yes,7,8192,38.854
2,jemalloc,owned_block,256,64,1,disabled,yes,7,8192,457.317
2,mimalloc,raw,256,64,1,basic,yes,7,8192,37.4585
2,jemalloc,raw,256,64,1,basic,yes,7,8192,223.255
2,mimalloc,zeroed,256,64,1,basic,yes,7,8192,41.264
2,jemalloc,zeroed,256,64,1,basic,yes,7,8192,227.453
2,mimalloc,reallocate,256,64,1,basic,yes,7,8192,66.6593
2,jemalloc,reallocate,256,64,1,basic,yes,7,8192,477.854
2,mimalloc,reallocate_zeroed,256,64,1,basic,yes,7,8192,67.9532
2,jemalloc,reallocate_zeroed,256,64,1,basic,yes,7,8192,476.877
2,mimalloc,batch,256,64,1,basic,yes,7,8192,37.0527
2,jemalloc,batch,256,64,1,basic,yes,7,8192,94.7563
2,mimalloc,mixed_lifetime,256,64,1,basic,yes,7,8192,23.4926
2,jemalloc,mixed_lifetime,256,64,1,basic,yes,7,8192,56.9301
2,mimalloc,owned_block,256,64,1,basic,yes,7,8192,69.3739
2,jemalloc,owned_block,256,64,1,basic,yes,7,8192,478.666
2,standard,raw,256,256,1,disabled,no,7,8192,54.4056
2,mimalloc,raw,256,256,1,disabled,no,7,8192,10.7188
2,jemalloc,raw,256,256,1,disabled,no,7,8192,22.5791
2,standard,zeroed,256,256,1,disabled,no,7,8192,59.7587
2,mimalloc,zeroed,256,256,1,disabled,no,7,8192,12.5834
2,jemalloc,zeroed,256,256,1,disabled,no,7,8192,26.8667
2,standard,reallocate,256,256,1,disabled,no,7,8192,122.498
2,mimalloc,reallocate,256,256,1,disabled,no,7,8192,28.7694
2,jemalloc,reallocate,256,256,1,disabled,no,7,8192,62.6763
2,standard,reallocate_zeroed,256,256,1,disabled,no,7,8192,128.46
2,mimalloc,reallocate_zeroed,256,256,1,disabled,no,7,8192,32.9427
2,jemalloc,reallocate_zeroed,256,256,1,disabled,no,7,8192,65.5812
2,standard,batch,256,256,1,disabled,no,7,8192,96.1265
2,mimalloc,batch,256,256,1,disabled,no,7,8192,11.8477
2,jemalloc,batch,256,256,1,disabled,no,7,8192,64.8453
2,standard,mixed_lifetime,256,256,1,disabled,no,7,8192,76.8073
2,mimalloc,mixed_lifetime,256,256,1,disabled,no,7,8192,16.6807
2,jemalloc,mixed_lifetime,256,256,1,disabled,no,7,8192,21.9829
2,standard,owned_block,256,256,1,disabled,no,7,8192,127.217
2,mimalloc,owned_block,256,256,1,disabled,no,7,8192,33.7166
2,jemalloc,owned_block,256,256,1,disabled,no,7,8192,67.0526
2,mimalloc,raw,256,256,1,disabled,yes,7,8192,13.1035
2,jemalloc,raw,256,256,1,disabled,yes,7,8192,211.965
2,mimalloc,zeroed,256,256,1,disabled,yes,7,8192,16.4778
2,jemalloc,zeroed,256,256,1,disabled,yes,7,8192,212.155
2,mimalloc,reallocate,256,256,1,disabled,yes,7,8192,33.3867
2,jemalloc,reallocate,256,256,1,disabled,yes,7,8192,447.169
2,mimalloc,reallocate_zeroed,256,256,1,disabled,yes,7,8192,37.9661
2,jemalloc,reallocate_zeroed,256,256,1,disabled,yes,7,8192,451.977
2,mimalloc,batch,256,256,1,disabled,yes,7,8192,11.4418
2,jemalloc,batch,256,256,1,disabled,yes,7,8192,66.875
2,mimalloc,mixed_lifetime,256,256,1,disabled,yes,7,8192,16.6299
2,jemalloc,mixed_lifetime,256,256,1,disabled,yes,7,8192,51.0568
2,mimalloc,owned_block,256,256,1,disabled,yes,7,8192,38.3593
2,jemalloc,owned_block,256,256,1,disabled,yes,7,8192,453.309
2,mimalloc,raw,256,256,1,basic,yes,7,8192,37.1035
2,jemalloc,raw,256,256,1,basic,yes,7,8192,222.595
2,mimalloc,zeroed,256,256,1,basic,yes,7,8192,37.8264
2,jemalloc,zeroed,256,256,1,basic,yes,7,8192,228.024
2,mimalloc,reallocate,256,256,1,basic,yes,7,8192,69.8306
2,jemalloc,reallocate,256,256,1,basic,yes,7,8192,470.979
2,mimalloc,reallocate_zeroed,256,256,1,basic,yes,7,8192,72.6846
2,jemalloc,reallocate_zeroed,256,256,1,basic,yes,7,8192,475.393
2,mimalloc,batch,256,256,1,basic,yes,7,8192,35.0485
2,jemalloc,batch,256,256,1,basic,yes,7,8192,92.5873
2,mimalloc,mixed_lifetime,256,256,1,basic,yes,7,8192,23.4291
2,jemalloc,mixed_lifetime,256,256,1,basic,yes,7,8192,56.7017
2,mimalloc,owned_block,256,256,1,basic,yes,7,8192,73.2936
2,jemalloc,owned_block,256,256,1,basic,yes,7,8192,478.057
2,standard,raw,4096,16,1,disabled,no,7,8192,39.1331
2,mimalloc,raw,4096,16,1,disabled,no,7,8192,32.41
2,jemalloc,raw,4096,16,1,disabled,no,7,8192,27.9957
2,standard,zeroed,4096,16,1,disabled,no,7,8192,71.9869
2,mimalloc,zeroed,4096,16,1,disabled,no,7,8192,59.8983
2,jemalloc,zeroed,4096,16,1,disabled,no,7,8192,65.1371
2,standard,reallocate,4096,16,1,disabled,no,7,8192,93.7924
2,mimalloc,reallocate,4096,16,1,disabled,no,7,8192,77.0863
2,jemalloc,reallocate,4096,16,1,disabled,no,7,8192,87.8938
2,standard,reallocate_zeroed,4096,16,1,disabled,no,7,8192,159.97
2,mimalloc,reallocate_zeroed,4096,16,1,disabled,no,7,8192,123.272
2,jemalloc,reallocate_zeroed,4096,16,1,disabled,no,7,8192,141.551
2,standard,batch,4096,16,1,disabled,no,7,8192,481.698
2,mimalloc,batch,4096,16,1,disabled,no,7,8192,56.3972
2,jemalloc,batch,4096,16,1,disabled,no,7,8192,168.329
2,standard,mixed_lifetime,4096,16,1,disabled,no,7,8192,110.371
2,mimalloc,mixed_lifetime,4096,16,1,disabled,no,7,8192,30.1013
2,jemalloc,mixed_lifetime,4096,16,1,disabled,no,7,8192,75.8812
2,standard,owned_block,4096,16,1,disabled,no,7,8192,127.56
2,mimalloc,owned_block,4096,16,1,disabled,no,7,8192,131.746
2,jemalloc,owned_block,4096,16,1,disabled,no,7,8192,103.572
2,standard,typed_raw,4096,1,1,disabled,no,7,8192,35.8096
2,mimalloc,typed_raw,4096,1,1,disabled,no,7,8192,26.6002
2,jemalloc,typed_raw,4096,1,1,disabled,no,7,8192,23.6575
2,standard,array,4096,1,1,disabled,no,7,8192,48.7355
2,mimalloc,array,4096,1,1,disabled,no,7,8192,56.3718
2,jemalloc,array,4096,1,1,disabled,no,7,8192,34.9089
2,mimalloc,raw,4096,16,1,disabled,yes,7,8192,24.317
2,jemalloc,raw,4096,16,1,disabled,yes,7,8192,163.623
2,mimalloc,zeroed,4096,16,1,disabled,yes,7,8192,58.858
2,jemalloc,zeroed,4096,16,1,disabled,yes,7,8192,242.231
2,mimalloc,reallocate,4096,16,1,disabled,yes,7,8192,99.6781
2,jemalloc,reallocate,4096,16,1,disabled,yes,7,8192,504.416
2,mimalloc,reallocate_zeroed,4096,16,1,disabled,yes,7,8192,128.6
2,jemalloc,reallocate_zeroed,4096,16,1,disabled,yes,7,8192,536.547
2,mimalloc,batch,4096,16,1,disabled,yes,7,8192,56.1182
2,jemalloc,batch,4096,16,1,disabled,yes,7,8192,216.151
2,mimalloc,mixed_lifetime,4096,16,1,disabled,yes,7,8192,35.9999
2,jemalloc,mixed_lifetime,4096,16,1,disabled,yes,7,8192,242.777
2,mimalloc,owned_block,4096,16,1,disabled,yes,7,8192,100.63
2,jemalloc,owned_block,4096,16,1,disabled,yes,7,8192,512.217
2,mimalloc,typed_raw,4096,1,1,disabled,yes,7,8192,28.3127
2,jemalloc,typed_raw,4096,1,1,disabled,yes,7,8192,212.714
2,mimalloc,array,4096,1,1,disabled,yes,7,8192,57.5134
2,jemalloc,array,4096,1,1,disabled,yes,7,8192,236.752
2,mimalloc,raw,4096,16,1,basic,yes,7,8192,60.2407
2,jemalloc,raw,4096,16,1,basic,yes,7,8192,231.284
2,mimalloc,zeroed,4096,16,1,basic,yes,7,8192,91.2555
2,jemalloc,zeroed,4096,16,1,basic,yes,7,8192,261.31
2,mimalloc,reallocate,4096,16,1,basic,yes,7,8192,141.094
2,jemalloc,reallocate,4096,16,1,basic,yes,7,8192,532.995
2,mimalloc,reallocate_zeroed,4096,16,1,basic,yes,7,8192,168.925
2,jemalloc,reallocate_zeroed,4096,16,1,basic,yes,7,8192,562.221
2,mimalloc,batch,4096,16,1,basic,yes,7,8192,74.9298
2,jemalloc,batch,4096,16,1,basic,yes,7,8192,237.234
2,mimalloc,mixed_lifetime,4096,16,1,basic,yes,7,8192,41.3656
2,jemalloc,mixed_lifetime,4096,16,1,basic,yes,7,8192,252.316
2,mimalloc,owned_block,4096,16,1,basic,yes,7,8192,161.758
2,jemalloc,owned_block,4096,16,1,basic,yes,7,8192,558.784
2,mimalloc,typed_raw,4096,1,1,basic,yes,7,8192,56.9934
2,jemalloc,typed_raw,4096,1,1,basic,yes,7,8192,225.563
2,mimalloc,array,4096,1,1,basic,yes,7,8192,85.0271
2,jemalloc,array,4096,1,1,basic,yes,7,8192,250.591
2,standard,raw,4096,64,1,disabled,no,7,8192,63.1583
2,mimalloc,raw,4096,64,1,disabled,no,7,8192,31.7377
2,jemalloc,raw,4096,64,1,disabled,no,7,8192,26.9175
2,standard,zeroed,4096,64,1,disabled,no,7,8192,86.6635
2,mimalloc,zeroed,4096,64,1,disabled,no,7,8192,81.526
2,jemalloc,zeroed,4096,64,1,disabled,no,7,8192,63.6656
2,standard,reallocate,4096,64,1,disabled,no,7,8192,157.166
2,mimalloc,reallocate,4096,64,1,disabled,no,7,8192,105.501
2,jemalloc,reallocate,4096,64,1,disabled,no,7,8192,114.532
2,standard,reallocate_zeroed,4096,64,1,disabled,no,7,8192,187.42
2,mimalloc,reallocate_zeroed,4096,64,1,disabled,no,7,8192,138.456
2,jemalloc,reallocate_zeroed,4096,64,1,disabled,no,7,8192,141.513
2,standard,batch,4096,64,1,disabled,no,7,8192,659.984
2,mimalloc,batch,4096,64,1,disabled,no,7,8192,56.8665
2,jemalloc,batch,4096,64,1,disabled,no,7,8192,196.642
2,standard,mixed_lifetime,4096,64,1,disabled,no,7,8192,188.473
2,mimalloc,mixed_lifetime,4096,64,1,disabled,no,7,8192,35.6699
2,jemalloc,mixed_lifetime,4096,64,1,disabled,no,7,8192,98.0292
2,standard,owned_block,4096,64,1,disabled,no,7,8192,163.864
2,mimalloc,owned_block,4096,64,1,disabled,no,7,8192,129.627
2,jemalloc,owned_block,4096,64,1,disabled,no,7,8192,119.555
2,mimalloc,raw,4096,64,1,disabled,yes,7,8192,31.8899
2,jemalloc,raw,4096,64,1,disabled,yes,7,8192,217.432
2,mimalloc,zeroed,4096,64,1,disabled,yes,7,8192,59.8602
2,jemalloc,zeroed,4096,64,1,disabled,yes,7,8192,243.107
2,mimalloc,reallocate,4096,64,1,disabled,yes,7,8192,99.0946
2,jemalloc,reallocate,4096,64,1,disabled,yes,7,8192,505.938
2,mimalloc,reallocate_zeroed,4096,64,1,disabled,yes,7,8192,128.638
2,jemalloc,reallocate_zeroed,4096,64,1,disabled,yes,7,8192,536.002
2,mimalloc,batch,4096,64,1,disabled,yes,7,8192,55.8644
2,jemalloc,batch,4096,64,1,disabled,yes,7,8192,213.716
2,mimalloc,mixed_lifetime,4096,64,1,disabled,yes,7,8192,34.8962
2,jemalloc,mixed_lifetime,4096,64,1,disabled,yes,7,8192,246.138
2,mimalloc,owned_block,4096,64,1,disabled,yes,7,8192,102.088
2,jemalloc,owned_block,4096,64,1,disabled,yes,7,8192,515.148
2,mimalloc,raw,4096,64,1,basic,yes,7,8192,60.2407
2,jemalloc,raw,4096,64,1,basic,yes,7,8192,229.394
2,mimalloc,zeroed,4096,64,1,basic,yes,7,8192,92.0925
2,jemalloc,zeroed,4096,64,1,basic,yes,7,8192,260.231
2,mimalloc,reallocate,4096,64,1,basic,yes,7,8192,145.94
2,jemalloc,reallocate,4096,64,1,basic,yes,7,8192,539.427
2,mimalloc,reallocate_zeroed,4096,64,1,basic,yes,7,8192,171.094
2,jemalloc,reallocate_zeroed,4096,64,1,basic,yes,7,8192,564.834
2,mimalloc,batch,4096,64,1,basic,yes,7,8192,76.5662
2,jemalloc,batch,4096,64,1,basic,yes,7,8192,237.424
2,mimalloc,mixed_lifetime,4096,64,1,basic,yes,7,8192,41.3656
2,jemalloc,mixed_lifetime,4096,64,1,basic,yes,7,8192,262.895
2,mimalloc,owned_block,4096,64,1,basic,yes,7,8192,144.634
2,jemalloc,owned_block,4096,64,1,basic,yes,7,8192,544.78
2,standard,raw,4096,256,1,disabled,no,7,8192,63.1075
2,mimalloc,raw,4096,256,1,disabled,no,7,8192,31.7631
2,jemalloc,raw,4096,256,1,disabled,no,7,8192,26.9429
2,standard,zeroed,4096,256,1,disabled,no,7,8192,85.1285
2,mimalloc,zeroed,4096,256,1,disabled,no,7,8192,80.486
2,jemalloc,zeroed,4096,256,1,disabled,no,7,8192,62.1688
2,standard,reallocate,4096,256,1,disabled,no,7,8192,156.887
2,mimalloc,reallocate,4096,256,1,disabled,no,7,8192,106.3
2,jemalloc,reallocate,4096,256,1,disabled,no,7,8192,114.139
2,standard,reallocate_zeroed,4096,256,1,disabled,no,7,8192,188.219
2,mimalloc,reallocate_zeroed,4096,256,1,disabled,no,7,8192,138.798
2,jemalloc,reallocate_zeroed,4096,256,1,disabled,no,7,8192,139.243
2,standard,batch,4096,256,1,disabled,no,7,8192,704.762
2,mimalloc,batch,4096,256,1,disabled,no,7,8192,56.9172
2,jemalloc,batch,4096,256,1,disabled,no,7,8192,202.198
2,standard,mixed_lifetime,4096,256,1,disabled,no,7,8192,159.957
2,mimalloc,mixed_lifetime,4096,256,1,disabled,no,7,8192,35.9618
2,jemalloc,mixed_lifetime,4096,256,1,disabled,no,7,8192,98.1179
2,standard,owned_block,4096,256,1,disabled,no,7,8192,163.357
2,mimalloc,owned_block,4096,256,1,disabled,no,7,8192,128.892
2,jemalloc,owned_block,4096,256,1,disabled,no,7,8192,119.911
2,mimalloc,raw,4096,256,1,disabled,yes,7,8192,31.7123
2,jemalloc,raw,4096,256,1,disabled,yes,7,8192,215.91
2,mimalloc,zeroed,4096,256,1,disabled,yes,7,8192,60.7734
2,jemalloc,zeroed,4096,256,1,disabled,yes,7,8192,243.094
2,mimalloc,reallocate,4096,256,1,disabled,yes,7,8192,99.4244
2,jemalloc,reallocate,4096,256,1,disabled,yes,7,8192,503.959
2,mimalloc,reallocate_zeroed,4096,256,1,disabled,yes,7,8192,129.133
2,jemalloc,reallocate_zeroed,4096,256,1,disabled,yes,7,8192,534.302
2,mimalloc,batch,4096,256,1,disabled,yes,7,8192,57.1964
2,jemalloc,batch,4096,256,1,disabled,yes,7,8192,215.479
2,mimalloc,mixed_lifetime,4096,256,1,disabled,yes,7,8192,35.2007
2,jemalloc,mixed_lifetime,4096,256,1,disabled,yes,7,8192,250.198
2,mimalloc,owned_block,4096,256,1,disabled,yes,7,8192,103.04
2,jemalloc,owned_block,4096,256,1,disabled,yes,7,8192,515.566
2,mimalloc,raw,4096,256,1,basic,yes,7,8192,61.4712
2,jemalloc,raw,4096,256,1,basic,yes,7,8192,229.711
2,mimalloc,zeroed,4096,256,1,basic,yes,7,8192,91.5851
2,jemalloc,zeroed,4096,256,1,basic,yes,7,8192,261.462
2,mimalloc,reallocate,4096,256,1,basic,yes,7,8192,141.056
2,jemalloc,reallocate,4096,256,1,basic,yes,7,8192,534.594
2,mimalloc,reallocate_zeroed,4096,256,1,basic,yes,7,8192,168.735
2,jemalloc,reallocate_zeroed,4096,256,1,basic,yes,7,8192,560.851
2,mimalloc,batch,4096,256,1,basic,yes,7,8192,75.1709
2,jemalloc,batch,4096,256,1,basic,yes,7,8192,235.762
2,mimalloc,mixed_lifetime,4096,256,1,basic,yes,7,8192,42.0505
2,jemalloc,mixed_lifetime,4096,256,1,basic,yes,7,8192,256.921
2,mimalloc,owned_block,4096,256,1,basic,yes,7,8192,145.141
2,jemalloc,owned_block,4096,256,1,basic,yes,7,8192,545.591
2,standard,raw,65536,16,1,disabled,no,7,8192,35.3275
2,mimalloc,raw,65536,16,1,disabled,no,7,8192,34.6045
2,jemalloc,raw,65536,16,1,disabled,no,7,8192,431.808
2,standard,zeroed,65536,16,1,disabled,no,7,8192,1554.42
2,mimalloc,zeroed,65536,16,1,disabled,no,7,8192,1896.16
2,jemalloc,zeroed,65536,16,1,disabled,no,7,8192,1944.89
2,standard,reallocate,65536,16,1,disabled,no,7,8192,11683.5
2,mimalloc,reallocate,65536,16,1,disabled,no,7,8192,2294.09
2,jemalloc,reallocate,65536,16,1,disabled,no,7,8192,774.341
2,standard,reallocate_zeroed,65536,16,1,disabled,no,7,8192,39322.3
2,mimalloc,reallocate_zeroed,65536,16,1,disabled,no,7,8192,3524.37
2,jemalloc,reallocate_zeroed,65536,16,1,disabled,no,7,8192,2219.93
2,standard,batch,65536,16,1,disabled,no,7,8192,1703.01
2,mimalloc,batch,65536,16,1,disabled,no,7,8192,120.764
2,jemalloc,batch,65536,16,1,disabled,no,7,8192,423.164
2,standard,mixed_lifetime,65536,16,1,disabled,no,7,8192,188.393
2,mimalloc,mixed_lifetime,65536,16,1,disabled,no,7,8192,54.0476
2,jemalloc,mixed_lifetime,65536,16,1,disabled,no,7,8192,293.764
2,standard,owned_block,65536,16,1,disabled,no,7,8192,2004.67
2,mimalloc,owned_block,65536,16,1,disabled,no,7,8192,2228.44
2,jemalloc,owned_block,65536,16,1,disabled,no,7,8192,784.756
2,standard,typed_raw,65536,1,1,disabled,no,7,8192,32.5846
2,mimalloc,typed_raw,65536,1,1,disabled,no,7,8192,29.3579
2,jemalloc,typed_raw,65536,1,1,disabled,no,7,8192,444.733
2,standard,array,65536,1,1,disabled,no,7,8192,1588.21
2,mimalloc,array,65536,1,1,disabled,no,7,8192,1586.66
2,jemalloc,array,65536,1,1,disabled,no,7,8192,1972.51
2,mimalloc,raw,65536,16,1,disabled,yes,7,8192,34.3434
2,jemalloc,raw,65536,16,1,disabled,yes,7,8192,442.855
2,mimalloc,zeroed,65536,16,1,disabled,yes,7,8192,1970.44
2,jemalloc,zeroed,65536,16,1,disabled,yes,7,8192,1975.47
2,mimalloc,reallocate,65536,16,1,disabled,yes,7,8192,2360.02
2,jemalloc,reallocate,65536,16,1,disabled,yes,7,8192,790.548
2,mimalloc,reallocate_zeroed,65536,16,1,disabled,yes,7,8192,3810.51
2,jemalloc,reallocate_zeroed,65536,16,1,disabled,yes,7,8192,2314.36
2,mimalloc,batch,65536,16,1,disabled,yes,7,8192,120.658
2,jemalloc,batch,65536,16,1,disabled,yes,7,8192,465.852
2,mimalloc,mixed_lifetime,65536,16,1,disabled,yes,7,8192,50.5564
2,jemalloc,mixed_lifetime,65536,16,1,disabled,yes,7,8192,503.515
2,mimalloc,owned_block,65536,16,1,disabled,yes,7,8192,2388.33
2,jemalloc,owned_block,65536,16,1,disabled,yes,7,8192,794.899
2,mimalloc,typed_raw,65536,1,1,disabled,yes,7,8192,29.2786
2,jemalloc,typed_raw,65536,1,1,disabled,yes,7,8192,450.882
2,mimalloc,array,65536,1,1,disabled,yes,7,8192,1593.08
2,jemalloc,array,65536,1,1,disabled,yes,7,8192,1983.6
2,mimalloc,raw,65536,16,1,basic,yes,7,8192,63.6089
2,jemalloc,raw,65536,16,1,basic,yes,7,8192,458.883
2,mimalloc,zeroed,65536,16,1,basic,yes,7,8192,2019.88
2,jemalloc,zeroed,65536,16,1,basic,yes,7,8192,2012.14
2,mimalloc,reallocate,65536,16,1,basic,yes,7,8192,2418.59
2,jemalloc,reallocate,65536,16,1,basic,yes,7,8192,814.96
2,mimalloc,reallocate_zeroed,65536,16,1,basic,yes,7,8192,3826.76
2,jemalloc,reallocate_zeroed,65536,16,1,basic,yes,7,8192,2347.8
2,mimalloc,batch,65536,16,1,basic,yes,7,8192,139.688
2,jemalloc,batch,65536,16,1,basic,yes,7,8192,472.636
2,mimalloc,mixed_lifetime,65536,16,1,basic,yes,7,8192,59.1919
2,jemalloc,mixed_lifetime,65536,16,1,basic,yes,7,8192,503.105
2,mimalloc,owned_block,65536,16,1,basic,yes,7,8192,2417.61
2,jemalloc,owned_block,65536,16,1,basic,yes,7,8192,817.234
2,mimalloc,typed_raw,65536,1,1,basic,yes,7,8192,58.9142
2,jemalloc,typed_raw,65536,1,1,basic,yes,7,8192,464.265
2,mimalloc,array,65536,1,1,basic,yes,7,8192,1620.17
2,jemalloc,array,65536,1,1,basic,yes,7,8192,1994.35
2,standard,raw,65536,64,1,disabled,no,7,8192,53.9154
2,mimalloc,raw,65536,64,1,disabled,no,7,8192,34.965
2,jemalloc,raw,65536,64,1,disabled,no,7,8192,423.944
2,standard,zeroed,65536,64,1,disabled,no,7,8192,1579.1
2,mimalloc,zeroed,65536,64,1,disabled,no,7,8192,1922.74
2,jemalloc,zeroed,65536,64,1,disabled,no,7,8192,1965.71
2,standard,reallocate,65536,64,1,disabled,no,7,8192,1832.63
2,mimalloc,reallocate,65536,64,1,disabled,no,7,8192,2169.5
2,jemalloc,reallocate,65536,64,1,disabled,no,7,8192,699.84
2,standard,reallocate_zeroed,65536,64,1,disabled,no,7,8192,3333.47
2,mimalloc,reallocate_zeroed,65536,64,1,disabled,no,7,8192,3511.75
2,jemalloc,reallocate_zeroed,65536,64,1,disabled,no,7,8192,2127.24
2,standard,batch,65536,64,1,disabled,no,7,8192,1640.24
2,mimalloc,batch,65536,64,1,disabled,no,7,8192,109.314
2,jemalloc,batch,65536,64,1,disabled,no,7,8192,388.268
2,standard,mixed_lifetime,65536,64,1,disabled,no,7,8192,227.783
2,mimalloc,mixed_lifetime,65536,64,1,disabled,no,7,8192,46.7284
2,jemalloc,mixed_lifetime,65536,64,1,disabled,no,7,8192,277.026
2,standard,owned_block,65536,64,1,disabled,no,7,8192,1830.9
2,mimalloc,owned_block,65536,64,1,disabled,no,7,8192,1992.32
2,jemalloc,owned_block,65536,64,1,disabled,no,7,8192,731.163
2,mimalloc,raw,65536,64,1,disabled,yes,7,8192,32.1289
2,jemalloc,raw,65536,64,1,disabled,yes,7,8192,409.826
2,mimalloc,zeroed,65536,64,1,disabled,yes,7,8192,1821.53
2,jemalloc,zeroed,65536,64,1,disabled,yes,7,8192,1828.79
2,mimalloc,reallocate,65536,64,1,disabled,yes,7,8192,2172.02
2,jemalloc,reallocate,65536,64,1,disabled,yes,7,8192,730.394
2,mimalloc,reallocate_zeroed,65536,64,1,disabled,yes,7,8192,3492.84
2,jemalloc,reallocate_zeroed,65536,64,1,disabled,yes,7,8192,2121.46
2,mimalloc,batch,65536,64,1,disabled,yes,7,8192,111.499
2,jemalloc,batch,65536,64,1,disabled,yes,7,8192,422.558
2,mimalloc,mixed_lifetime,65536,64,1,disabled,yes,7,8192,48.8525
2,jemalloc,mixed_lifetime,65536,64,1,disabled,yes,7,8192,455.126
2,mimalloc,owned_block,65536,64,1,disabled,yes,7,8192,2202.27
2,jemalloc,owned_block,65536,64,1,disabled,yes,7,8192,733.946
2,mimalloc,raw,65536,64,1,basic,yes,7,8192,59.3871
2,jemalloc,raw,65536,64,1,basic,yes,7,8192,422.936
2,mimalloc,zeroed,65536,64,1,basic,yes,7,8192,1858.7
2,jemalloc,zeroed,65536,64,1,basic,yes,7,8192,1845.04
2,mimalloc,reallocate,65536,64,1,basic,yes,7,8192,2214.89
2,jemalloc,reallocate,65536,64,1,basic,yes,7,8192,753.502
2,mimalloc,reallocate_zeroed,65536,64,1,basic,yes,7,8192,3655.39
2,jemalloc,reallocate_zeroed,65536,64,1,basic,yes,7,8192,2261.48
2,mimalloc,batch,65536,64,1,basic,yes,7,8192,148.482
2,jemalloc,batch,65536,64,1,basic,yes,7,8192,529.368
2,mimalloc,mixed_lifetime,65536,64,1,basic,yes,7,8192,60.6863
2,jemalloc,mixed_lifetime,65536,64,1,basic,yes,7,8192,477.846
2,mimalloc,owned_block,65536,64,1,basic,yes,7,8192,2398.82
2,jemalloc,owned_block,65536,64,1,basic,yes,7,8192,824.984
2,standard,raw,65536,256,1,disabled,no,7,8192,54.6692
2,mimalloc,raw,65536,256,1,disabled,no,7,8192,35.8643
2,jemalloc,raw,65536,256,1,disabled,no,7,8192,426.047
2,standard,zeroed,65536,256,1,disabled,no,7,8192,1592.46
2,mimalloc,zeroed,65536,256,1,disabled,no,7,8192,1973.84
2,jemalloc,zeroed,65536,256,1,disabled,no,7,8192,1974.94
2,standard,reallocate,65536,256,1,disabled,no,7,8192,1925.42
2,mimalloc,reallocate,65536,256,1,disabled,no,7,8192,2209.82
2,jemalloc,reallocate,65536,256,1,disabled,no,7,8192,762.42
2,standard,reallocate_zeroed,65536,256,1,disabled,no,7,8192,3513.27
2,mimalloc,reallocate_zeroed,65536,256,1,disabled,no,7,8192,3760.66
2,jemalloc,reallocate_zeroed,65536,256,1,disabled,no,7,8192,2278.2
2,standard,batch,65536,256,1,disabled,no,7,8192,1873.5
2,mimalloc,batch,65536,256,1,disabled,no,7,8192,119.693
2,jemalloc,batch,65536,256,1,disabled,no,7,8192,440.065
2,standard,mixed_lifetime,65536,256,1,disabled,no,7,8192,257.437
2,mimalloc,mixed_lifetime,65536,256,1,disabled,no,7,8192,52.8839
2,jemalloc,mixed_lifetime,65536,256,1,disabled,no,7,8192,318.679
2,standard,owned_block,65536,256,1,disabled,no,7,8192,1949.01
2,mimalloc,owned_block,65536,256,1,disabled,no,7,8192,3014.36
2,jemalloc,owned_block,65536,256,1,disabled,no,7,8192,774.136
2,mimalloc,raw,65536,256,1,disabled,yes,7,8192,35.8511
2,jemalloc,raw,65536,256,1,disabled,yes,7,8192,438.147
2,mimalloc,zeroed,65536,256,1,disabled,yes,7,8192,1983.4
2,jemalloc,zeroed,65536,256,1,disabled,yes,7,8192,1979.52
2,mimalloc,reallocate,65536,256,1,disabled,yes,7,8192,2419.83
2,jemalloc,reallocate,65536,256,1,disabled,yes,7,8192,825.843
2,mimalloc,reallocate_zeroed,65536,256,1,disabled,yes,7,8192,3799.09
2,jemalloc,reallocate_zeroed,65536,256,1,disabled,yes,7,8192,2331.39
2,mimalloc,batch,65536,256,1,disabled,yes,7,8192,120.791
2,jemalloc,batch,65536,256,1,disabled,yes,7,8192,467.002
2,mimalloc,mixed_lifetime,65536,256,1,disabled,yes,7,8192,48.0225
2,jemalloc,mixed_lifetime,65536,256,1,disabled,yes,7,8192,433.411
2,mimalloc,owned_block,65536,256,1,disabled,yes,7,8192,2193.47
2,jemalloc,owned_block,65536,256,1,disabled,yes,7,8192,735.437
2,mimalloc,raw,65536,256,1,basic,yes,7,8192,58.667
2,jemalloc,raw,65536,256,1,basic,yes,7,8192,420.312
2,mimalloc,zeroed,65536,256,1,basic,yes,7,8192,1852.32
2,jemalloc,zeroed,65536,256,1,basic,yes,7,8192,1840.53
2,mimalloc,reallocate,65536,256,1,basic,yes,7,8192,2217.36
2,jemalloc,reallocate,65536,256,1,basic,yes,7,8192,741.26
2,mimalloc,reallocate_zeroed,65536,256,1,basic,yes,7,8192,3718.6
2,jemalloc,reallocate_zeroed,65536,256,1,basic,yes,7,8192,2153.76
2,mimalloc,batch,65536,256,1,basic,yes,7,8192,130.493
2,jemalloc,batch,65536,256,1,basic,yes,7,8192,441.296
2,mimalloc,mixed_lifetime,65536,256,1,basic,yes,7,8192,54.3335
2,jemalloc,mixed_lifetime,65536,256,1,basic,yes,7,8192,447.888
2,mimalloc,owned_block,65536,256,1,basic,yes,7,8192,2225.07
2,jemalloc,owned_block,65536,256,1,basic,yes,7,8192,757.605
2,standard,cross_thread,64,16,2,disabled,no,7,8192,119.519
2,mimalloc,cross_thread,64,16,2,disabled,no,7,8192,45.52
2,jemalloc,cross_thread,64,16,2,disabled,no,7,8192,48.4619
2,mimalloc,cross_thread,64,16,2,disabled,yes,7,8192,45.6787
2,jemalloc,cross_thread,64,16,2,disabled,yes,7,8192,241.626
2,standard,cross_thread,64,16,4,disabled,no,7,8192,124.817
2,mimalloc,cross_thread,64,16,4,disabled,no,7,8192,36.8286
2,jemalloc,cross_thread,64,16,4,disabled,no,7,8192,71.814
2,mimalloc,cross_thread,64,16,4,disabled,yes,7,8192,37.7441
2,jemalloc,cross_thread,64,16,4,disabled,yes,7,8192,479.297
2,standard,cross_thread,64,16,8,disabled,no,7,8192,133.203
2,mimalloc,cross_thread,64,16,8,disabled,no,7,8192,39.209
2,jemalloc,cross_thread,64,16,8,disabled,no,7,8192,145.557
2,mimalloc,cross_thread,64,16,8,disabled,yes,7,8192,42.395
2,jemalloc,cross_thread,64,16,8,disabled,yes,7,8192,611.951
2,mimalloc,detailed_statistics,0,0,1,disabled,no,7,512,1715.43
2,jemalloc,detailed_statistics,0,0,1,disabled,no,7,512,69429.5
2,mimalloc,detailed_statistics,0,0,1,disabled,yes,7,512,2.34375
2,jemalloc,detailed_statistics,0,0,1,disabled,yes,7,512,78588.5
2,fixed_buffer,stack_mark_rewind,64,16,1,disabled,no,7,8192,4.05273
2,fixed_buffer,stack_mark_rewind,64,64,1,disabled,no,7,8192,4.06494
2,fixed_buffer,stack_mark_rewind,64,256,1,disabled,no,7,8192,4.11377
2,fixed_buffer,stack_mark_rewind,256,16,1,disabled,no,7,8192,4.12598
2,fixed_buffer,stack_mark_rewind,256,64,1,disabled,no,7,8192,4.12598
2,fixed_buffer,stack_mark_rewind,256,256,1,disabled,no,7,8192,4.12598
2,fixed_buffer,stack_mark_rewind,4096,16,1,disabled,no,7,8192,4.12598
2,fixed_buffer,stack_mark_rewind,4096,64,1,disabled,no,7,8192,4.18701
2,fixed_buffer,stack_mark_rewind,4096,256,1,disabled,no,7,8192,4.1748
2,fixed_buffer,stack_mark_rewind,65536,16,1,disabled,no,7,8192,4.13818
2,fixed_buffer,stack_mark_rewind,65536,64,1,disabled,no,7,8192,4.12598
2,fixed_buffer,stack_mark_rewind,65536,256,1,disabled,no,7,8192,4.13818
3,standard,raw,64,16,1,disabled,no,7,8192,20.3857
3,mimalloc,raw,64,16,1,disabled,no,7,8192,11.853
3,jemalloc,raw,64,16,1,disabled,no,7,8192,24.5239
3,standard,zeroed,64,16,1,disabled,no,7,8192,25.8057
3,mimalloc,zeroed,64,16,1,disabled,no,7,8192,13.4155
3,jemalloc,zeroed,64,16,1,disabled,no,7,8192,27.8809
3,standard,reallocate,64,16,1,disabled,no,7,8192,46.8628
3,mimalloc,reallocate,64,16,1,disabled,no,7,8192,24.6704
3,jemalloc,reallocate,64,16,1,disabled,no,7,8192,57.3364
3,standard,reallocate_zeroed,64,16,1,disabled,no,7,8192,54.5898
3,mimalloc,reallocate_zeroed,64,16,1,disabled,no,7,8192,31.5308
3,jemalloc,reallocate_zeroed,64,16,1,disabled,no,7,8192,69.2139
3,standard,batch,64,16,1,disabled,no,7,8192,26.2573
3,mimalloc,batch,64,16,1,disabled,no,7,8192,11.4136
3,jemalloc,batch,64,16,1,disabled,no,7,8192,23.938
3,standard,mixed_lifetime,64,16,1,disabled,no,7,8192,23.8159
3,mimalloc,mixed_lifetime,64,16,1,disabled,no,7,8192,15.5884
3,jemalloc,mixed_lifetime,64,16,1,disabled,no,7,8192,21.5942
3,standard,owned_block,64,16,1,disabled,no,7,8192,49.7925
3,mimalloc,owned_block,64,16,1,disabled,no,7,8192,28.5278
3,jemalloc,owned_block,64,16,1,disabled,no,7,8192,59.7412
3,standard,typed_raw,64,1,1,disabled,no,7,8192,18.0908
3,mimalloc,typed_raw,64,1,1,disabled,no,7,8192,10.6567
3,jemalloc,typed_raw,64,1,1,disabled,no,7,8192,21.2646
3,standard,create_destroy,64,1,1,disabled,no,7,8192,19.7144
3,mimalloc,create_destroy,64,1,1,disabled,no,7,8192,10.376
3,jemalloc,create_destroy,64,1,1,disabled,no,7,8192,21.8628
3,standard,object,64,1,1,disabled,no,7,8192,19.8608
3,mimalloc,object,64,1,1,disabled,no,7,8192,10.6934
3,jemalloc,object,64,1,1,disabled,no,7,8192,21.3013
3,standard,shared_object,64,1,1,disabled,no,7,8192,20.8008
3,mimalloc,shared_object,64,1,1,disabled,no,7,8192,13.2568
3,jemalloc,shared_object,64,1,1,disabled,no,7,8192,27.3071
3,standard,array,64,1,1,disabled,no,7,8192,20.7886
3,mimalloc,array,64,1,1,disabled,no,7,8192,13.4644
3,jemalloc,array,64,1,1,disabled,no,7,8192,23.9746
3,standard,std_vector,256,8,1,disabled,no,7,8192,152.759
3,mimalloc,std_vector,256,8,1,disabled,no,7,8192,111.475
3,jemalloc,std_vector,256,8,1,disabled,no,7,8192,190.381
3,standard,pmr_vector,256,8,1,disabled,no,7,8192,171.838
3,mimalloc,pmr_vector,256,8,1,disabled,no,7,8192,132.056
3,jemalloc,pmr_vector,256,8,1,disabled,no,7,8192,206.958
3,mimalloc,raw,64,16,1,disabled,yes,7,8192,11.4502
3,jemalloc,raw,64,16,1,disabled,yes,7,8192,238
3,mimalloc,zeroed,64,16,1,disabled,yes,7,8192,13.6354
3,jemalloc,zeroed,64,16,1,disabled,yes,7,8192,207.471
3,mimalloc,reallocate,64,16,1,disabled,yes,7,8192,24.646
3,jemalloc,reallocate,64,16,1,disabled,yes,7,8192,508.728
3,mimalloc,reallocate_zeroed,64,16,1,disabled,yes,7,8192,30.0659
3,jemalloc,reallocate_zeroed,64,16,1,disabled,yes,7,8192,520.361
3,mimalloc,batch,64,16,1,disabled,yes,7,8192,12.0728
3,jemalloc,batch,64,16,1,disabled,yes,7,8192,65.8325
3,mimalloc,mixed_lifetime,64,16,1,disabled,yes,7,8192,13.8916
3,jemalloc,mixed_lifetime,64,16,1,disabled,yes,7,8192,37.1216
3,mimalloc,owned_block,64,16,1,disabled,yes,7,8192,28.7964
3,jemalloc,owned_block,64,16,1,disabled,yes,7,8192,458.813
3,mimalloc,typed_raw,64,1,1,disabled,yes,7,8192,10.376
3,jemalloc,typed_raw,64,1,1,disabled,yes,7,8192,250.146
3,mimalloc,create_destroy,64,1,1,disabled,yes,7,8192,9.60693
3,jemalloc,create_destroy,64,1,1,disabled,yes,7,8192,198.438
3,mimalloc,object,64,1,1,disabled,yes,7,8192,10.5591
3,jemalloc,object,64,1,1,disabled,yes,7,8192,243.823
3,mimalloc,shared_object,64,1,1,disabled,yes,7,8192,13.269
3,jemalloc,shared_object,64,1,1,disabled,yes,7,8192,242.651
3,mimalloc,array,64,1,1,disabled,yes,7,8192,12.9761
3,jemalloc,array,64,1,1,disabled,yes,7,8192,210.779
3,mimalloc,std_vector,256,8,1,disabled,yes,7,8192,116.479
3,jemalloc,std_vector,256,8,1,disabled,yes,7,8192,1425.38
3,mimalloc,pmr_vector,256,8,1,disabled,yes,7,8192,129.736
3,jemalloc,pmr_vector,256,8,1,disabled,yes,7,8192,1373.34
3,mimalloc,raw,64,16,1,basic,yes,7,8192,37.085
3,jemalloc,raw,64,16,1,basic,yes,7,8192,249.023
3,mimalloc,zeroed,64,16,1,basic,yes,7,8192,36.1206
3,jemalloc,zeroed,64,16,1,basic,yes,7,8192,247.534
3,mimalloc,reallocate,64,16,1,basic,yes,7,8192,65.7715
3,jemalloc,reallocate,64,16,1,basic,yes,7,8192,482.91
3,mimalloc,reallocate_zeroed,64,16,1,basic,yes,7,8192,61.1938
3,jemalloc,reallocate_zeroed,64,16,1,basic,yes,7,8192,455.005
3,mimalloc,batch,64,16,1,basic,yes,7,8192,26.9165
3,jemalloc,batch,64,16,1,basic,yes,7,8192,77.478
3,mimalloc,mixed_lifetime,64,16,1,basic,yes,7,8192,24.3286
3,jemalloc,mixed_lifetime,64,16,1,basic,yes,7,8192,54.7729
3,mimalloc,owned_block,64,16,1,basic,yes,7,8192,69.0552
3,jemalloc,owned_block,64,16,1,basic,yes,7,8192,489.673
3,mimalloc,typed_raw,64,1,1,basic,yes,7,8192,32.4341
3,jemalloc,typed_raw,64,1,1,basic,yes,7,8192,242.407
3,mimalloc,create_destroy,64,1,1,basic,yes,7,8192,32.9346
3,jemalloc,create_destroy,64,1,1,basic,yes,7,8192,210.169
3,mimalloc,object,64,1,1,basic,yes,7,8192,35.2539
3,jemalloc,object,64,1,1,basic,yes,7,8192,243.701
3,mimalloc,shared_object,64,1,1,basic,yes,7,8192,35.8276
3,jemalloc,shared_object,64,1,1,basic,yes,7,8192,231.86
3,mimalloc,array,64,1,1,basic,yes,7,8192,35.5103
3,jemalloc,array,64,1,1,basic,yes,7,8192,235.156
3,mimalloc,std_vector,256,8,1,basic,yes,7,8192,249.5
3,jemalloc,std_vector,256,8,1,basic,yes,7,8192,1376.78
3,mimalloc,pmr_vector,256,8,1,basic,yes,7,8192,257.971
3,jemalloc,pmr_vector,256,8,1,basic,yes,7,8192,1487.3
3,standard,raw,64,64,1,disabled,no,7,8192,20.0562
3,mimalloc,raw,64,64,1,disabled,no,7,8192,11.8652
3,jemalloc,raw,64,64,1,disabled,no,7,8192,22.3268
3,standard,zeroed,64,64,1,disabled,no,7,8192,25.0488
3,mimalloc,zeroed,64,64,1,disabled,no,7,8192,13.2446
3,jemalloc,zeroed,64,64,1,disabled,no,7,8192,26.9409
3,standard,reallocate,64,64,1,disabled,no,7,8192,105.981
3,mimalloc,reallocate,64,64,1,disabled,no,7,8192,29.5776
3,jemalloc,reallocate,64,64,1,disabled,no,7,8192,67.1021
3,standard,reallocate_zeroed,64,64,1,disabled,no,7,8192,93.2129
3,mimalloc,reallocate_zeroed,64,64,1,disabled,no,7,8192,28.5522
3,jemalloc,reallocate_zeroed,64,64,1,disabled,no,7,8192,58.2397
3,standard,batch,64,64,1,disabled,no,7,8192,87.7197
3,mimalloc,batch,64,64,1,disabled,no,7,8192,12.7197
3,jemalloc,batch,64,64,1,disabled,no,7,8192,24.7314
3,standard,mixed_lifetime,64,64,1,disabled,no,7,8192,46.1426
3,mimalloc,mixed_lifetime,64,64,1,disabled,no,7,8192,14.856
3,jemalloc,mixed_lifetime,64,64,1,disabled,no,7,8192,19.8486
3,standard,owned_block,64,64,1,disabled,no,7,8192,76.5503
3,mimalloc,owned_block,64,64,1,disabled,no,7,8192,32.0435
3,jemalloc,owned_block,64,64,1,disabled,no,7,8192,63.1714
3,mimalloc,raw,64,64,1,disabled,yes,7,8192,12.8052
3,jemalloc,raw,64,64,1,disabled,yes,7,8192,202.881
3,mimalloc,zeroed,64,64,1,disabled,yes,7,8192,14.6606
3,jemalloc,zeroed,64,64,1,disabled,yes,7,8192,252.808
3,mimalloc,reallocate,64,64,1,disabled,yes,7,8192,24.9756
3,jemalloc,reallocate,64,64,1,disabled,yes,7,8192,441.87
3,mimalloc,reallocate_zeroed,64,64,1,disabled,yes,7,8192,30.188
3,jemalloc,reallocate_zeroed,64,64,1,disabled,yes,7,8192,510.669
3,mimalloc,batch,64,64,1,disabled,yes,7,8192,10.9863
3,jemalloc,batch,64,64,1,disabled,yes,7,8192,56.3721
3,mimalloc,mixed_lifetime,64,64,1,disabled,yes,7,8192,18.2251
3,jemalloc,mixed_lifetime,64,64,1,disabled,yes,7,8192,51.4282
3,mimalloc,owned_block,64,64,1,disabled,yes,7,8192,28.479
3,jemalloc,owned_block,64,64,1,disabled,yes,7,8192,534.485
3,mimalloc,raw,64,64,1,basic,yes,7,8192,34.4971
3,jemalloc,raw,64,64,1,basic,yes,7,8192,223.474
3,mimalloc,zeroed,64,64,1,basic,yes,7,8192,35.791
3,jemalloc,zeroed,64,64,1,basic,yes,7,8192,223.242
3,mimalloc,reallocate,64,64,1,basic,yes,7,8192,64.5508
3,jemalloc,reallocate,64,64,1,basic,yes,7,8192,533.399
3,mimalloc,reallocate_zeroed,64,64,1,basic,yes,7,8192,61.5967
3,jemalloc,reallocate_zeroed,64,64,1,basic,yes,7,8192,506.628
3,mimalloc,batch,64,64,1,basic,yes,7,8192,33.728
3,jemalloc,batch,64,64,1,basic,yes,7,8192,84.0698
3,mimalloc,mixed_lifetime,64,64,1,basic,yes,7,8192,23.4741
3,jemalloc,mixed_lifetime,64,64,1,basic,yes,7,8192,52.71
3,mimalloc,owned_block,64,64,1,basic,yes,7,8192,64.7339
3,jemalloc,owned_block,64,64,1,basic,yes,7,8192,489.771
3,standard,raw,64,256,1,disabled,no,7,8192,20.6177
3,mimalloc,raw,64,256,1,disabled,no,7,8192,18.0664
3,jemalloc,raw,64,256,1,disabled,no,7,8192,21.4355
3,standard,zeroed,64,256,1,disabled,no,7,8192,24.9634
3,mimalloc,zeroed,64,256,1,disabled,no,7,8192,22.4854
3,jemalloc,zeroed,64,256,1,disabled,no,7,8192,25.293
3,standard,reallocate,64,256,1,disabled,no,7,8192,105.786
3,mimalloc,reallocate,64,256,1,disabled,no,7,8192,34.3018
3,jemalloc,reallocate,64,256,1,disabled,no,7,8192,56.9458
3,standard,reallocate_zeroed,64,256,1,disabled,no,7,8192,98.9502
3,mimalloc,reallocate_zeroed,64,256,1,disabled,no,7,8192,34.5825
3,jemalloc,reallocate_zeroed,64,256,1,disabled,no,7,8192,55.0537
3,standard,batch,64,256,1,disabled,no,7,8192,75.1343
3,mimalloc,batch,64,256,1,disabled,no,7,8192,14.1235
3,jemalloc,batch,64,256,1,disabled,no,7,8192,30.3711
3,standard,mixed_lifetime,64,256,1,disabled,no,7,8192,61.0107
3,mimalloc,mixed_lifetime,64,256,1,disabled,no,7,8192,20.4468
3,jemalloc,mixed_lifetime,64,256,1,disabled,no,7,8192,22.3389
3,standard,owned_block,64,256,1,disabled,no,7,8192,94.5923
3,mimalloc,owned_block,64,256,1,disabled,no,7,8192,35.7178
3,jemalloc,owned_block,64,256,1,disabled,no,7,8192,57.7026
3,mimalloc,raw,64,256,1,disabled,yes,7,8192,20.6665
3,jemalloc,raw,64,256,1,disabled,yes,7,8192,227.966
3,mimalloc,zeroed,64,256,1,disabled,yes,7,8192,27.7344
3,jemalloc,zeroed,64,256,1,disabled,yes,7,8192,216.028
3,mimalloc,reallocate,64,256,1,disabled,yes,7,8192,34.3263
3,jemalloc,reallocate,64,256,1,disabled,yes,7,8192,276.367
3,mimalloc,reallocate_zeroed,64,256,1,disabled,yes,7,8192,38.1958
3,jemalloc,reallocate_zeroed,64,256,1,disabled,yes,7,8192,309.937
3,mimalloc,batch,64,256,1,disabled,yes,7,8192,16.9922
3,jemalloc,batch,64,256,1,disabled,yes,7,8192,64.087
3,mimalloc,mixed_lifetime,64,256,1,disabled,yes,7,8192,16.0156
3,jemalloc,mixed_lifetime,64,256,1,disabled,yes,7,8192,33.6792
3,mimalloc,owned_block,64,256,1,disabled,yes,7,8192,37.9395
3,jemalloc,owned_block,64,256,1,disabled,yes,7,8192,317.883
3,mimalloc,raw,64,256,1,basic,yes,7,8192,43.8354
3,jemalloc,raw,64,256,1,basic,yes,7,8192,237.39
3,mimalloc,zeroed,64,256,1,basic,yes,7,8192,45.6665
3,jemalloc,zeroed,64,256,1,basic,yes,7,8192,220.3
3,mimalloc,reallocate,64,256,1,basic,yes,7,8192,67.3828
3,jemalloc,reallocate,64,256,1,basic,yes,7,8192,280.53
3,mimalloc,reallocate_zeroed,64,256,1,basic,yes,7,8192,74.3774
3,jemalloc,reallocate_zeroed,64,256,1,basic,yes,7,8192,320.374
3,mimalloc,batch,64,256,1,basic,yes,7,8192,44.0063
3,jemalloc,batch,64,256,1,basic,yes,7,8192,96.2037
3,mimalloc,mixed_lifetime,64,256,1,basic,yes,7,8192,28.4424
3,jemalloc,mixed_lifetime,64,256,1,basic,yes,7,8192,55.6152
3,mimalloc,owned_block,64,256,1,basic,yes,7,8192,72.0215
3,jemalloc,owned_block,64,256,1,basic,yes,7,8192,321.936
3,standard,raw,256,16,1,disabled,no,7,8192,19.0186
3,mimalloc,raw,256,16,1,disabled,no,7,8192,11.0962
3,jemalloc,raw,256,16,1,disabled,no,7,8192,24.0601
3,standard,zeroed,256,16,1,disabled,no,7,8192,26.6602
3,mimalloc,zeroed,256,16,1,disabled,no,7,8192,13.5132
3,jemalloc,zeroed,256,16,1,disabled,no,7,8192,29.6997
3,standard,reallocate,256,16,1,disabled,no,7,8192,46.7529
3,mimalloc,reallocate,256,16,1,disabled,no,7,8192,30.5298
3,jemalloc,reallocate,256,16,1,disabled,no,7,8192,60.2173
3,standard,reallocate_zeroed,256,16,1,disabled,no,7,8192,56.2623
3,mimalloc,reallocate_zeroed,256,16,1,disabled,no,7,8192,38.4033
3,jemalloc,reallocate_zeroed,256,16,1,disabled,no,7,8192,77.0264
3,standard,batch,256,16,1,disabled,no,7,8192,43.9453
3,mimalloc,batch,256,16,1,disabled,no,7,8192,13.1958
3,jemalloc,batch,256,16,1,disabled,no,7,8192,46.1548
3,standard,mixed_lifetime,256,16,1,disabled,no,7,8192,23.8647
3,mimalloc,mixed_lifetime,256,16,1,disabled,no,7,8192,15.3564
3,jemalloc,mixed_lifetime,256,16,1,disabled,no,7,8192,21.5698
3,standard,owned_block,256,16,1,disabled,no,7,8192,50.8911
3,mimalloc,owned_block,256,16,1,disabled,no,7,8192,33.3374
3,jemalloc,owned_block,256,16,1,disabled,no,7,8192,65.2954
3,standard,typed_raw,256,1,1,disabled,no,7,8192,19.2017
3,mimalloc,typed_raw,256,1,1,disabled,no,7,8192,9.82666
3,jemalloc,typed_raw,256,1,1,disabled,no,7,8192,22.3145
3,standard,array,256,1,1,disabled,no,7,8192,22.7051
3,mimalloc,array,256,1,1,disabled,no,7,8192,12.5854
3,jemalloc,array,256,1,1,disabled,no,7,8192,25.4761
3,mimalloc,raw,256,16,1,disabled,yes,7,8192,13.4521
3,jemalloc,raw,256,16,1,disabled,yes,7,8192,207.629
3,mimalloc,zeroed,256,16,1,disabled,yes,7,8192,17.1997
3,jemalloc,zeroed,256,16,1,disabled,yes,7,8192,253.735
3,mimalloc,reallocate,256,16,1,disabled,yes,7,8192,35.0098
3,jemalloc,reallocate,256,16,1,disabled,yes,7,8192,427.478
3,mimalloc,reallocate_zeroed,256,16,1,disabled,yes,7,8192,39.2959
3,jemalloc,reallocate_zeroed,256,16,1,disabled,yes,7,8192,471.013
3,mimalloc,batch,256,16,1,disabled,yes,7,8192,8.64478
3,jemalloc,batch,256,16,1,disabled,yes,7,8192,51.6721
3,mimalloc,mixed_lifetime,256,16,1,disabled,yes,7,8192,16.0679
3,jemalloc,mixed_lifetime,256,16,1,disabled,yes,7,8192,50.6079
3,mimalloc,owned_block,256,16,1,disabled,yes,7,8192,40.4258
3,jemalloc,owned_block,256,16,1,disabled,yes,7,8192,468.701
3,mimalloc,typed_raw,256,1,1,disabled,yes,7,8192,11.3776
3,jemalloc,typed_raw,256,1,1,disabled,yes,7,8192,222.677
3,mimalloc,array,256,1,1,disabled,yes,7,8192,11.2462
3,jemalloc,array,256,1,1,disabled,yes,7,8192,159.759
3,mimalloc,raw,256,16,1,basic,yes,7,8192,28.3783
3,jemalloc,raw,256,16,1,basic,yes,7,8192,178.06
3,mimalloc,zeroed,256,16,1,basic,yes,7,8192,34.067
3,jemalloc,zeroed,256,16,1,basic,yes,7,8192,174.513
3,mimalloc,reallocate,256,16,1,basic,yes,7,8192,58.4381
3,jemalloc,reallocate,256,16,1,basic,yes,7,8192,411.997
3,mimalloc,reallocate_zeroed,256,16,1,basic,yes,7,8192,54.9828
3,jemalloc,reallocate_zeroed,256,16,1,basic,yes,7,8192,373.673
3,mimalloc,batch,256,16,1,basic,yes,7,8192,36.156
3,jemalloc,batch,256,16,1,basic,yes,7,8192,96.9589
3,mimalloc,mixed_lifetime,256,16,1,basic,yes,7,8192,16.462
3,jemalloc,mixed_lifetime,256,16,1,basic,yes,7,8192,40.4258
3,mimalloc,owned_block,256,16,1,basic,yes,7,8192,59.7388
3,jemalloc,owned_block,256,16,1,basic,yes,7,8192,420.523
3,mimalloc,typed_raw,256,1,1,basic,yes,7,8192,27.6293
3,jemalloc,typed_raw,256,1,1,basic,yes,7,8192,185.562
3,mimalloc,array,256,1,1,basic,yes,7,8192,37.8639
3,jemalloc,array,256,1,1,basic,yes,7,8192,225.856
3,standard,raw,256,64,1,disabled,no,7,8192,22.3215
3,mimalloc,raw,256,64,1,disabled,no,7,8192,11.1149
3,jemalloc,raw,256,64,1,disabled,no,7,8192,23.2675
3,standard,zeroed,256,64,1,disabled,no,7,8192,26.8018
3,mimalloc,zeroed,256,64,1,disabled,no,7,8192,13.0198
3,jemalloc,zeroed,256,64,1,disabled,no,7,8192,28.8512
3,standard,reallocate,256,64,1,disabled,no,7,8192,35.0918
3,mimalloc,reallocate,256,64,1,disabled,no,7,8192,20.9158
3,jemalloc,reallocate,256,64,1,disabled,no,7,8192,45.0372
3,standard,reallocate_zeroed,256,64,1,disabled,no,7,8192,54.2996
3,mimalloc,reallocate_zeroed,256,64,1,disabled,no,7,8192,33.213
3,jemalloc,reallocate_zeroed,256,64,1,disabled,no,7,8192,67.7924
3,standard,batch,256,64,1,disabled,no,7,8192,59.187
3,mimalloc,batch,256,64,1,disabled,no,7,8192,8.51355
3,jemalloc,batch,256,64,1,disabled,no,7,8192,29.0089
3,standard,mixed_lifetime,256,64,1,disabled,no,7,8192,40.2156
3,mimalloc,mixed_lifetime,256,64,1,disabled,no,7,8192,12.849
3,jemalloc,mixed_lifetime,256,64,1,disabled,no,7,8192,18.4326
3,standard,owned_block,256,64,1,disabled,no,7,8192,55.7974
3,mimalloc,owned_block,256,64,1,disabled,no,7,8192,35.1575
3,jemalloc,owned_block,256,64,1,disabled,no,7,8192,68.1865
3,mimalloc,raw,256,64,1,disabled,yes,7,8192,13.3615
3,jemalloc,raw,256,64,1,disabled,yes,7,8192,189.674
3,mimalloc,zeroed,256,64,1,disabled,yes,7,8192,16.567
3,jemalloc,zeroed,256,64,1,disabled,yes,7,8192,224.057
3,mimalloc,reallocate,256,64,1,disabled,yes,7,8192,27.025
3,jemalloc,reallocate,256,64,1,disabled,yes,7,8192,348.592
3,mimalloc,reallocate_zeroed,256,64,1,disabled,yes,7,8192,34.5793
3,jemalloc,reallocate_zeroed,256,64,1,disabled,yes,7,8192,395.403
3,mimalloc,batch,256,64,1,disabled,yes,7,8192,8.99963
3,jemalloc,batch,256,64,1,disabled,yes,7,8192,65.4539
3,mimalloc,mixed_lifetime,256,64,1,disabled,yes,7,8192,14.8066
3,jemalloc,mixed_lifetime,256,64,1,disabled,yes,7,8192,48.3612
3,mimalloc,owned_block,256,64,1,disabled,yes,7,8192,30.2175
3,jemalloc,owned_block,256,64,1,disabled,yes,7,8192,358.472
3,mimalloc,raw,256,64,1,basic,yes,7,8192,37.1938
3,jemalloc,raw,256,64,1,basic,yes,7,8192,227.998
3,mimalloc,zeroed,256,64,1,basic,yes,7,8192,39.007
3,jemalloc,zeroed,256,64,1,basic,yes,7,8192,236.052
3,mimalloc,reallocate,256,64,1,basic,yes,7,8192,51.0676
3,jemalloc,reallocate,256,64,1,basic,yes,7,8192,369.416
3,mimalloc,reallocate_zeroed,256,64,1,basic,yes,7,8192,59.949
3,jemalloc,reallocate_zeroed,256,64,1,basic,yes,7,8192,427.027
3,mimalloc,batch,256,64,1,basic,yes,7,8192,36.2085
3,jemalloc,batch,256,64,1,basic,yes,7,8192,71.6024
3,mimalloc,mixed_lifetime,256,64,1,basic,yes,7,8192,23.2676
3,jemalloc,mixed_lifetime,256,64,1,basic,yes,7,8192,57.1506
3,mimalloc,owned_block,256,64,1,basic,yes,7,8192,69.6842
3,jemalloc,owned_block,256,64,1,basic,yes,7,8192,461.172
3,standard,raw,256,256,1,disabled,no,7,8192,40.2025
3,mimalloc,raw,256,256,1,disabled,no,7,8192,8.97327
3,jemalloc,raw,256,256,1,disabled,no,7,8192,17.3423
3,standard,zeroed,256,256,1,disabled,no,7,8192,48.0459
3,mimalloc,zeroed,256,256,1,disabled,no,7,8192,13.0854
3,jemalloc,zeroed,256,256,1,disabled,no,7,8192,25.9608
3,standard,reallocate,256,256,1,disabled,no,7,8192,126.191
3,mimalloc,reallocate,256,256,1,disabled,no,7,8192,28.549
3,jemalloc,reallocate,256,256,1,disabled,no,7,8192,49.5568
3,standard,reallocate_zeroed,256,256,1,disabled,no,7,8192,132.734
3,mimalloc,reallocate_zeroed,256,256,1,disabled,no,7,8192,34.3954
3,jemalloc,reallocate_zeroed,256,256,1,disabled,no,7,8192,67.464
3,standard,batch,256,256,1,disabled,no,7,8192,64.7444
3,mimalloc,batch,256,256,1,disabled,no,7,8192,9.41992
3,jemalloc,batch,256,256,1,disabled,no,7,8192,31.7679
3,standard,mixed_lifetime,256,256,1,disabled,no,7,8192,52.999
3,mimalloc,mixed_lifetime,256,256,1,disabled,no,7,8192,12.179
3,jemalloc,mixed_lifetime,256,256,1,disabled,no,7,8192,15.7656
3,standard,owned_block,256,256,1,disabled,no,7,8192,131.341
3,mimalloc,owned_block,256,256,1,disabled,no,7,8192,33.8831
3,jemalloc,owned_block,256,256,1,disabled,no,7,8192,68.5939
3,mimalloc,raw,256,256,1,disabled,yes,7,8192,12.5731
3,jemalloc,raw,256,256,1,disabled,yes,7,8192,193.13
3,mimalloc,zeroed,256,256,1,disabled,yes,7,8192,12.1658
3,jemalloc,zeroed,256,256,1,disabled,yes,7,8192,169.849
3,mimalloc,reallocate,256,256,1,disabled,yes,7,8192,28.6672
3,jemalloc,reallocate,256,256,1,disabled,yes,7,8192,352.337
3,mimalloc,reallocate_zeroed,256,256,1,disabled,yes,7,8192,40.8856
3,jemalloc,reallocate_zeroed,256,256,1,disabled,yes,7,8192,545.19
3,mimalloc,batch,256,256,1,disabled,yes,7,8192,11.9556
3,jemalloc,batch,256,256,1,disabled,yes,7,8192,71.182
3,mimalloc,mixed_lifetime,256,256,1,disabled,yes,7,8192,18.5773
3,jemalloc,mixed_lifetime,256,256,1,disabled,yes,7,8192,67.2144
3,mimalloc,owned_block,256,256,1,disabled,yes,7,8192,40.7675
3,jemalloc,owned_block,256,256,1,disabled,yes,7,8192,494.162
3,mimalloc,raw,256,256,1,basic,yes,7,8192,41.7921
3,jemalloc,raw,256,256,1,basic,yes,7,8192,256.074
3,mimalloc,zeroed,256,256,1,basic,yes,7,8192,43.106
3,jemalloc,zeroed,256,256,1,basic,yes,7,8192,280.169
3,mimalloc,reallocate,256,256,1,basic,yes,7,8192,73.9673
3,jemalloc,reallocate,256,256,1,basic,yes,7,8192,495.292
3,mimalloc,reallocate_zeroed,256,256,1,basic,yes,7,8192,71.3397
3,jemalloc,reallocate_zeroed,256,256,1,basic,yes,7,8192,545.742
3,mimalloc,batch,256,256,1,basic,yes,7,8192,37.3253
3,jemalloc,batch,256,256,1,basic,yes,7,8192,99.153
3,mimalloc,mixed_lifetime,256,256,1,basic,yes,7,8192,23.9639
3,jemalloc,mixed_lifetime,256,256,1,basic,yes,7,8192,59.6863
3,mimalloc,owned_block,256,256,1,basic,yes,7,8192,80.4839
3,jemalloc,owned_block,256,256,1,basic,yes,7,8192,584.867
3,standard,raw,4096,16,1,disabled,no,7,8192,41.7266
3,mimalloc,raw,4096,16,1,disabled,no,7,8192,34.3298
3,jemalloc,raw,4096,16,1,disabled,no,7,8192,30.1387
3,standard,zeroed,4096,16,1,disabled,no,7,8192,76.2534
3,mimalloc,zeroed,4096,16,1,disabled,no,7,8192,62.5503
3,jemalloc,zeroed,4096,16,1,disabled,no,7,8192,66.2684
3,standard,reallocate,4096,16,1,disabled,no,7,8192,143.454
3,mimalloc,reallocate,4096,16,1,disabled,no,7,8192,101.951
3,jemalloc,reallocate,4096,16,1,disabled,no,7,8192,130.487
3,standard,reallocate_zeroed,4096,16,1,disabled,no,7,8192,165.238
3,mimalloc,reallocate_zeroed,4096,16,1,disabled,no,7,8192,135.033
3,jemalloc,reallocate_zeroed,4096,16,1,disabled,no,7,8192,155.686
3,standard,batch,4096,16,1,disabled,no,7,8192,651.267
3,mimalloc,batch,4096,16,1,disabled,no,7,8192,59.0293
3,jemalloc,batch,4096,16,1,disabled,no,7,8192,185.102
3,standard,mixed_lifetime,4096,16,1,disabled,no,7,8192,161.677
3,mimalloc,mixed_lifetime,4096,16,1,disabled,no,7,8192,38.5341
3,jemalloc,mixed_lifetime,4096,16,1,disabled,no,7,8192,110.951
3,standard,owned_block,4096,16,1,disabled,no,7,8192,144.834
3,mimalloc,owned_block,4096,16,1,disabled,no,7,8192,150.72
3,jemalloc,owned_block,4096,16,1,disabled,no,7,8192,129.712
3,standard,typed_raw,4096,1,1,disabled,no,7,8192,37.391
3,mimalloc,typed_raw,4096,1,1,disabled,no,7,8192,29.3899
3,jemalloc,typed_raw,4096,1,1,disabled,no,7,8192,24.2922
3,standard,array,4096,1,1,disabled,no,7,8192,72.4302
3,mimalloc,array,4096,1,1,disabled,no,7,8192,79.8794
3,jemalloc,array,4096,1,1,disabled,no,7,8192,61.3416
3,mimalloc,raw,4096,16,1,disabled,yes,7,8192,35.4333
3,jemalloc,raw,4096,16,1,disabled,yes,7,8192,230.586
3,mimalloc,zeroed,4096,16,1,disabled,yes,7,8192,64.4553
3,jemalloc,zeroed,4096,16,1,disabled,yes,7,8192,311.924
3,mimalloc,reallocate,4096,16,1,disabled,yes,7,8192,103.081
3,jemalloc,reallocate,4096,16,1,disabled,yes,7,8192,521.844
3,mimalloc,reallocate_zeroed,4096,16,1,disabled,yes,7,8192,154.78
3,jemalloc,reallocate_zeroed,4096,16,1,disabled,yes,7,8192,582.371
3,mimalloc,batch,4096,16,1,disabled,yes,7,8192,57.663
3,jemalloc,batch,4096,16,1,disabled,yes,7,8192,259.805
3,mimalloc,mixed_lifetime,4096,16,1,disabled,yes,7,8192,36.7472
3,jemalloc,mixed_lifetime,4096,16,1,disabled,yes,7,8192,281.325
3,mimalloc,owned_block,4096,16,1,disabled,yes,7,8192,108.034
3,jemalloc,owned_block,4096,16,1,disabled,yes,7,8192,630.325
3,mimalloc,typed_raw,4096,1,1,disabled,yes,7,8192,32.4248
3,jemalloc,typed_raw,4096,1,1,disabled,yes,7,8192,260.081
3,mimalloc,array,4096,1,1,disabled,yes,7,8192,63.3386
3,jemalloc,array,4096,1,1,disabled,yes,7,8192,253.026
3,mimalloc,raw,4096,16,1,basic,yes,7,8192,69.0012
3,jemalloc,raw,4096,16,1,basic,yes,7,8192,266.782
3,mimalloc,zeroed,4096,16,1,basic,yes,7,8192,96.4071
3,jemalloc,zeroed,4096,16,1,basic,yes,7,8192,286.121
3,mimalloc,reallocate,4096,16,1,basic,yes,7,8192,161.191
3,jemalloc,reallocate,4096,16,1,basic,yes,7,8192,631.849
3,mimalloc,reallocate_zeroed,4096,16,1,basic,yes,7,8192,191.106
3,jemalloc,reallocate_zeroed,4096,16,1,basic,yes,7,8192,617.647
3,mimalloc,batch,4096,16,1,basic,yes,7,8192,80.4313
3,jemalloc,batch,4096,16,1,basic,yes,7,8192,267.123
3,mimalloc,mixed_lifetime,4096,16,1,basic,yes,7,8192,47.7175
3,jemalloc,mixed_lifetime,4096,16,1,basic,yes,7,8192,305.788
3,mimalloc,owned_block,4096,16,1,basic,yes,7,8192,166.039
3,jemalloc,owned_block,4096,16,1,basic,yes,7,8192,656.352
3,mimalloc,typed_raw,4096,1,1,basic,yes,7,8192,59.4366
3,jemalloc,typed_raw,4096,1,1,basic,yes,7,8192,253.302
3,mimalloc,array,4096,1,1,basic,yes,7,8192,89.3389
3,jemalloc,array,4096,1,1,basic,yes,7,8192,310.374
3,standard,raw,4096,64,1,disabled,no,7,8192,73.1527
3,mimalloc,raw,4096,64,1,disabled,no,7,8192,34.0933
3,jemalloc,raw,4096,64,1,disabled,no,7,8192,27.5505
3,standard,zeroed,4096,64,1,disabled,no,7,8192,90.6133
3,mimalloc,zeroed,4096,64,1,disabled,no,7,8192,87.0398
3,jemalloc,zeroed,4096,64,1,disabled,no,7,8192,66.0582
3,standard,reallocate,4096,64,1,disabled,no,7,8192,178.218
3,mimalloc,reallocate,4096,64,1,disabled,no,7,8192,126.441
3,jemalloc,reallocate,4096,64,1,disabled,no,7,8192,118.676
3,standard,reallocate_zeroed,4096,64,1,disabled,no,7,8192,211.286
3,mimalloc,reallocate_zeroed,4096,64,1,disabled,no,7,8192,153.729
3,jemalloc,reallocate_zeroed,4096,64,1,disabled,no,7,8192,145.36
3,standard,batch,4096,64,1,disabled,no,7,8192,713.857
3,mimalloc,batch,4096,64,1,disabled,no,7,8192,65.9399
3,jemalloc,batch,4096,64,1,disabled,no,7,8192,238.916
3,standard,mixed_lifetime,4096,64,1,disabled,no,7,8192,212.929
3,mimalloc,mixed_lifetime,4096,64,1,disabled,no,7,8192,36.7998
3,jemalloc,mixed_lifetime,4096,64,1,disabled,no,7,8192,109.177
3,standard,owned_block,4096,64,1,disabled,no,7,8192,169.691
3,mimalloc,owned_block,4096,64,1,disabled,no,7,8192,151.232
3,jemalloc,owned_block,4096,64,1,disabled,no,7,8192,131.696
3,mimalloc,raw,4096,64,1,disabled,yes,7,8192,34.829
3,jemalloc,raw,4096,64,1,disabled,yes,7,8192,258.964
3,mimalloc,zeroed,4096,64,1,disabled,yes,7,8192,62.8131
3,jemalloc,zeroed,4096,64,1,disabled,yes,7,8192,259.214
3,mimalloc,reallocate,4096,64,1,disabled,yes,7,8192,106.734
3,jemalloc,reallocate,4096,64,1,disabled,yes,7,8192,597.165
3,mimalloc,reallocate_zeroed,4096,64,1,disabled,yes,7,8192,138.646
3,jemalloc,reallocate_zeroed,4096,64,1,disabled,yes,7,8192,686.188
3,mimalloc,batch,4096,64,1,disabled,yes,7,8192,60.1986
3,jemalloc,batch,4096,64,1,disabled,yes,7,8192,234.528
3,mimalloc,mixed_lifetime,4096,64,1,disabled,yes,7,8192,42.3177
3,jemalloc,mixed_lifetime,4096,64,1,disabled,yes,7,8192,253.906
3,mimalloc,owned_block,4096,64,1,disabled,yes,7,8192,112.107
3,jemalloc,owned_block,4096,64,1,disabled,yes,7,8192,583.094
3,mimalloc,raw,4096,64,1,basic,yes,7,8192,64.7181
3,jemalloc,raw,4096,64,1,basic,yes,7,8192,271.485
3,mimalloc,zeroed,4096,64,1,basic,yes,7,8192,100.887
3,jemalloc,zeroed,4096,64,1,basic,yes,7,8192,343.626
3,mimalloc,reallocate,4096,64,1,basic,yes,7,8192,162.728
3,jemalloc,reallocate,4096,64,1,basic,yes,7,8192,637.406
3,mimalloc,reallocate_zeroed,4096,64,1,basic,yes,7,8192,182.448
3,jemalloc,reallocate_zeroed,4096,64,1,basic,yes,7,8192,698.998
3,mimalloc,batch,4096,64,1,basic,yes,7,8192,86.5536
3,jemalloc,batch,4096,64,1,basic,yes,7,8192,245.419
3,mimalloc,mixed_lifetime,4096,64,1,basic,yes,7,8192,48.0721
3,jemalloc,mixed_lifetime,4096,64,1,basic,yes,7,8192,300.888
3,mimalloc,owned_block,4096,64,1,basic,yes,7,8192,149.262
3,jemalloc,owned_block,4096,64,1,basic,yes,7,8192,648.613
3,standard,raw,4096,256,1,disabled,no,7,8192,67.6742
3,mimalloc,raw,4096,256,1,disabled,no,7,8192,35.775
3,jemalloc,raw,4096,256,1,disabled,no,7,8192,28.7068
3,standard,zeroed,4096,256,1,disabled,no,7,8192,99.7311
3,mimalloc,zeroed,4096,256,1,disabled,no,7,8192,90.9548
3,jemalloc,zeroed,4096,256,1,disabled,no,7,8192,71.3265
3,standard,reallocate,4096,256,1,disabled,no,7,8192,191.369
3,mimalloc,reallocate,4096,256,1,disabled,no,7,8192,113.329
3,jemalloc,reallocate,4096,256,1,disabled,no,7,8192,132.852
3,standard,reallocate_zeroed,4096,256,1,disabled,no,7,8192,194.457
3,mimalloc,reallocate_zeroed,4096,256,1,disabled,no,7,8192,159.141
3,jemalloc,reallocate_zeroed,4096,256,1,disabled,no,7,8192,144.834
3,standard,batch,4096,256,1,disabled,no,7,8192,743.799
3,mimalloc,batch,4096,256,1,disabled,no,7,8192,59.6467
3,jemalloc,batch,4096,256,1,disabled,no,7,8192,198.477
3,standard,mixed_lifetime,4096,256,1,disabled,no,7,8192,199.817
3,mimalloc,mixed_lifetime,4096,256,1,disabled,no,7,8192,41.3455
3,jemalloc,mixed_lifetime,4096,256,1,disabled,no,7,8192,119.083
3,standard,owned_block,4096,256,1,disabled,no,7,8192,197.767
3,mimalloc,owned_block,4096,256,1,disabled,no,7,8192,141.668
3,jemalloc,owned_block,4096,256,1,disabled,no,7,8192,135.861
3,mimalloc,raw,4096,256,1,disabled,yes,7,8192,32.8715
3,jemalloc,raw,4096,256,1,disabled,yes,7,8192,228.708
3,mimalloc,zeroed,4096,256,1,disabled,yes,7,8192,67.5691
3,jemalloc,zeroed,4096,256,1,disabled,yes,7,8192,272.457
3,mimalloc,reallocate,4096,256,1,disabled,yes,7,8192,105.183
3,jemalloc,reallocate,4096,256,1,disabled,yes,7,8192,621.378
3,mimalloc,reallocate_zeroed,4096,256,1,disabled,yes,7,8192,150.536
3,jemalloc,reallocate_zeroed,4096,256,1,disabled,yes,7,8192,646.262
3,mimalloc,batch,4096,256,1,disabled,yes,7,8192,59.9622
3,jemalloc,batch,4096,256,1,disabled,yes,7,8192,252.96
3,mimalloc,mixed_lifetime,4096,256,1,disabled,yes,7,8192,40.636
3,jemalloc,mixed_lifetime,4096,256,1,disabled,yes,7,8192,285.792
3,mimalloc,owned_block,4096,256,1,disabled,yes,7,8192,121.317
3,jemalloc,owned_block,4096,256,1,disabled,yes,7,8192,590.07
3,mimalloc,raw,4096,256,1,basic,yes,7,8192,62.3796
3,jemalloc,raw,4096,256,1,basic,yes,7,8192,244.263
3,mimalloc,zeroed,4096,256,1,basic,yes,7,8192,104.25
3,jemalloc,zeroed,4096,256,1,basic,yes,7,8192,274.27
3,mimalloc,reallocate,4096,256,1,basic,yes,7,8192,164.783
3,jemalloc,reallocate,4096,256,1,basic,yes,7,8192,598.791
3,mimalloc,reallocate_zeroed,4096,256,1,basic,yes,7,8192,170.886
3,jemalloc,reallocate_zeroed,4096,256,1,basic,yes,7,8192,611.169
3,mimalloc,batch,4096,256,1,basic,yes,7,8192,73.4618
3,jemalloc,batch,4096,256,1,basic,yes,7,8192,228.369
3,mimalloc,mixed_lifetime,4096,256,1,basic,yes,7,8192,41.1377
3,jemalloc,mixed_lifetime,4096,256,1,basic,yes,7,8192,261.243
3,mimalloc,owned_block,4096,256,1,basic,yes,7,8192,140.759
3,jemalloc,owned_block,4096,256,1,basic,yes,7,8192,596.179
3,standard,raw,65536,16,1,disabled,no,7,8192,38.3911
3,mimalloc,raw,65536,16,1,disabled,no,7,8192,32.959
3,jemalloc,raw,65536,16,1,disabled,no,7,8192,287.06
3,standard,zeroed,65536,16,1,disabled,no,7,8192,1502.58
3,mimalloc,zeroed,65536,16,1,disabled,no,7,8192,1869.13
3,jemalloc,zeroed,65536,16,1,disabled,no,7,8192,1704.81
3,standard,reallocate,65536,16,1,disabled,no,7,8192,11389.4
3,mimalloc,reallocate,65536,16,1,disabled,no,7,8192,2240.29
3,jemalloc,reallocate,65536,16,1,disabled,no,7,8192,582.458
3,standard,reallocate_zeroed,65536,16,1,disabled,no,7,8192,37760.9
3,mimalloc,reallocate_zeroed,65536,16,1,disabled,no,7,8192,3502.79
3,jemalloc,reallocate_zeroed,65536,16,1,disabled,no,7,8192,1984.25
3,standard,batch,65536,16,1,disabled,no,7,8192,1561.85
3,mimalloc,batch,65536,16,1,disabled,no,7,8192,111.011
3,jemalloc,batch,65536,16,1,disabled,no,7,8192,385.852
3,standard,mixed_lifetime,65536,16,1,disabled,no,7,8192,168.689
3,mimalloc,mixed_lifetime,65536,16,1,disabled,no,7,8192,48.2422
3,jemalloc,mixed_lifetime,65536,16,1,disabled,no,7,8192,275.232
3,standard,owned_block,65536,16,1,disabled,no,7,8192,1849.06
3,mimalloc,owned_block,65536,16,1,disabled,no,7,8192,2760.2
3,jemalloc,owned_block,65536,16,1,disabled,no,7,8192,727.551
3,standard,typed_raw,65536,1,1,disabled,no,7,8192,30.4321
3,mimalloc,typed_raw,65536,1,1,disabled,no,7,8192,27.2095
3,jemalloc,typed_raw,65536,1,1,disabled,no,7,8192,406.75
3,standard,array,65536,1,1,disabled,no,7,8192,1465.15
3,mimalloc,array,65536,1,1,disabled,no,7,8192,1463.22
3,jemalloc,array,65536,1,1,disabled,no,7,8192,1814.15
3,mimalloc,raw,65536,16,1,disabled,yes,7,8192,32.0679
3,jemalloc,raw,65536,16,1,disabled,yes,7,8192,410.718
3,mimalloc,zeroed,65536,16,1,disabled,yes,7,8192,1825.04
3,jemalloc,zeroed,65536,16,1,disabled,yes,7,8192,1825.54
3,mimalloc,reallocate,65536,16,1,disabled,yes,7,8192,2266.35
3,jemalloc,reallocate,65536,16,1,disabled,yes,7,8192,754.661
3,mimalloc,reallocate_zeroed,65536,16,1,disabled,yes,7,8192,3644.85
3,jemalloc,reallocate_zeroed,65536,16,1,disabled,yes,7,8192,2207.41
3,mimalloc,batch,65536,16,1,disabled,yes,7,8192,118.115
3,jemalloc,batch,65536,16,1,disabled,yes,7,8192,436.109
3,mimalloc,mixed_lifetime,65536,16,1,disabled,yes,7,8192,48.1493
3,jemalloc,mixed_lifetime,65536,16,1,disabled,yes,7,8192,482.406
3,mimalloc,owned_block,65536,16,1,disabled,yes,7,8192,2279.14
3,jemalloc,owned_block,65536,16,1,disabled,yes,7,8192,764.427
3,mimalloc,typed_raw,65536,1,1,disabled,yes,7,8192,28.0321
3,jemalloc,typed_raw,65536,1,1,disabled,yes,7,8192,432.735
3,mimalloc,array,65536,1,1,disabled,yes,7,8192,1521.19
3,jemalloc,array,65536,1,1,disabled,yes,7,8192,1894.66
3,mimalloc,raw,65536,16,1,basic,yes,7,8192,62.9899
3,jemalloc,raw,65536,16,1,basic,yes,7,8192,436.591
3,mimalloc,zeroed,65536,16,1,basic,yes,7,8192,1931.78
3,jemalloc,zeroed,65536,16,1,basic,yes,7,8192,1920.34
3,mimalloc,reallocate,65536,16,1,basic,yes,7,8192,2306.06
3,jemalloc,reallocate,65536,16,1,basic,yes,7,8192,766.977
3,mimalloc,reallocate_zeroed,65536,16,1,basic,yes,7,8192,3672.64
3,jemalloc,reallocate_zeroed,65536,16,1,basic,yes,7,8192,2229.24
3,mimalloc,batch,65536,16,1,basic,yes,7,8192,132.411
3,jemalloc,batch,65536,16,1,basic,yes,7,8192,453.588
3,mimalloc,mixed_lifetime,65536,16,1,basic,yes,7,8192,55.354
3,jemalloc,mixed_lifetime,65536,16,1,basic,yes,7,8192,478.589
3,mimalloc,owned_block,65536,16,1,basic,yes,7,8192,2313.16
3,jemalloc,owned_block,65536,16,1,basic,yes,7,8192,784.177
3,mimalloc,typed_raw,65536,1,1,basic,yes,7,8192,57.4087
3,jemalloc,typed_raw,65536,1,1,basic,yes,7,8192,446.041
3,mimalloc,array,65536,1,1,basic,yes,7,8192,1551.34
3,jemalloc,array,65536,1,1,basic,yes,7,8192,1913.81
3,standard,raw,65536,64,1,disabled,no,7,8192,50.4705
3,mimalloc,raw,65536,64,1,disabled,no,7,8192,34.3235
3,jemalloc,raw,65536,64,1,disabled,no,7,8192,416.93
3,standard,zeroed,65536,64,1,disabled,no,7,8192,1525.28
3,mimalloc,zeroed,65536,64,1,disabled,no,7,8192,1892.49
3,jemalloc,zeroed,65536,64,1,disabled,no,7,8192,1879.69
3,standard,reallocate,65536,64,1,disabled,no,7,8192,1859.98
3,mimalloc,reallocate,65536,64,1,disabled,no,7,8192,2261.9
3,jemalloc,reallocate,65536,64,1,disabled,no,7,8192,736.307
3,standard,reallocate_zeroed,65536,64,1,disabled,no,7,8192,3434.55
3,mimalloc,reallocate_zeroed,65536,64,1,disabled,no,7,8192,3633.14
3,jemalloc,reallocate_zeroed,65536,64,1,disabled,no,7,8192,2198.39
3,standard,batch,65536,64,1,disabled,no,7,8192,1681.73
3,mimalloc,batch,65536,64,1,disabled,no,7,8192,115.49
3,jemalloc,batch,65536,64,1,disabled,no,7,8192,405.007
3,standard,mixed_lifetime,65536,64,1,disabled,no,7,8192,221.733
3,mimalloc,mixed_lifetime,65536,64,1,disabled,no,7,8192,50.3311
3,jemalloc,mixed_lifetime,65536,64,1,disabled,no,7,8192,307.187
3,standard,owned_block,65536,64,1,disabled,no,7,8192,1868.97
3,mimalloc,owned_block,65536,64,1,disabled,no,7,8192,2914.3
3,jemalloc,owned_block,65536,64,1,disabled,no,7,8192,747.164
3,mimalloc,raw,65536,64,1,disabled,yes,7,8192,32.8369
3,jemalloc,raw,65536,64,1,disabled,yes,7,8192,409.668
3,mimalloc,zeroed,65536,64,1,disabled,yes,7,8192,1828.14
3,jemalloc,zeroed,65536,64,1,disabled,yes,7,8192,1832.01
3,mimalloc,reallocate,65536,64,1,disabled,yes,7,8192,2295.97
3,jemalloc,reallocate,65536,64,1,disabled,yes,7,8192,727.808
3,mimalloc,reallocate_zeroed,65536,64,1,disabled,yes,7,8192,3504.35
3,jemalloc,reallocate_zeroed,65536,64,1,disabled,yes,7,8192,2133.13
3,mimalloc,batch,65536,64,1,disabled,yes,7,8192,112.537
3,jemalloc,batch,65536,64,1,disabled,yes,7,8192,417.883
3,mimalloc,mixed_lifetime,65536,64,1,disabled,yes,7,8192,47.9126
3,jemalloc,mixed_lifetime,65536,64,1,disabled,yes,7,8192,452.905
3,mimalloc,owned_block,65536,64,1,disabled,yes,7,8192,2200.62
3,jemalloc,owned_block,65536,64,1,disabled,yes,7,8192,741.687
3,mimalloc,raw,65536,64,1,basic,yes,7,8192,59.4727
3,jemalloc,raw,65536,64,1,basic,yes,7,8192,421.301
3,mimalloc,zeroed,65536,64,1,basic,yes,7,8192,1870.96
3,jemalloc,zeroed,65536,64,1,basic,yes,7,8192,1846.77
3,mimalloc,reallocate,65536,64,1,basic,yes,7,8192,2220.39
3,jemalloc,reallocate,65536,64,1,basic,yes,7,8192,753.906
3,mimalloc,reallocate_zeroed,65536,64,1,basic,yes,7,8192,3547.57
3,jemalloc,reallocate_zeroed,65536,64,1,basic,yes,7,8192,2149.17
3,mimalloc,batch,65536,64,1,basic,yes,7,8192,130.469
3,jemalloc,batch,65536,64,1,basic,yes,7,8192,435.4
3,mimalloc,mixed_lifetime,65536,64,1,basic,yes,7,8192,55.2002
3,jemalloc,mixed_lifetime,65536,64,1,basic,yes,7,8192,458.972
3,mimalloc,owned_block,65536,64,1,basic,yes,7,8192,2238.04
3,jemalloc,owned_block,65536,64,1,basic,yes,7,8192,753.833
3,standard,raw,65536,256,1,disabled,no,7,8192,50.9277
3,mimalloc,raw,65536,256,1,disabled,no,7,8192,33.1787
3,jemalloc,raw,65536,256,1,disabled,no,7,8192,395.654
3,standard,zeroed,65536,256,1,disabled,no,7,8192,1473.03
3,mimalloc,zeroed,65536,256,1,disabled,no,7,8192,1827.95
3,jemalloc,zeroed,65536,256,1,disabled,no,7,8192,1807.75
3,standard,reallocate,65536,256,1,disabled,no,7,8192,1781.68
3,mimalloc,reallocate,65536,256,1,disabled,no,7,8192,2183.85
3,jemalloc,reallocate,65536,256,1,disabled,no,7,8192,698.975
3,standard,reallocate_zeroed,65536,256,1,disabled,no,7,8192,3593.01
3,mimalloc,reallocate_zeroed,65536,256,1,disabled,no,7,8192,3791.51
3,jemalloc,reallocate_zeroed,65536,256,1,disabled,no,7,8192,2287.3
3,standard,batch,65536,256,1,disabled,no,7,8192,1844.14
3,mimalloc,batch,65536,256,1,disabled,no,7,8192,118.714
3,jemalloc,batch,65536,256,1,disabled,no,7,8192,425.637
3,standard,mixed_lifetime,65536,256,1,disabled,no,7,8192,241.594
3,mimalloc,mixed_lifetime,65536,256,1,disabled,no,7,8192,53.6907
3,jemalloc,mixed_lifetime,65536,256,1,disabled,no,7,8192,297.441
3,standard,owned_block,65536,256,1,disabled,no,7,8192,1950.48
3,mimalloc,owned_block,65536,256,1,disabled,no,7,8192,2982.21
3,jemalloc,owned_block,65536,256,1,disabled,no,7,8192,781.621
3,mimalloc,raw,65536,256,1,disabled,yes,7,8192,35.9965
3,jemalloc,raw,65536,256,1,disabled,yes,7,8192,442.537
3,mimalloc,zeroed,65536,256,1,disabled,yes,7,8192,1983.51
3,jemalloc,zeroed,65536,256,1,disabled,yes,7,8192,2275.38
3,mimalloc,reallocate,65536,256,1,disabled,yes,7,8192,2360.61
3,jemalloc,reallocate,65536,256,1,disabled,yes,7,8192,791.619
3,mimalloc,reallocate_zeroed,65536,256,1,disabled,yes,7,8192,3811.72
3,jemalloc,reallocate_zeroed,65536,256,1,disabled,yes,7,8192,2310.6
3,mimalloc,batch,65536,256,1,disabled,yes,7,8192,121.28
3,jemalloc,batch,65536,256,1,disabled,yes,7,8192,458.922
3,mimalloc,mixed_lifetime,65536,256,1,disabled,yes,7,8192,52.9764
3,jemalloc,mixed_lifetime,65536,256,1,disabled,yes,7,8192,500.024
3,mimalloc,owned_block,65536,256,1,disabled,yes,7,8192,2390.61
3,jemalloc,owned_block,65536,256,1,disabled,yes,7,8192,805.081
3,mimalloc,raw,65536,256,1,basic,yes,7,8192,64.8386
3,jemalloc,raw,65536,256,1,basic,yes,7,8192,457.084
3,mimalloc,zeroed,65536,256,1,basic,yes,7,8192,2021.09
3,jemalloc,zeroed,65536,256,1,basic,yes,7,8192,2004.68
3,mimalloc,reallocate,65536,256,1,basic,yes,7,8192,2408.29
3,jemalloc,reallocate,65536,256,1,basic,yes,7,8192,809.511
3,mimalloc,reallocate_zeroed,65536,256,1,basic,yes,7,8192,3902.79
3,jemalloc,reallocate_zeroed,65536,256,1,basic,yes,7,8192,2354.74
3,mimalloc,batch,65536,256,1,basic,yes,7,8192,150.73
3,jemalloc,batch,65536,256,1,basic,yes,7,8192,508.381
3,mimalloc,mixed_lifetime,65536,256,1,basic,yes,7,8192,59.0464
3,jemalloc,mixed_lifetime,65536,256,1,basic,yes,7,8192,499.005
3,mimalloc,owned_block,65536,256,1,basic,yes,7,8192,1984.42
3,jemalloc,owned_block,65536,256,1,basic,yes,7,8192,815.119
3,standard,cross_thread,64,16,2,disabled,no,7,8192,125.855
3,mimalloc,cross_thread,64,16,2,disabled,no,7,8192,48.4406
3,jemalloc,cross_thread,64,16,2,disabled,no,7,8192,54.4312
3,mimalloc,cross_thread,64,16,2,disabled,yes,7,8192,53.307
3,jemalloc,cross_thread,64,16,2,disabled,yes,7,8192,254.885
3,standard,cross_thread,64,16,4,disabled,no,7,8192,120.566
3,mimalloc,cross_thread,64,16,4,disabled,no,7,8192,42.516
3,jemalloc,cross_thread,64,16,4,disabled,no,7,8192,76.3439
3,mimalloc,cross_thread,64,16,4,disabled,yes,7,8192,48.348
3,jemalloc,cross_thread,64,16,4,disabled,yes,7,8192,500.764
3,standard,cross_thread,64,16,8,disabled,no,7,8192,139.331
3,mimalloc,cross_thread,64,16,8,disabled,no,7,8192,53.5187
3,jemalloc,cross_thread,64,16,8,disabled,no,7,8192,154.261
3,mimalloc,cross_thread,64,16,8,disabled,yes,7,8192,49.0488
3,jemalloc,cross_thread,64,16,8,disabled,yes,7,8192,705.635
3,mimalloc,detailed_statistics,0,0,1,disabled,no,7,512,1856.48
3,jemalloc,detailed_statistics,0,0,1,disabled,no,7,512,74162.8
3,mimalloc,detailed_statistics,0,0,1,disabled,yes,7,512,2.34375
3,jemalloc,detailed_statistics,0,0,1,disabled,yes,7,512,78198.3
3,fixed_buffer,stack_mark_rewind,64,16,1,disabled,no,7,8192,4.12598
3,fixed_buffer,stack_mark_rewind,64,64,1,disabled,no,7,8192,4.1748
3,fixed_buffer,stack_mark_rewind,64,256,1,disabled,no,7,8192,4.12598
3,fixed_buffer,stack_mark_rewind,256,16,1,disabled,no,7,8192,4.12598
3,fixed_buffer,stack_mark_rewind,256,64,1,disabled,no,7,8192,4.12598
3,fixed_buffer,stack_mark_rewind,256,256,1,disabled,no,7,8192,4.12598
3,fixed_buffer,stack_mark_rewind,4096,16,1,disabled,no,7,8192,4.15039
3,fixed_buffer,stack_mark_rewind,4096,64,1,disabled,no,7,8192,4.13818
3,fixed_buffer,stack_mark_rewind,4096,256,1,disabled,no,7,8192,4.1748
3,fixed_buffer,stack_mark_rewind,65536,16,1,disabled,no,7,8192,4.12598
3,fixed_buffer,stack_mark_rewind,65536,64,1,disabled,no,7,8192,4.26025
3,fixed_buffer,stack_mark_rewind,65536,256,1,disabled,no,7,8192,4.12598
3,standard,raw,64,16,1,basic,no,7,8192,40.4419
3,mimalloc,raw,64,16,1,basic,no,7,8192,33.5692
3,jemalloc,raw,64,16,1,basic,no,7,8192,45.4589
3,standard,zeroed,64,16,1,basic,no,7,8192,42.5171
3,mimalloc,zeroed,64,16,1,basic,no,7,8192,35.4857
3,jemalloc,zeroed,64,16,1,basic,no,7,8192,46.4478
3,standard,reallocate,64,16,1,basic,no,7,8192,79.2113
3,mimalloc,reallocate,64,16,1,basic,no,7,8192,63.3057
3,jemalloc,reallocate,64,16,1,basic,no,7,8192,103.418
3,standard,reallocate_zeroed,64,16,1,basic,no,7,8192,74.0233
3,mimalloc,reallocate_zeroed,64,16,1,basic,no,7,8192,61.267
3,jemalloc,reallocate_zeroed,64,16,1,basic,no,7,8192,91.9066
3,standard,batch,64,16,1,basic,no,7,8192,43.4325
3,mimalloc,batch,64,16,1,basic,no,7,8192,34.4359
3,jemalloc,batch,64,16,1,basic,no,7,8192,45.5077
3,standard,mixed_lifetime,64,16,1,basic,no,7,8192,31.2133
3,mimalloc,mixed_lifetime,64,16,1,basic,no,7,8192,23.3887
3,jemalloc,mixed_lifetime,64,16,1,basic,no,7,8192,29.0039
3,standard,owned_block,64,16,1,basic,no,7,8192,74.7924
3,mimalloc,owned_block,64,16,1,basic,no,7,8192,68.4692
3,jemalloc,owned_block,64,16,1,basic,no,7,8192,98.9989
3,standard,typed_raw,64,1,1,basic,no,7,8192,37.3412
3,mimalloc,typed_raw,64,1,1,basic,no,7,8192,32.4951
3,jemalloc,typed_raw,64,1,1,basic,no,7,8192,40.1855
3,standard,create_destroy,64,1,1,basic,no,7,8192,39.27
3,mimalloc,create_destroy,64,1,1,basic,no,7,8192,35.974
3,jemalloc,create_destroy,64,1,1,basic,no,7,8192,43.2128
3,standard,object,64,1,1,basic,no,7,8192,37.9761
3,mimalloc,object,64,1,1,basic,no,7,8192,32.0923
3,jemalloc,object,64,1,1,basic,no,7,8192,41.9921
3,standard,shared_object,64,1,1,basic,no,7,8192,43.5546
3,mimalloc,shared_object,64,1,1,basic,no,7,8192,38.9403
3,jemalloc,shared_object,64,1,1,basic,no,7,8192,51.1229
3,standard,array,64,1,1,basic,no,7,8192,41.4305
3,mimalloc,array,64,1,1,basic,no,7,8192,36.0596
3,jemalloc,array,64,1,1,basic,no,7,8192,44.348
3,standard,std_vector,256,8,1,basic,no,7,8192,279.309
3,mimalloc,std_vector,256,8,1,basic,no,7,8192,240.332
3,jemalloc,std_vector,256,8,1,basic,no,7,8192,293.322
3,standard,pmr_vector,256,8,1,basic,no,7,8192,280.346
3,mimalloc,pmr_vector,256,8,1,basic,no,7,8192,249.243
3,jemalloc,pmr_vector,256,8,1,basic,no,7,8192,302.783
3,standard,raw,64,64,1,basic,no,7,8192,41.7479
3,mimalloc,raw,64,64,1,basic,no,7,8192,35.2905
3,jemalloc,raw,64,64,1,basic,no,7,8192,45.2515
3,standard,zeroed,64,64,1,basic,no,7,8192,43.0297
3,mimalloc,zeroed,64,64,1,basic,no,7,8192,33.9233
3,jemalloc,zeroed,64,64,1,basic,no,7,8192,45.6787
3,standard,reallocate,64,64,1,basic,no,7,8192,82.5316
3,mimalloc,reallocate,64,64,1,basic,no,7,8192,67.6635
3,jemalloc,reallocate,64,64,1,basic,no,7,8192,105.737
3,standard,reallocate_zeroed,64,64,1,basic,no,7,8192,74.5482
3,mimalloc,reallocate_zeroed,64,64,1,basic,no,7,8192,64.0013
3,jemalloc,reallocate_zeroed,64,64,1,basic,no,7,8192,95.5199
3,standard,batch,64,64,1,basic,no,7,8192,95.3734
3,mimalloc,batch,64,64,1,basic,no,7,8192,37.1582
3,jemalloc,batch,64,64,1,basic,no,7,8192,46.3623
3,standard,mixed_lifetime,64,64,1,basic,no,7,8192,45.2635
3,mimalloc,mixed_lifetime,64,64,1,basic,no,7,8192,20.8618
3,jemalloc,mixed_lifetime,64,64,1,basic,no,7,8192,27.2339
3,standard,owned_block,64,64,1,basic,no,7,8192,77.1483
3,mimalloc,owned_block,64,64,1,basic,no,7,8192,66.5648
3,jemalloc,owned_block,64,64,1,basic,no,7,8192,90.1244
3,standard,raw,64,256,1,basic,no,7,8192,41.101
3,mimalloc,raw,64,256,1,basic,no,7,8192,43.6157
3,jemalloc,raw,64,256,1,basic,no,7,8192,43.811
3,standard,zeroed,64,256,1,basic,no,7,8192,42.1508
3,mimalloc,zeroed,64,256,1,basic,no,7,8192,36.0717
3,jemalloc,zeroed,64,256,1,basic,no,7,8192,45.2026
3,standard,reallocate,64,256,1,basic,no,7,8192,95.7885
3,mimalloc,reallocate,64,256,1,basic,no,7,8192,67.1874
3,jemalloc,reallocate,64,256,1,basic,no,7,8192,80.5786
3,standard,reallocate_zeroed,64,256,1,basic,no,7,8192,83.0931
3,mimalloc,reallocate_zeroed,64,256,1,basic,no,7,8192,52.3682
3,jemalloc,reallocate_zeroed,64,256,1,basic,no,7,8192,63.2811
3,standard,batch,64,256,1,basic,no,7,8192,66.1986
3,mimalloc,batch,64,256,1,basic,no,7,8192,28.8574
3,jemalloc,batch,64,256,1,basic,no,7,8192,39.9536
3,standard,mixed_lifetime,64,256,1,basic,no,7,8192,43.6646
3,mimalloc,mixed_lifetime,64,256,1,basic,no,7,8192,18.3838
3,jemalloc,mixed_lifetime,64,256,1,basic,no,7,8192,17.8223
3,standard,owned_block,64,256,1,basic,no,7,8192,85.9252
3,mimalloc,owned_block,64,256,1,basic,no,7,8192,67.7611
3,jemalloc,owned_block,64,256,1,basic,no,7,8192,84.2406
3,standard,raw,256,16,1,basic,no,7,8192,40.4419
3,mimalloc,raw,256,16,1,basic,no,7,8192,33.6304
3,jemalloc,raw,256,16,1,basic,no,7,8192,43.7133
3,standard,zeroed,256,16,1,basic,no,7,8192,44.2504
3,mimalloc,zeroed,256,16,1,basic,no,7,8192,36.1328
3,jemalloc,zeroed,256,16,1,basic,no,7,8192,45.8007
3,standard,reallocate,256,16,1,basic,no,7,8192,85.2904
3,mimalloc,reallocate,256,16,1,basic,no,7,8192,71.8383
3,jemalloc,reallocate,256,16,1,basic,no,7,8192,105.347
3,standard,reallocate_zeroed,256,16,1,basic,no,7,8192,86.4501
3,mimalloc,reallocate_zeroed,256,16,1,basic,no,7,8192,71.4965
3,jemalloc,reallocate_zeroed,256,16,1,basic,no,7,8192,95.0316
3,standard,batch,256,16,1,basic,no,7,8192,61.8773
3,mimalloc,batch,256,16,1,basic,no,7,8192,36.7188
3,jemalloc,batch,256,16,1,basic,no,7,8192,62.5366
3,standard,mixed_lifetime,256,16,1,basic,no,7,8192,34.4847
3,mimalloc,mixed_lifetime,256,16,1,basic,no,7,8192,23.9258
3,jemalloc,mixed_lifetime,256,16,1,basic,no,7,8192,32.0923
3,standard,owned_block,256,16,1,basic,no,7,8192,75.3783
3,mimalloc,owned_block,256,16,1,basic,no,7,8192,63.6595
3,jemalloc,owned_block,256,16,1,basic,no,7,8192,91.3817
3,standard,typed_raw,256,1,1,basic,no,7,8192,41.8944
3,mimalloc,typed_raw,256,1,1,basic,no,7,8192,37.1826
3,jemalloc,typed_raw,256,1,1,basic,no,7,8192,45.6543
3,standard,array,256,1,1,basic,no,7,8192,43.1884
3,mimalloc,array,256,1,1,basic,no,7,8192,38.2689
3,jemalloc,array,256,1,1,basic,no,7,8192,47.6683
3,standard,raw,256,64,1,basic,no,7,8192,40.1
3,mimalloc,raw,256,64,1,basic,no,7,8192,34.1797
3,jemalloc,raw,256,64,1,basic,no,7,8192,44.2871
3,standard,zeroed,256,64,1,basic,no,7,8192,44.2505
3,mimalloc,zeroed,256,64,1,basic,no,7,8192,37.5488
3,jemalloc,zeroed,256,64,1,basic,no,7,8192,47.4609
3,standard,reallocate,256,64,1,basic,no,7,8192,79.3457
3,mimalloc,reallocate,256,64,1,basic,no,7,8192,59.1918
3,jemalloc,reallocate,256,64,1,basic,no,7,8192,88.6473
3,standard,reallocate_zeroed,256,64,1,basic,no,7,8192,84.0942
3,mimalloc,reallocate_zeroed,256,64,1,basic,no,7,8192,64.7095
3,jemalloc,reallocate_zeroed,256,64,1,basic,no,7,8192,90.8202
3,standard,batch,256,64,1,basic,no,7,8192,106.14
3,mimalloc,batch,256,64,1,basic,no,7,8192,36.6821
3,jemalloc,batch,256,64,1,basic,no,7,8192,58.2396
3,standard,mixed_lifetime,256,64,1,basic,no,7,8192,62.2559
3,mimalloc,mixed_lifetime,256,64,1,basic,no,7,8192,21.5332
3,jemalloc,mixed_lifetime,256,64,1,basic,no,7,8192,26.3794
3,standard,owned_block,256,64,1,basic,no,7,8192,86.3646
3,mimalloc,owned_block,256,64,1,basic,no,7,8192,73.6571
3,jemalloc,owned_block,256,64,1,basic,no,7,8192,97.5219
3,standard,raw,256,256,1,basic,no,7,8192,85.5956
3,mimalloc,raw,256,256,1,basic,no,7,8192,33.6425
3,jemalloc,raw,256,256,1,basic,no,7,8192,44.9829
3,standard,zeroed,256,256,1,basic,no,7,8192,95.2269
3,mimalloc,zeroed,256,256,1,basic,no,7,8192,37.9272
3,jemalloc,zeroed,256,256,1,basic,no,7,8192,51.7699
3,standard,reallocate,256,256,1,basic,no,7,8192,151.538
3,mimalloc,reallocate,256,256,1,basic,no,7,8192,59.3505
3,jemalloc,reallocate,256,256,1,basic,no,7,8192,88.4886
3,standard,reallocate_zeroed,256,256,1,basic,no,7,8192,147.937
3,mimalloc,reallocate_zeroed,256,256,1,basic,no,7,8192,65.454
3,jemalloc,reallocate_zeroed,256,256,1,basic,no,7,8192,91.8944
3,standard,batch,256,256,1,basic,no,7,8192,107.019
3,mimalloc,batch,256,256,1,basic,no,7,8192,34.9852
3,jemalloc,batch,256,256,1,basic,no,7,8192,61.1327
3,standard,mixed_lifetime,256,256,1,basic,no,7,8192,87.9149
3,mimalloc,mixed_lifetime,256,256,1,basic,no,7,8192,24.9023
3,jemalloc,mixed_lifetime,256,256,1,basic,no,7,8192,31.3231
3,standard,owned_block,256,256,1,basic,no,7,8192,189.844
3,mimalloc,owned_block,256,256,1,basic,no,7,8192,70.459
3,jemalloc,owned_block,256,256,1,basic,no,7,8192,110.364
3,standard,raw,4096,16,1,basic,no,7,8192,62.5488
3,mimalloc,raw,4096,16,1,basic,no,7,8192,57.2875
3,jemalloc,raw,4096,16,1,basic,no,7,8192,47.1558
3,standard,zeroed,4096,16,1,basic,no,7,8192,105.578
3,mimalloc,zeroed,4096,16,1,basic,no,7,8192,94.6288
3,jemalloc,zeroed,4096,16,1,basic,no,7,8192,82.9222
3,standard,reallocate,4096,16,1,basic,no,7,8192,141.675
3,mimalloc,reallocate,4096,16,1,basic,no,7,8192,154.004
3,jemalloc,reallocate,4096,16,1,basic,no,7,8192,154.443
3,standard,reallocate_zeroed,4096,16,1,basic,no,7,8192,178.393
3,mimalloc,reallocate_zeroed,4096,16,1,basic,no,7,8192,180.871
3,jemalloc,reallocate_zeroed,4096,16,1,basic,no,7,8192,155.456
3,standard,batch,4096,16,1,basic,no,7,8192,824.608
3,mimalloc,batch,4096,16,1,basic,no,7,8192,75.5614
3,jemalloc,batch,4096,16,1,basic,no,7,8192,185.827
3,standard,mixed_lifetime,4096,16,1,basic,no,7,8192,183.301
3,mimalloc,mixed_lifetime,4096,16,1,basic,no,7,8192,44.5923
3,jemalloc,mixed_lifetime,4096,16,1,basic,no,7,8192,119.873
3,standard,owned_block,4096,16,1,basic,no,7,8192,142.517
3,mimalloc,owned_block,4096,16,1,basic,no,7,8192,181.311
3,jemalloc,owned_block,4096,16,1,basic,no,7,8192,161.719
3,standard,typed_raw,4096,1,1,basic,no,7,8192,66.1132
3,mimalloc,typed_raw,4096,1,1,basic,no,7,8192,60.1683
3,jemalloc,typed_raw,4096,1,1,basic,no,7,8192,48.3275
3,standard,array,4096,1,1,basic,no,7,8192,95.41
3,mimalloc,array,4096,1,1,basic,no,7,8192,101.953
3,jemalloc,array,4096,1,1,basic,no,7,8192,69.4823
3,standard,raw,4096,64,1,basic,no,7,8192,87.2192
3,mimalloc,raw,4096,64,1,basic,no,7,8192,59.4481
3,jemalloc,raw,4096,64,1,basic,no,7,8192,52.1729
3,standard,zeroed,4096,64,1,basic,no,7,8192,109.912
3,mimalloc,zeroed,4096,64,1,basic,no,7,8192,108.154
3,jemalloc,zeroed,4096,64,1,basic,no,7,8192,75.4637
3,standard,reallocate,4096,64,1,basic,no,7,8192,183.264
3,mimalloc,reallocate,4096,64,1,basic,no,7,8192,159.082
3,jemalloc,reallocate,4096,64,1,basic,no,7,8192,127.685
3,standard,reallocate_zeroed,4096,64,1,basic,no,7,8192,218.323
3,mimalloc,reallocate_zeroed,4096,64,1,basic,no,7,8192,170.508
3,jemalloc,reallocate_zeroed,4096,64,1,basic,no,7,8192,157.104
3,standard,batch,4096,64,1,basic,no,7,8192,883.751
3,mimalloc,batch,4096,64,1,basic,no,7,8192,81.6406
3,jemalloc,batch,4096,64,1,basic,no,7,8192,206.115
3,standard,mixed_lifetime,4096,64,1,basic,no,7,8192,181.128
3,mimalloc,mixed_lifetime,4096,64,1,basic,no,7,8192,46.4722
3,jemalloc,mixed_lifetime,4096,64,1,basic,no,7,8192,100.354
3,standard,owned_block,4096,64,1,basic,no,7,8192,175.024
3,mimalloc,owned_block,4096,64,1,basic,no,7,8192,184.265
3,jemalloc,owned_block,4096,64,1,basic,no,7,8192,131.763
3,standard,raw,4096,256,1,basic,no,7,8192,82.849
3,mimalloc,raw,4096,256,1,basic,no,7,8192,58.606
3,jemalloc,raw,4096,256,1,basic,no,7,8192,50.5126
3,standard,zeroed,4096,256,1,basic,no,7,8192,122.375
3,mimalloc,zeroed,4096,256,1,basic,no,7,8192,106.628
3,jemalloc,zeroed,4096,256,1,basic,no,7,8192,77.1727
3,standard,reallocate,4096,256,1,basic,no,7,8192,192.883
3,mimalloc,reallocate,4096,256,1,basic,no,7,8192,141.662
3,jemalloc,reallocate,4096,256,1,basic,no,7,8192,127.234
3,standard,reallocate_zeroed,4096,256,1,basic,no,7,8192,152.099
3,mimalloc,reallocate_zeroed,4096,256,1,basic,no,7,8192,129.846
3,jemalloc,reallocate_zeroed,4096,256,1,basic,no,7,8192,116.357
3,standard,batch,4096,256,1,basic,no,7,8192,851.671
3,mimalloc,batch,4096,256,1,basic,no,7,8192,53.3081
3,jemalloc,batch,4096,256,1,basic,no,7,8192,187.097
3,standard,mixed_lifetime,4096,256,1,basic,no,7,8192,177.563
3,mimalloc,mixed_lifetime,4096,256,1,basic,no,7,8192,43.4081
3,jemalloc,mixed_lifetime,4096,256,1,basic,no,7,8192,109.424
3,standard,owned_block,4096,256,1,basic,no,7,8192,180.432
3,mimalloc,owned_block,4096,256,1,basic,no,7,8192,173.596
3,jemalloc,owned_block,4096,256,1,basic,no,7,8192,138.635
3,standard,raw,65536,16,1,basic,no,7,8192,50.1099
3,mimalloc,raw,65536,16,1,basic,no,7,8192,59.7655
3,jemalloc,raw,65536,16,1,basic,no,7,8192,405.468
3,standard,zeroed,65536,16,1,basic,no,7,8192,1450.49
3,mimalloc,zeroed,65536,16,1,basic,no,7,8192,1857.97
3,jemalloc,zeroed,65536,16,1,basic,no,7,8192,1918.91
3,standard,reallocate,65536,16,1,basic,no,7,8192,11852.4
3,mimalloc,reallocate,65536,16,1,basic,no,7,8192,2265.7
3,jemalloc,reallocate,65536,16,1,basic,no,7,8192,723.693
3,standard,reallocate_zeroed,65536,16,1,basic,no,7,8192,41175.5
3,mimalloc,reallocate_zeroed,65536,16,1,basic,no,7,8192,3822.18
3,jemalloc,reallocate_zeroed,65536,16,1,basic,no,7,8192,2311.98
3,standard,batch,65536,16,1,basic,no,7,8192,1709.25
3,mimalloc,batch,65536,16,1,basic,no,7,8192,138.829
3,jemalloc,batch,65536,16,1,basic,no,7,8192,423.733
3,standard,mixed_lifetime,65536,16,1,basic,no,7,8192,192.77
3,mimalloc,mixed_lifetime,65536,16,1,basic,no,7,8192,58.2397
3,jemalloc,mixed_lifetime,65536,16,1,basic,no,7,8192,297.017
3,standard,owned_block,65536,16,1,basic,no,7,8192,2016.6
3,mimalloc,owned_block,65536,16,1,basic,no,7,8192,2354.21
3,jemalloc,owned_block,65536,16,1,basic,no,7,8192,804.645
3,standard,typed_raw,65536,1,1,basic,no,7,8192,45.9839
3,mimalloc,typed_raw,65536,1,1,basic,no,7,8192,54.2358
3,jemalloc,typed_raw,65536,1,1,basic,no,7,8192,411.768
3,standard,array,65536,1,1,basic,no,7,8192,1496.92
3,mimalloc,array,65536,1,1,basic,no,7,8192,1501.93
3,jemalloc,array,65536,1,1,basic,no,7,8192,1832.17
3,standard,raw,65536,64,1,basic,no,7,8192,53.8574
3,mimalloc,raw,65536,64,1,basic,no,7,8192,58.4595
3,jemalloc,raw,65536,64,1,basic,no,7,8192,409.448
3,standard,zeroed,65536,64,1,basic,no,7,8192,1498.56
3,mimalloc,zeroed,65536,64,1,basic,no,7,8192,1857.01
3,jemalloc,zeroed,65536,64,1,basic,no,7,8192,1829.33
3,standard,reallocate,65536,64,1,basic,no,7,8192,1804.94
3,mimalloc,reallocate,65536,64,1,basic,no,7,8192,2208.12
3,jemalloc,reallocate,65536,64,1,basic,no,7,8192,727.991
3,standard,reallocate_zeroed,65536,64,1,basic,no,7,8192,3590
3,mimalloc,reallocate_zeroed,65536,64,1,basic,no,7,8192,3528.04
3,jemalloc,reallocate_zeroed,65536,64,1,basic,no,7,8192,2142.2
3,standard,batch,65536,64,1,basic,no,7,8192,1686.12
3,mimalloc,batch,65536,64,1,basic,no,7,8192,128.687
3,jemalloc,batch,65536,64,1,basic,no,7,8192,406.983
3,standard,mixed_lifetime,65536,64,1,basic,no,7,8192,238.464
3,mimalloc,mixed_lifetime,65536,64,1,basic,no,7,8192,56.5063
3,jemalloc,mixed_lifetime,65536,64,1,basic,no,7,8192,310.864
3,standard,owned_block,65536,64,1,basic,no,7,8192,1838.32
3,mimalloc,owned_block,65536,64,1,basic,no,7,8192,2129.2
3,jemalloc,owned_block,65536,64,1,basic,no,7,8192,742.542
3,standard,raw,65536,256,1,basic,no,7,8192,60.8887
3,mimalloc,raw,65536,256,1,basic,no,7,8192,59.5581
3,jemalloc,raw,65536,256,1,basic,no,7,8192,407.202
3,standard,zeroed,65536,256,1,basic,no,7,8192,1503.56
3,mimalloc,zeroed,65536,256,1,basic,no,7,8192,1851.16
3,jemalloc,zeroed,65536,256,1,basic,no,7,8192,1826.97
3,standard,reallocate,65536,256,1,basic,no,7,8192,1821.92
3,mimalloc,reallocate,65536,256,1,basic,no,7,8192,2220.51
3,jemalloc,reallocate,65536,256,1,basic,no,7,8192,727.722
3,standard,reallocate_zeroed,65536,256,1,basic,no,7,8192,3338.18
3,mimalloc,reallocate_zeroed,65536,256,1,basic,no,7,8192,3506.21
3,jemalloc,reallocate_zeroed,65536,256,1,basic,no,7,8192,2127.08
3,standard,batch,65536,256,1,basic,no,7,8192,1741.83
3,mimalloc,batch,65536,256,1,basic,no,7,8192,131.091
3,jemalloc,batch,65536,256,1,basic,no,7,8192,414.185
3,standard,mixed_lifetime,65536,256,1,basic,no,7,8192,231.885
3,mimalloc,mixed_lifetime,65536,256,1,basic,no,7,8192,54.4312
3,jemalloc,mixed_lifetime,65536,256,1,basic,no,7,8192,274.316
3,standard,owned_block,65536,256,1,basic,no,7,8192,1835.78
3,mimalloc,owned_block,65536,256,1,basic,no,7,8192,3445.25
3,jemalloc,owned_block,65536,256,1,basic,no,7,8192,739.526
