trial,backend,workload,bytes,alignment,threads,statistics,heap,repetitions,operations,median_ns_per_operation
1,standard,raw,64,16,1,disabled,no,7,8192,49.4629
1,mimalloc,raw,64,16,1,disabled,no,7,8192,12.8174
1,jemalloc,raw,64,16,1,disabled,no,7,8192,39.6851
1,standard,zeroed,64,16,1,disabled,no,7,8192,56.2988
1,mimalloc,zeroed,64,16,1,disabled,no,7,8192,39.0259
1,jemalloc,zeroed,64,16,1,disabled,no,7,8192,43.9453
1,standard,reallocate,64,16,1,disabled,no,7,8192,105.957
1,mimalloc,reallocate,64,16,1,disabled,no,7,8192,32.8613
1,jemalloc,reallocate,64,16,1,disabled,no,7,8192,118.445
1,standard,reallocate_zeroed,64,16,1,disabled,no,7,8192,113.708
1,mimalloc,reallocate_zeroed,64,16,1,disabled,no,7,8192,37.8174
1,jemalloc,reallocate_zeroed,64,16,1,disabled,no,7,8192,128.955
1,standard,batch,64,16,1,disabled,no,7,8192,55.1636
1,mimalloc,batch,64,16,1,disabled,no,7,8192,10.8032
1,jemalloc,batch,64,16,1,disabled,no,7,8192,48.1201
1,standard,mixed_lifetime,64,16,1,disabled,no,7,8192,33.313
1,mimalloc,mixed_lifetime,64,16,1,disabled,no,7,8192,13.3301
1,jemalloc,mixed_lifetime,64,16,1,disabled,no,7,8192,26.3062
1,standard,owned_block,64,16,1,disabled,no,7,8192,109.351
1,mimalloc,owned_block,64,16,1,disabled,no,7,8192,36.2915
1,jemalloc,owned_block,64,16,1,disabled,no,7,8192,122.766
1,standard,typed_raw,64,1,1,disabled,no,7,8192,48.3154
1,mimalloc,typed_raw,64,1,1,disabled,no,7,8192,9.63135
1,jemalloc,typed_raw,64,1,1,disabled,no,7,8192,36.4258
1,standard,create_destroy,64,1,1,disabled,no,7,8192,49.585
1,mimalloc,create_destroy,64,1,1,disabled,no,7,8192,10.5835
1,jemalloc,create_destroy,64,1,1,disabled,no,7,8192,37.0361
1,standard,object,64,1,1,disabled,no,7,8192,49.9756
1,mimalloc,object,64,1,1,disabled,no,7,8192,10.5835
1,jemalloc,object,64,1,1,disabled,no,7,8192,36.5845
1,standard,shared_object,64,1,1,disabled,no,7,8192,54.9561
1,mimalloc,shared_object,64,1,1,disabled,no,7,8192,14.563
1,jemalloc,shared_object,64,1,1,disabled,no,7,8192,46.5454
1,standard,array,64,1,1,disabled,no,7,8192,66.5283
1,mimalloc,array,64,1,1,disabled,no,7,8192,19.519
1,jemalloc,array,64,1,1,disabled,no,7,8192,42.2119
1,standard,std_vector,256,8,1,disabled,no,7,8192,598.315
1,mimalloc,std_vector,256,8,1,disabled,no,7,8192,210.12
1,jemalloc,std_vector,256,8,1,disabled,no,7,8192,513.965
1,standard,pmr_vector,256,8,1,disabled,no,7,8192,610.754
1,mimalloc,pmr_vector,256,8,1,disabled,no,7,8192,197.095
1,jemalloc,pmr_vector,256,8,1,disabled,no,7,8192,554.236
1,mimalloc,raw,64,16,1,disabled,yes,7,8192,14.0503
1,jemalloc,raw,64,16,1,disabled,yes,7,8192,318.994
1,mimalloc,zeroed,64,16,1,disabled,yes,7,8192,39.5508
1,jemalloc,zeroed,64,16,1,disabled,yes,7,8192,320.483
1,mimalloc,reallocate,64,16,1,disabled,yes,7,8192,33.5815
1,jemalloc,reallocate,64,16,1,disabled,yes,7,8192,658.008
1,mimalloc,reallocate_zeroed,64,16,1,disabled,yes,7,8192,39.0503
1,jemalloc,reallocate_zeroed,64,16,1,disabled,yes,7,8192,677.283
1,mimalloc,batch,64,16,1,disabled,yes,7,8192,12.6099
1,jemalloc,batch,64,16,1,disabled,yes,7,8192,133.887
1,mimalloc,mixed_lifetime,64,16,1,disabled,yes,7,8192,13.501
1,jemalloc,mixed_lifetime,64,16,1,disabled,yes,7,8192,77.0142
1,mimalloc,owned_block,64,16,1,disabled,yes,7,8192,37.9639
1,jemalloc,owned_block,64,16,1,disabled,yes,7,8192,676.562
1,mimalloc,typed_raw,64,1,1,disabled,yes,7,8192,10.8765
1,jemalloc,typed_raw,64,1,1,disabled,yes,7,8192,314.734
1,mimalloc,create_destroy,64,1,1,disabled,yes,7,8192,11.8042
1,jemalloc,create_destroy,64,1,1,disabled,yes,7,8192,317.114
1,mimalloc,object,64,1,1,disabled,yes,7,8192,12.3657
1,jemalloc,object,64,1,1,disabled,yes,7,8192,317.517
1,mimalloc,shared_object,64,1,1,disabled,yes,7,8192,15.6006
1,jemalloc,shared_object,64,1,1,disabled,yes,7,8192,347.864
1,mimalloc,array,64,1,1,disabled,yes,7,8192,17.3584
1,jemalloc,array,64,1,1,disabled,yes,7,8192,320.581
1,mimalloc,std_vector,256,8,1,disabled,yes,7,8192,212.781
1,jemalloc,std_vector,256,8,1,disabled,yes,7,8192,3605.58
1,mimalloc,pmr_vector,256,8,1,disabled,yes,7,8192,201.196
1,jemalloc,pmr_vector,256,8,1,disabled,yes,7,8192,3512.04
1,mimalloc,raw,64,16,1,basic,yes,7,8192,14.7461
1,jemalloc,raw,64,16,1,basic,yes,7,8192,325.684
1,mimalloc,zeroed,64,16,1,basic,yes,7,8192,44.2139
1,jemalloc,zeroed,64,16,1,basic,yes,7,8192,328.174
1,mimalloc,reallocate,64,16,1,basic,yes,7,8192,40.2588
1,jemalloc,reallocate,64,16,1,basic,yes,7,8192,675.342
1,mimalloc,reallocate_zeroed,64,16,1,basic,yes,7,8192,45.5933
1,jemalloc,reallocate_zeroed,64,16,1,basic,yes,7,8192,688.464
1,mimalloc,batch,64,16,1,basic,yes,7,8192,14.9536
1,jemalloc,batch,64,16,1,basic,yes,7,8192,137.463
1,mimalloc,mixed_lifetime,64,16,1,basic,yes,7,8192,15.4175
1,jemalloc,mixed_lifetime,64,16,1,basic,yes,7,8192,80.3589
1,mimalloc,owned_block,64,16,1,basic,yes,7,8192,44.5801
1,jemalloc,owned_block,64,16,1,basic,yes,7,8192,692.395
1,mimalloc,typed_raw,64,1,1,basic,yes,7,8192,14.0137
1,jemalloc,typed_raw,64,1,1,basic,yes,7,8192,317.542
1,mimalloc,create_destroy,64,1,1,basic,yes,7,8192,15.564
1,jemalloc,create_destroy,64,1,1,basic,yes,7,8192,318.323
1,mimalloc,object,64,1,1,basic,yes,7,8192,15.8936
1,jemalloc,object,64,1,1,basic,yes,7,8192,317.871
1,mimalloc,shared_object,64,1,1,basic,yes,7,8192,23.5107
1,jemalloc,shared_object,64,1,1,basic,yes,7,8192,353.784
1,mimalloc,array,64,1,1,basic,yes,7,8192,19.8975
1,jemalloc,array,64,1,1,basic,yes,7,8192,320.618
1,mimalloc,std_vector,256,8,1,basic,yes,7,8192,241.089
1,jemalloc,std_vector,256,8,1,basic,yes,7,8192,3660.75
1,mimalloc,pmr_vector,256,8,1,basic,yes,7,8192,232.959
1,jemalloc,pmr_vector,256,8,1,basic,yes,7,8192,3581.93
1,standard,raw,64,64,1,disabled,no,7,8192,50.9888
1,mimalloc,raw,64,64,1,disabled,no,7,8192,12.5122
1,jemalloc,raw,64,64,1,disabled,no,7,8192,38.8184
1,standard,zeroed,64,64,1,disabled,no,7,8192,59.2896
1,mimalloc,zeroed,64,64,1,disabled,no,7,8192,38.9893
1,jemalloc,zeroed,64,64,1,disabled,no,7,8192,43.7256
1,standard,reallocate,64,64,1,disabled,no,7,8192,107.202
1,mimalloc,reallocate,64,64,1,disabled,no,7,8192,32.8735
1,jemalloc,reallocate,64,64,1,disabled,no,7,8192,117.847
1,standard,reallocate_zeroed,64,64,1,disabled,no,7,8192,115.991
1,mimalloc,reallocate_zeroed,64,64,1,disabled,no,7,8192,38.6353
1,jemalloc,reallocate_zeroed,64,64,1,disabled,no,7,8192,128.577
1,standard,batch,64,64,1,disabled,no,7,8192,53.894
1,mimalloc,batch,64,64,1,disabled,no,7,8192,11.6943
1,jemalloc,batch,64,64,1,disabled,no,7,8192,48.1079
1,standard,mixed_lifetime,64,64,1,disabled,no,7,8192,34.0332
1,mimalloc,mixed_lifetime,64,64,1,disabled,no,7,8192,12.4023
1,jemalloc,mixed_lifetime,64,64,1,disabled,no,7,8192,26.0254
1,standard,owned_block,64,64,1,disabled,no,7,8192,111.414
1,mimalloc,owned_block,64,64,1,disabled,no,7,8192,36.1694
1,jemalloc,owned_block,64,64,1,disabled,no,7,8192,120.764
1,mimalloc,raw,64,64,1,disabled,yes,7,8192,13.1348
1,jemalloc,raw,64,64,1,disabled,yes,7,8192,318.469
1,mimalloc,zeroed,64,64,1,disabled,yes,7,8192,39.5874
1,jemalloc,zeroed,64,64,1,disabled,yes,7,8192,319.543
1,mimalloc,reallocate,64,64,1,disabled,yes,7,8192,33.9722
1,jemalloc,reallocate,64,64,1,disabled,yes,7,8192,661.658
1,mimalloc,reallocate_zeroed,64,64,1,disabled,yes,7,8192,39.5264
1,jemalloc,reallocate_zeroed,64,64,1,disabled,yes,7,8192,674.585
1,mimalloc,batch,64,64,1,disabled,yes,7,8192,10.7788
1,jemalloc,batch,64,64,1,disabled,yes,7,8192,133.606
1,mimalloc,mixed_lifetime,64,64,1,disabled,yes,7,8192,12.6343
1,jemalloc,mixed_lifetime,64,64,1,disabled,yes,7,8192,77.7954
1,mimalloc,owned_block,64,64,1,disabled,yes,7,8192,38.3911
1,jemalloc,owned_block,64,64,1,disabled,yes,7,8192,676.624
1,mimalloc,raw,64,64,1,basic,yes,7,8192,15.625
1,jemalloc,raw,64,64,1,basic,yes,7,8192,324.695
1,mimalloc,zeroed,64,64,1,basic,yes,7,8192,44.2993
1,jemalloc,zeroed,64,64,1,basic,yes,7,8192,326.038
1,mimalloc,reallocate,64,64,1,basic,yes,7,8192,40.7227
1,jemalloc,reallocate,64,64,1,basic,yes,7,8192,675.879
1,mimalloc,reallocate_zeroed,64,64,1,basic,yes,7,8192,46.1182
1,jemalloc,reallocate_zeroed,64,64,1,basic,yes,7,8192,687.341
1,mimalloc,batch,64,64,1,basic,yes,7,8192,14.8926
1,jemalloc,batch,64,64,1,basic,yes,7,8192,137.085
1,mimalloc,mixed_lifetime,64,64,1,basic,yes,7,8192,15.4663
1,jemalloc,mixed_lifetime,64,64,1,basic,yes,7,8192,80.127
1,mimalloc,owned_block,64,64,1,basic,yes,7,8192,44.9829
1,jemalloc,owned_block,64,64,1,basic,yes,7,8192,691.296
1,standard,raw,64,256,1,disabled,no,7,8192,52.771
1,mimalloc,raw,64,256,1,disabled,no,7,8192,26.1597
1,jemalloc,raw,64,256,1,disabled,no,7,8192,39.8315
1,standard,zeroed,64,256,1,disabled,no,7,8192,58.2642
1,mimalloc,zeroed,64,256,1,disabled,no,7,8192,28.9062
1,jemalloc,zeroed,64,256,1,disabled,no,7,8192,45.7764
1,standard,reallocate,64,256,1,disabled,no,7,8192,110.73
1,mimalloc,reallocate,64,256,1,disabled,no,7,8192,44.8975
1,jemalloc,reallocate,64,256,1,disabled,no,7,8192,107.788
1,standard,reallocate_zeroed,64,256,1,disabled,no,7,8192,118.542
1,mimalloc,reallocate_zeroed,64,256,1,disabled,no,7,8192,52.4902
1,jemalloc,reallocate_zeroed,64,256,1,disabled,no,7,8192,110.901
1,standard,batch,64,256,1,disabled,no,7,8192,50.6348
1,mimalloc,batch,64,256,1,disabled,no,7,8192,22.168
1,jemalloc,batch,64,256,1,disabled,no,7,8192,67.8223
1,standard,mixed_lifetime,64,256,1,disabled,no,7,8192,35.1807
1,mimalloc,mixed_lifetime,64,256,1,disabled,no,7,8192,18.4814
1,jemalloc,mixed_lifetime,64,256,1,disabled,no,7,8192,27.2705
1,standard,owned_block,64,256,1,disabled,no,7,8192,111.182
1,mimalloc,owned_block,64,256,1,disabled,no,7,8192,49.0112
1,jemalloc,owned_block,64,256,1,disabled,no,7,8192,112.549
1,mimalloc,raw,64,256,1,disabled,yes,7,8192,26.0742
1,jemalloc,raw,64,256,1,disabled,yes,7,8192,315.735
1,mimalloc,zeroed,64,256,1,disabled,yes,7,8192,28.9795
1,jemalloc,zeroed,64,256,1,disabled,yes,7,8192,324.744
1,mimalloc,reallocate,64,256,1,disabled,yes,7,8192,44.519
1,jemalloc,reallocate,64,256,1,disabled,yes,7,8192,401.807
1,mimalloc,reallocate_zeroed,64,256,1,disabled,yes,7,8192,51.7334
1,jemalloc,reallocate_zeroed,64,256,1,disabled,yes,7,8192,413.977
1,mimalloc,batch,64,256,1,disabled,yes,7,8192,22.3877
1,jemalloc,batch,64,256,1,disabled,yes,7,8192,144.934
1,mimalloc,mixed_lifetime,64,256,1,disabled,yes,7,8192,18.4448
1,jemalloc,mixed_lifetime,64,256,1,disabled,yes,7,8192,82.5928
1,mimalloc,owned_block,64,256,1,disabled,yes,7,8192,48.6206
1,jemalloc,owned_block,64,256,1,disabled,yes,7,8192,402.551
1,mimalloc,raw,64,256,1,basic,yes,7,8192,28.5645
1,jemalloc,raw,64,256,1,basic,yes,7,8192,320.862
1,mimalloc,zeroed,64,256,1,basic,yes,7,8192,32.3242
1,jemalloc,zeroed,64,256,1,basic,yes,7,8192,334.741
1,mimalloc,reallocate,64,256,1,basic,yes,7,8192,49.6582
1,jemalloc,reallocate,64,256,1,basic,yes,7,8192,415.125
1,mimalloc,reallocate_zeroed,64,256,1,basic,yes,7,8192,55.7617
1,jemalloc,reallocate_zeroed,64,256,1,basic,yes,7,8192,426.855
1,mimalloc,batch,64,256,1,basic,yes,7,8192,28.6133
1,jemalloc,batch,64,256,1,basic,yes,7,8192,148.352
1,mimalloc,mixed_lifetime,64,256,1,basic,yes,7,8192,20.6665
1,jemalloc,mixed_lifetime,64,256,1,basic,yes,7,8192,84.9976
1,mimalloc,owned_block,64,256,1,basic,yes,7,8192,51.4648
1,jemalloc,owned_block,64,256,1,basic,yes,7,8192,419.312
1,standard,raw,256,16,1,disabled,no,7,8192,52.9663
1,mimalloc,raw,256,16,1,disabled,no,7,8192,13.2568
1,jemalloc,raw,256,16,1,disabled,no,7,8192,39.7217
1,standard,zeroed,256,16,1,disabled,no,7,8192,62.2681
1,mimalloc,zeroed,256,16,1,disabled,no,7,8192,18.335
1,jemalloc,zeroed,256,16,1,disabled,no,7,8192,46.7651
1,standard,reallocate,256,16,1,disabled,no,7,8192,111.206
1,mimalloc,reallocate,256,16,1,disabled,no,7,8192,41.2476
1,jemalloc,reallocate,256,16,1,disabled,no,7,8192,120.068
1,standard,reallocate_zeroed,256,16,1,disabled,no,7,8192,118.494
1,mimalloc,reallocate_zeroed,256,16,1,disabled,no,7,8192,45.8496
1,jemalloc,reallocate_zeroed,256,16,1,disabled,no,7,8192,129.175
1,standard,batch,256,16,1,disabled,no,7,8192,57.6416
1,mimalloc,batch,256,16,1,disabled,no,7,8192,12.7563
1,jemalloc,batch,256,16,1,disabled,no,7,8192,66.6992
1,standard,mixed_lifetime,256,16,1,disabled,no,7,8192,35.4126
1,mimalloc,mixed_lifetime,256,16,1,disabled,no,7,8192,13.4033
1,jemalloc,mixed_lifetime,256,16,1,disabled,no,7,8192,27.356
1,standard,owned_block,256,16,1,disabled,no,7,8192,116.345
1,mimalloc,owned_block,256,16,1,disabled,no,7,8192,39.2212
1,jemalloc,owned_block,256,16,1,disabled,no,7,8192,123.425
1,standard,typed_raw,256,1,1,disabled,no,7,8192,48.6328
1,mimalloc,typed_raw,256,1,1,disabled,no,7,8192,11.6455
1,jemalloc,typed_raw,256,1,1,disabled,no,7,8192,36.7798
1,standard,array,256,1,1,disabled,no,7,8192,64.1846
1,mimalloc,array,256,1,1,disabled,no,7,8192,20.3735
1,jemalloc,array,256,1,1,disabled,no,7,8192,42.0044
1,mimalloc,raw,256,16,1,disabled,yes,7,8192,15.9424
1,jemalloc,raw,256,16,1,disabled,yes,7,8192,315.063
1,mimalloc,zeroed,256,16,1,disabled,yes,7,8192,20.6421
1,jemalloc,zeroed,256,16,1,disabled,yes,7,8192,322.864
1,mimalloc,reallocate,256,16,1,disabled,yes,7,8192,39.0747
1,jemalloc,reallocate,256,16,1,disabled,yes,7,8192,662.756
1,mimalloc,reallocate_zeroed,256,16,1,disabled,yes,7,8192,46.167
1,jemalloc,reallocate_zeroed,256,16,1,disabled,yes,7,8192,672.705
1,mimalloc,batch,256,16,1,disabled,yes,7,8192,10.791
1,jemalloc,batch,256,16,1,disabled,yes,7,8192,145.532
1,mimalloc,mixed_lifetime,256,16,1,disabled,yes,7,8192,13.7085
1,jemalloc,mixed_lifetime,256,16,1,disabled,yes,7,8192,89.624
1,mimalloc,owned_block,256,16,1,disabled,yes,7,8192,44.6411
1,jemalloc,owned_block,256,16,1,disabled,yes,7,8192,667.639
1,mimalloc,typed_raw,256,1,1,disabled,yes,7,8192,12.439
1,jemalloc,typed_raw,256,1,1,disabled,yes,7,8192,312
1,mimalloc,array,256,1,1,disabled,yes,7,8192,19.873
1,jemalloc,array,256,1,1,disabled,yes,7,8192,316.113
1,mimalloc,raw,256,16,1,basic,yes,7,8192,18.7012
1,jemalloc,raw,256,16,1,basic,yes,7,8192,324.866
1,mimalloc,zeroed,256,16,1,basic,yes,7,8192,22.1924
1,jemalloc,zeroed,256,16,1,basic,yes,7,8192,334.29
1,mimalloc,reallocate,256,16,1,basic,yes,7,8192,46.2036
1,jemalloc,reallocate,256,16,1,basic,yes,7,8192,676.636
1,mimalloc,reallocate_zeroed,256,16,1,basic,yes,7,8192,52.6733
1,jemalloc,reallocate_zeroed,256,16,1,basic,yes,7,8192,693.079
1,mimalloc,batch,256,16,1,basic,yes,7,8192,14.9536
1,jemalloc,batch,256,16,1,basic,yes,7,8192,148.303
1,mimalloc,mixed_lifetime,256,16,1,basic,yes,7,8192,16.3574
1,jemalloc,mixed_lifetime,256,16,1,basic,yes,7,8192,92.3584
1,mimalloc,owned_block,256,16,1,basic,yes,7,8192,48.8037
1,jemalloc,owned_block,256,16,1,basic,yes,7,8192,682.922
1,mimalloc,typed_raw,256,1,1,basic,yes,7,8192,15.5151
1,jemalloc,typed_raw,256,1,1,basic,yes,7,8192,314.514
1,mimalloc,array,256,1,1,basic,yes,7,8192,23.0347
1,jemalloc,array,256,1,1,basic,yes,7,8192,323.865
1,standard,raw,256,64,1,disabled,no,7,8192,52.9297
1,mimalloc,raw,256,64,1,disabled,no,7,8192,13.8428
1,jemalloc,raw,256,64,1,disabled,no,7,8192,40.6982
1,standard,zeroed,256,64,1,disabled,no,7,8192,59.436
1,mimalloc,zeroed,256,64,1,disabled,no,7,8192,18.4814
1,jemalloc,zeroed,256,64,1,disabled,no,7,8192,47.9858
1,standard,reallocate,256,64,1,disabled,no,7,8192,110.437
1,mimalloc,reallocate,256,64,1,disabled,no,7,8192,38.8794
1,jemalloc,reallocate,256,64,1,disabled,no,7,8192,120.996
1,standard,reallocate_zeroed,256,64,1,disabled,no,7,8192,117.517
1,mimalloc,reallocate_zeroed,256,64,1,disabled,no,7,8192,45.6421
1,jemalloc,reallocate_zeroed,256,64,1,disabled,no,7,8192,129.395
1,standard,batch,256,64,1,disabled,no,7,8192,59.8389
1,mimalloc,batch,256,64,1,disabled,no,7,8192,12.7319
1,jemalloc,batch,256,64,1,disabled,no,7,8192,71.3379
1,standard,mixed_lifetime,256,64,1,disabled,no,7,8192,34.1797
1,mimalloc,mixed_lifetime,256,64,1,disabled,no,7,8192,13.3423
1,jemalloc,mixed_lifetime,256,64,1,disabled,no,7,8192,27.771
1,standard,owned_block,256,64,1,disabled,no,7,8192,111.34
1,mimalloc,owned_block,256,64,1,disabled,no,7,8192,41.3574
1,jemalloc,owned_block,256,64,1,disabled,no,7,8192,125.281
1,mimalloc,raw,256,64,1,disabled,yes,7,8192,14.7583
1,jemalloc,raw,256,64,1,disabled,yes,7,8192,315.027
1,mimalloc,zeroed,256,64,1,disabled,yes,7,8192,20.6421
1,jemalloc,zeroed,256,64,1,disabled,yes,7,8192,326.111
1,mimalloc,reallocate,256,64,1,disabled,yes,7,8192,43.103
1,jemalloc,reallocate,256,64,1,disabled,yes,7,8192,658.936
1,mimalloc,reallocate_zeroed,256,64,1,disabled,yes,7,8192,44.2993
1,jemalloc,reallocate_zeroed,256,64,1,disabled,yes,7,8192,678.662
1,mimalloc,batch,256,64,1,disabled,yes,7,8192,10.791
1,jemalloc,batch,256,64,1,disabled,yes,7,8192,146.118
1,mimalloc,mixed_lifetime,256,64,1,disabled,yes,7,8192,13.9038
1,jemalloc,mixed_lifetime,256,64,1,disabled,yes,7,8192,89.6362
1,mimalloc,owned_block,256,64,1,disabled,yes,7,8192,43.7012
1,jemalloc,owned_block,256,64,1,disabled,yes,7,8192,672.253
1,mimalloc,raw,256,64,1,basic,yes,7,8192,19.4946
1,jemalloc,raw,256,64,1,basic,yes,7,8192,325.403
1,mimalloc,zeroed,256,64,1,basic,yes,7,8192,25.0122
1,jemalloc,zeroed,256,64,1,basic,yes,7,8192,331.946
1,mimalloc,reallocate,256,64,1,basic,yes,7,8192,46.2036
1,jemalloc,reallocate,256,64,1,basic,yes,7,8192,671.289
1,mimalloc,reallocate_zeroed,256,64,1,basic,yes,7,8192,54.834
1,jemalloc,reallocate_zeroed,256,64,1,basic,yes,7,8192,680.481
1,mimalloc,batch,256,64,1,basic,yes,7,8192,16.394
1,jemalloc,batch,256,64,1,basic,yes,7,8192,147.949
1,mimalloc,mixed_lifetime,256,64,1,basic,yes,7,8192,17.0532
1,jemalloc,mixed_lifetime,256,64,1,basic,yes,7,8192,91.1987
1,mimalloc,owned_block,256,64,1,basic,yes,7,8192,49.646
1,jemalloc,owned_block,256,64,1,basic,yes,7,8192,676.672
1,standard,raw,256,256,1,disabled,no,7,8192,52.124
1,mimalloc,raw,256,256,1,disabled,no,7,8192,12.9761
1,jemalloc,raw,256,256,1,disabled,no,7,8192,40.0269
1,standard,zeroed,256,256,1,disabled,no,7,8192,59.1553
1,mimalloc,zeroed,256,256,1,disabled,no,7,8192,18.457
1,jemalloc,zeroed,256,256,1,disabled,no,7,8192,46.582
1,standard,reallocate,256,256,1,disabled,no,7,8192,109.851
1,mimalloc,reallocate,256,256,1,disabled,no,7,8192,37.6587
1,jemalloc,reallocate,256,256,1,disabled,no,7,8192,119.702
1,standard,reallocate_zeroed,256,256,1,disabled,no,7,8192,119.214
1,mimalloc,reallocate_zeroed,256,256,1,disabled,no,7,8192,45.3613
1,jemalloc,reallocate_zeroed,256,256,1,disabled,no,7,8192,129.407
1,standard,batch,256,256,1,disabled,no,7,8192,59.79
1,mimalloc,batch,256,256,1,disabled,no,7,8192,12.7075
1,jemalloc,batch,256,256,1,disabled,no,7,8192,71.7773
1,standard,mixed_lifetime,256,256,1,disabled,no,7,8192,40.4541
1,mimalloc,mixed_lifetime,256,256,1,disabled,no,7,8192,14.3555
1,jemalloc,mixed_lifetime,256,256,1,disabled,no,7,8192,27.5879
1,standard,owned_block,256,256,1,disabled,no,7,8192,111.426
1,mimalloc,owned_block,256,256,1,disabled,no,7,8192,41.3818
1,jemalloc,owned_block,256,256,1,disabled,no,7,8192,123.584
1,mimalloc,raw,256,256,1,disabled,yes,7,8192,13.269
1,jemalloc,raw,256,256,1,disabled,yes,7,8192,318.286
1,mimalloc,zeroed,256,256,1,disabled,yes,7,8192,19.3726
1,jemalloc,zeroed,256,256,1,disabled,yes,7,8192,325.195
1,mimalloc,reallocate,256,256,1,disabled,yes,7,8192,37.7686
1,jemalloc,reallocate,256,256,1,disabled,yes,7,8192,665.759
1,mimalloc,reallocate_zeroed,256,256,1,disabled,yes,7,8192,46.167
1,jemalloc,reallocate_zeroed,256,256,1,disabled,yes,7,8192,675.598
1,mimalloc,batch,256,256,1,disabled,yes,7,8192,10.791
1,jemalloc,batch,256,256,1,disabled,yes,7,8192,145.471
1,mimalloc,mixed_lifetime,256,256,1,disabled,yes,7,8192,14.4165
1,jemalloc,mixed_lifetime,256,256,1,disabled,yes,7,8192,89.5142
1,mimalloc,owned_block,256,256,1,disabled,yes,7,8192,43.7988
1,jemalloc,owned_block,256,256,1,disabled,yes,7,8192,668.188
1,mimalloc,raw,256,256,1,basic,yes,7,8192,17.2852
1,jemalloc,raw,256,256,1,basic,yes,7,8192,322.375
1,mimalloc,zeroed,256,256,1,basic,yes,7,8192,22.8271
1,jemalloc,zeroed,256,256,1,basic,yes,7,8192,334.863
1,mimalloc,reallocate,256,256,1,basic,yes,7,8192,45.0439
1,jemalloc,reallocate,256,256,1,basic,yes,7,8192,677.625
1,mimalloc,reallocate_zeroed,256,256,1,basic,yes,7,8192,51.8066
1,jemalloc,reallocate_zeroed,256,256,1,basic,yes,7,8192,682.751
1,mimalloc,batch,256,256,1,basic,yes,7,8192,15.9058
1,jemalloc,batch,256,256,1,basic,yes,7,8192,150.476
1,mimalloc,mixed_lifetime,256,256,1,basic,yes,7,8192,17.1997
1,jemalloc,mixed_lifetime,256,256,1,basic,yes,7,8192,92.3584
1,mimalloc,owned_block,256,256,1,basic,yes,7,8192,48.7305
1,jemalloc,owned_block,256,256,1,basic,yes,7,8192,685.999
1,standard,raw,4096,16,1,disabled,no,7,8192,54.3701
1,mimalloc,raw,4096,16,1,disabled,no,7,8192,34.9121
1,jemalloc,raw,4096,16,1,disabled,no,7,8192,43.4082
1,standard,zeroed,4096,16,1,disabled,no,7,8192,95.1416
1,mimalloc,zeroed,4096,16,1,disabled,no,7,8192,63.7207
1,jemalloc,zeroed,4096,16,1,disabled,no,7,8192,82.4219
1,standard,reallocate,4096,16,1,disabled,no,7,8192,168.127
1,mimalloc,reallocate,4096,16,1,disabled,no,7,8192,110.193
1,jemalloc,reallocate,4096,16,1,disabled,no,7,8192,173.84
1,standard,reallocate_zeroed,4096,16,1,disabled,no,7,8192,227.441
1,mimalloc,reallocate_zeroed,4096,16,1,disabled,no,7,8192,148.071
1,jemalloc,reallocate_zeroed,4096,16,1,disabled,no,7,8192,212.402
1,standard,batch,4096,16,1,disabled,no,7,8192,862.964
1,mimalloc,batch,4096,16,1,disabled,no,7,8192,59.9243
1,jemalloc,batch,4096,16,1,disabled,no,7,8192,377.82
1,standard,mixed_lifetime,4096,16,1,disabled,no,7,8192,106.335
1,mimalloc,mixed_lifetime,4096,16,1,disabled,no,7,8192,32.2998
1,jemalloc,mixed_lifetime,4096,16,1,disabled,no,7,8192,120.532
1,standard,owned_block,4096,16,1,disabled,no,7,8192,173.413
1,mimalloc,owned_block,4096,16,1,disabled,no,7,8192,142.065
1,jemalloc,owned_block,4096,16,1,disabled,no,7,8192,177.71
1,standard,typed_raw,4096,1,1,disabled,no,7,8192,50.6104
1,mimalloc,typed_raw,4096,1,1,disabled,no,7,8192,27.2949
1,jemalloc,typed_raw,4096,1,1,disabled,no,7,8192,40.3809
1,standard,array,4096,1,1,disabled,no,7,8192,93.5913
1,mimalloc,array,4096,1,1,disabled,no,7,8192,61.6943
1,jemalloc,array,4096,1,1,disabled,no,7,8192,81.4331
1,mimalloc,raw,4096,16,1,disabled,yes,7,8192,35.5469
1,jemalloc,raw,4096,16,1,disabled,yes,7,8192,324.243
1,mimalloc,zeroed,4096,16,1,disabled,yes,7,8192,62.7441
1,jemalloc,zeroed,4096,16,1,disabled,yes,7,8192,368.384
1,mimalloc,reallocate,4096,16,1,disabled,yes,7,8192,108.496
1,jemalloc,reallocate,4096,16,1,disabled,yes,7,8192,752.307
1,mimalloc,reallocate_zeroed,4096,16,1,disabled,yes,7,8192,148.816
1,jemalloc,reallocate_zeroed,4096,16,1,disabled,yes,7,8192,792.859
1,mimalloc,batch,4096,16,1,disabled,yes,7,8192,61.084
1,jemalloc,batch,4096,16,1,disabled,yes,7,8192,561.78
1,mimalloc,mixed_lifetime,4096,16,1,disabled,yes,7,8192,32.8491
1,jemalloc,mixed_lifetime,4096,16,1,disabled,yes,7,8192,336.279
1,mimalloc,owned_block,4096,16,1,disabled,yes,7,8192,112.476
1,jemalloc,owned_block,4096,16,1,disabled,yes,7,8192,760.547
1,mimalloc,typed_raw,4096,1,1,disabled,yes,7,8192,27.2217
1,jemalloc,typed_raw,4096,1,1,disabled,yes,7,8192,319.165
1,mimalloc,array,4096,1,1,disabled,yes,7,8192,57.1899
1,jemalloc,array,4096,1,1,disabled,yes,7,8192,357.178
1,mimalloc,raw,4096,16,1,basic,yes,7,8192,37.1338
1,jemalloc,raw,4096,16,1,basic,yes,7,8192,328.003
1,mimalloc,zeroed,4096,16,1,basic,yes,7,8192,68.2983
1,jemalloc,zeroed,4096,16,1,basic,yes,7,8192,375.061
1,mimalloc,reallocate,4096,16,1,basic,yes,7,8192,113.928
1,jemalloc,reallocate,4096,16,1,basic,yes,7,8192,762.854
1,mimalloc,reallocate_zeroed,4096,16,1,basic,yes,7,8192,153.918
1,jemalloc,reallocate_zeroed,4096,16,1,basic,yes,7,8192,810.413
1,mimalloc,batch,4096,16,1,basic,yes,7,8192,69.3848
1,jemalloc,batch,4096,16,1,basic,yes,7,8192,570.984
1,mimalloc,mixed_lifetime,4096,16,1,basic,yes,7,8192,34.7778
1,jemalloc,mixed_lifetime,4096,16,1,basic,yes,7,8192,308.704
1,mimalloc,owned_block,4096,16,1,basic,yes,7,8192,117.468
1,jemalloc,owned_block,4096,16,1,basic,yes,7,8192,778.259
1,mimalloc,typed_raw,4096,1,1,basic,yes,7,8192,28.772
1,jemalloc,typed_raw,4096,1,1,basic,yes,7,8192,323.523
1,mimalloc,array,4096,1,1,basic,yes,7,8192,63.1592
1,jemalloc,array,4096,1,1,basic,yes,7,8192,361.938
1,standard,raw,4096,64,1,disabled,no,7,8192,54.2114
1,mimalloc,raw,4096,64,1,disabled,no,7,8192,35.6079
1,jemalloc,raw,4096,64,1,disabled,no,7,8192,43.5913
1,standard,zeroed,4096,64,1,disabled,no,7,8192,87.1582
1,mimalloc,zeroed,4096,64,1,disabled,no,7,8192,65.6128
1,jemalloc,zeroed,4096,64,1,disabled,no,7,8192,82.7271
1,standard,reallocate,4096,64,1,disabled,no,7,8192,158.374
1,mimalloc,reallocate,4096,64,1,disabled,no,7,8192,115.063
1,jemalloc,reallocate,4096,64,1,disabled,no,7,8192,171.265
1,standard,reallocate_zeroed,4096,64,1,disabled,no,7,8192,208.069
1,mimalloc,reallocate_zeroed,4096,64,1,disabled,no,7,8192,154.163
1,jemalloc,reallocate_zeroed,4096,64,1,disabled,no,7,8192,211.816
1,standard,batch,4096,64,1,disabled,no,7,8192,58.2397
1,mimalloc,batch,4096,64,1,disabled,no,7,8192,59.1187
1,jemalloc,batch,4096,64,1,disabled,no,7,8192,369.104
1,standard,mixed_lifetime,4096,64,1,disabled,no,7,8192,95.0073
1,mimalloc,mixed_lifetime,4096,64,1,disabled,no,7,8192,32.1899
1,jemalloc,mixed_lifetime,4096,64,1,disabled,no,7,8192,119.788
1,standard,owned_block,4096,64,1,disabled,no,7,8192,164.172
1,mimalloc,owned_block,4096,64,1,disabled,no,7,8192,142.212
1,jemalloc,owned_block,4096,64,1,disabled,no,7,8192,177.783
1,mimalloc,raw,4096,64,1,disabled,yes,7,8192,35.2417
1,jemalloc,raw,4096,64,1,disabled,yes,7,8192,323.254
1,mimalloc,zeroed,4096,64,1,disabled,yes,7,8192,62.7441
1,jemalloc,zeroed,4096,64,1,disabled,yes,7,8192,369.727
1,mimalloc,reallocate,4096,64,1,disabled,yes,7,8192,108.679
1,jemalloc,reallocate,4096,64,1,disabled,yes,7,8192,750.769
1,mimalloc,reallocate_zeroed,4096,64,1,disabled,yes,7,8192,148.376
1,jemalloc,reallocate_zeroed,4096,64,1,disabled,yes,7,8192,793.25
1,mimalloc,batch,4096,64,1,disabled,yes,7,8192,61.084
1,jemalloc,batch,4096,64,1,disabled,yes,7,8192,565.405
1,mimalloc,mixed_lifetime,4096,64,1,disabled,yes,7,8192,33.4839
1,jemalloc,mixed_lifetime,4096,64,1,disabled,yes,7,8192,306.006
1,mimalloc,owned_block,4096,64,1,disabled,yes,7,8192,111.89
1,jemalloc,owned_block,4096,64,1,disabled,yes,7,8192,771.362
1,mimalloc,raw,4096,64,1,basic,yes,7,8192,38.3179
1,jemalloc,raw,4096,64,1,basic,yes,7,8192,328.772
1,mimalloc,zeroed,4096,64,1,basic,yes,7,8192,70.1172
1,jemalloc,zeroed,4096,64,1,basic,yes,7,8192,375.903
1,mimalloc,reallocate,4096,64,1,basic,yes,7,8192,113.367
1,jemalloc,reallocate,4096,64,1,basic,yes,7,8192,763.684
1,mimalloc,reallocate_zeroed,4096,64,1,basic,yes,7,8192,153.186
1,jemalloc,reallocate_zeroed,4096,64,1,basic,yes,7,8192,809.241
1,mimalloc,batch,4096,64,1,basic,yes,7,8192,69.4336
1,jemalloc,batch,4096,64,1,basic,yes,7,8192,572.29
1,mimalloc,mixed_lifetime,4096,64,1,basic,yes,7,8192,34.79
1,jemalloc,mixed_lifetime,4096,64,1,basic,yes,7,8192,308.435
1,mimalloc,owned_block,4096,64,1,basic,yes,7,8192,117.578
1,jemalloc,owned_block,4096,64,1,basic,yes,7,8192,777.136
1,standard,raw,4096,256,1,disabled,no,7,8192,53.3569
1,mimalloc,raw,4096,256,1,disabled,no,7,8192,35.5835
1,jemalloc,raw,4096,256,1,disabled,no,7,8192,43.9209
1,standard,zeroed,4096,256,1,disabled,no,7,8192,87.561
1,mimalloc,zeroed,4096,256,1,disabled,no,7,8192,65.5762
1,jemalloc,zeroed,4096,256,1,disabled,no,7,8192,82.8125
1,standard,reallocate,4096,256,1,disabled,no,7,8192,160.974
1,mimalloc,reallocate,4096,256,1,disabled,no,7,8192,114.941
1,jemalloc,reallocate,4096,256,1,disabled,no,7,8192,173.413
1,standard,reallocate_zeroed,4096,256,1,disabled,no,7,8192,211.34
1,mimalloc,reallocate_zeroed,4096,256,1,disabled,no,7,8192,154.321
1,jemalloc,reallocate_zeroed,4096,256,1,disabled,no,7,8192,210.754
1,standard,batch,4096,256,1,disabled,no,7,8192,58.4717
1,mimalloc,batch,4096,256,1,disabled,no,7,8192,59.2285
1,jemalloc,batch,4096,256,1,disabled,no,7,8192,382.532
1,standard,mixed_lifetime,4096,256,1,disabled,no,7,8192,88.2568
1,mimalloc,mixed_lifetime,4096,256,1,disabled,no,7,8192,32.6782
1,jemalloc,mixed_lifetime,4096,256,1,disabled,no,7,8192,119.678
1,standard,owned_block,4096,256,1,disabled,no,7,8192,164.661
1,mimalloc,owned_block,4096,256,1,disabled,no,7,8192,142.102
1,jemalloc,owned_block,4096,256,1,disabled,no,7,8192,178.406
1,mimalloc,raw,4096,256,1,disabled,yes,7,8192,34.6191
1,jemalloc,raw,4096,256,1,disabled,yes,7,8192,326.282
1,mimalloc,zeroed,4096,256,1,disabled,yes,7,8192,62.7441
1,jemalloc,zeroed,4096,256,1,disabled,yes,7,8192,370.52
1,mimalloc,reallocate,4096,256,1,disabled,yes,7,8192,108.105
1,jemalloc,reallocate,4096,256,1,disabled,yes,7,8192,754.395
1,mimalloc,reallocate_zeroed,4096,256,1,disabled,yes,7,8192,147.961
1,jemalloc,reallocate_zeroed,4096,256,1,disabled,yes,7,8192,800.952
1,mimalloc,batch,4096,256,1,disabled,yes,7,8192,59.8633
1,jemalloc,batch,4096,256,1,disabled,yes,7,8192,564.429
1,mimalloc,mixed_lifetime,4096,256,1,disabled,yes,7,8192,32.3975
1,jemalloc,mixed_lifetime,4096,256,1,disabled,yes,7,8192,305.115
1,mimalloc,owned_block,4096,256,1,disabled,yes,7,8192,112.646
1,jemalloc,owned_block,4096,256,1,disabled,yes,7,8192,763.33
1,mimalloc,raw,4096,256,1,basic,yes,7,8192,39.2334
1,jemalloc,raw,4096,256,1,basic,yes,7,8192,327.161
1,mimalloc,zeroed,4096,256,1,basic,yes,7,8192,69.3481
1,jemalloc,zeroed,4096,256,1,basic,yes,7,8192,374.646
1,mimalloc,reallocate,4096,256,1,basic,yes,7,8192,113.635
1,jemalloc,reallocate,4096,256,1,basic,yes,7,8192,766.858
1,mimalloc,reallocate_zeroed,4096,256,1,basic,yes,7,8192,153.442
1,jemalloc,reallocate_zeroed,4096,256,1,basic,yes,7,8192,813.184
1,mimalloc,batch,4096,256,1,basic,yes,7,8192,70.4956
1,jemalloc,batch,4096,256,1,basic,yes,7,8192,571.521
1,mimalloc,mixed_lifetime,4096,256,1,basic,yes,7,8192,34.8145
1,jemalloc,mixed_lifetime,4096,256,1,basic,yes,7,8192,305.847
1,mimalloc,owned_block,4096,256,1,basic,yes,7,8192,117.151
1,jemalloc,owned_block,4096,256,1,basic,yes,7,8192,773.694
1,standard,raw,65536,16,1,disabled,no,7,8192,177.551
1,mimalloc,raw,65536,16,1,disabled,no,7,8192,37.3291
1,jemalloc,raw,65536,16,1,disabled,no,7,8192,364.441
1,standard,zeroed,65536,16,1,disabled,no,7,8192,873.389
1,mimalloc,zeroed,65536,16,1,disabled,no,7,8192,875.745
1,jemalloc,zeroed,65536,16,1,disabled,no,7,8192,1073.97
1,standard,reallocate,65536,16,1,disabled,no,7,8192,2116.6
1,mimalloc,reallocate,65536,16,1,disabled,no,7,8192,1721.17
1,jemalloc,reallocate,65536,16,1,disabled,no,7,8192,2938.06
1,standard,reallocate_zeroed,65536,16,1,disabled,no,7,8192,2995.81
1,mimalloc,reallocate_zeroed,65536,16,1,disabled,no,7,8192,2455.81
1,jemalloc,reallocate_zeroed,65536,16,1,disabled,no,7,8192,3703.99
1,standard,batch,65536,16,1,disabled,no,7,8192,2595.51
1,mimalloc,batch,65536,16,1,disabled,no,7,8192,110.4
1,jemalloc,batch,65536,16,1,disabled,no,7,8192,597.571
1,standard,mixed_lifetime,65536,16,1,disabled,no,7,8192,515.125
1,mimalloc,mixed_lifetime,65536,16,1,disabled,no,7,8192,46.9116
1,jemalloc,mixed_lifetime,65536,16,1,disabled,no,7,8192,302.515
1,standard,owned_block,65536,16,1,disabled,no,7,8192,1790.55
1,mimalloc,owned_block,65536,16,1,disabled,no,7,8192,2621.18
1,jemalloc,owned_block,65536,16,1,disabled,no,7,8192,3431.43
1,standard,typed_raw,65536,1,1,disabled,no,7,8192,164.673
1,mimalloc,typed_raw,65536,1,1,disabled,no,7,8192,26.5991
1,jemalloc,typed_raw,65536,1,1,disabled,no,7,8192,613.025
1,standard,array,65536,1,1,disabled,no,7,8192,884.167
1,mimalloc,array,65536,1,1,disabled,no,7,8192,696.863
1,jemalloc,array,65536,1,1,disabled,no,7,8192,1316.55
1,mimalloc,raw,65536,16,1,disabled,yes,7,8192,38.4033
1,jemalloc,raw,65536,16,1,disabled,yes,7,8192,399.829
1,mimalloc,zeroed,65536,16,1,disabled,yes,7,8192,887.634
1,jemalloc,zeroed,65536,16,1,disabled,yes,7,8192,1102.16
1,mimalloc,reallocate,65536,16,1,disabled,yes,7,8192,1740.48
1,jemalloc,reallocate,65536,16,1,disabled,yes,7,8192,2980.96
1,mimalloc,reallocate_zeroed,65536,16,1,disabled,yes,7,8192,2456.27
1,jemalloc,reallocate_zeroed,65536,16,1,disabled,yes,7,8192,3813.16
1,mimalloc,batch,65536,16,1,disabled,yes,7,8192,109.973
1,jemalloc,batch,65536,16,1,disabled,yes,7,8192,653.394
1,mimalloc,mixed_lifetime,65536,16,1,disabled,yes,7,8192,43.4814
1,jemalloc,mixed_lifetime,65536,16,1,disabled,yes,7,8192,331.787
1,mimalloc,owned_block,65536,16,1,disabled,yes,7,8192,1727.33
1,jemalloc,owned_block,65536,16,1,disabled,yes,7,8192,3022.31
1,mimalloc,typed_raw,65536,1,1,disabled,yes,7,8192,26.0132
1,jemalloc,typed_raw,65536,1,1,disabled,yes,7,8192,410.571
1,mimalloc,array,65536,1,1,disabled,yes,7,8192,703.455
1,jemalloc,array,65536,1,1,disabled,yes,7,8192,1109.63
1,mimalloc,raw,65536,16,1,basic,yes,7,8192,43.2983
1,jemalloc,raw,65536,16,1,basic,yes,7,8192,409.119
1,mimalloc,zeroed,65536,16,1,basic,yes,7,8192,882.349
1,jemalloc,zeroed,65536,16,1,basic,yes,7,8192,1110.24
1,mimalloc,reallocate,65536,16,1,basic,yes,7,8192,1737.45
1,jemalloc,reallocate,65536,16,1,basic,yes,7,8192,3068.86
1,mimalloc,reallocate_zeroed,65536,16,1,basic,yes,7,8192,2556.64
1,jemalloc,reallocate_zeroed,65536,16,1,basic,yes,7,8192,3952.42
1,mimalloc,batch,65536,16,1,basic,yes,7,8192,115.234
1,jemalloc,batch,65536,16,1,basic,yes,7,8192,660.999
1,mimalloc,mixed_lifetime,65536,16,1,basic,yes,7,8192,45.5322
1,jemalloc,mixed_lifetime,65536,16,1,basic,yes,7,8192,344.238
1,mimalloc,owned_block,65536,16,1,basic,yes,7,8192,1754.24
1,jemalloc,owned_block,65536,16,1,basic,yes,7,8192,3488.67
1,mimalloc,typed_raw,65536,1,1,basic,yes,7,8192,28.8086
1,jemalloc,typed_raw,65536,1,1,basic,yes,7,8192,412.268
1,mimalloc,array,65536,1,1,basic,yes,7,8192,729.858
1,jemalloc,array,65536,1,1,basic,yes,7,8192,1120.14
1,standard,raw,65536,64,1,disabled,no,7,8192,171.79
1,mimalloc,raw,65536,64,1,disabled,no,7,8192,38.8672
1,jemalloc,raw,65536,64,1,disabled,no,7,8192,593.86
1,standard,zeroed,65536,64,1,disabled,no,7,8192,890.869
1,mimalloc,zeroed,65536,64,1,disabled,no,7,8192,882.898
1,jemalloc,zeroed,65536,64,1,disabled,no,7,8192,1302.69
1,standard,reallocate,65536,64,1,disabled,no,7,8192,1784.45
1,mimalloc,reallocate,65536,64,1,disabled,no,7,8192,1744.27
1,jemalloc,reallocate,65536,64,1,disabled,no,7,8192,3335.19
1,standard,reallocate_zeroed,65536,64,1,disabled,no,7,8192,2521.48
1,mimalloc,reallocate_zeroed,65536,64,1,disabled,no,7,8192,2572.5
1,jemalloc,reallocate_zeroed,65536,64,1,disabled,no,7,8192,4058
1,standard,batch,65536,64,1,disabled,no,7,8192,319.324
1,mimalloc,batch,65536,64,1,disabled,no,7,8192,111.401
1,jemalloc,batch,65536,64,1,disabled,no,7,8192,596.118
1,standard,mixed_lifetime,65536,64,1,disabled,no,7,8192,454.382
1,mimalloc,mixed_lifetime,65536,64,1,disabled,no,7,8192,45.7031
1,jemalloc,mixed_lifetime,65536,64,1,disabled,no,7,8192,305.432
1,standard,owned_block,65536,64,1,disabled,no,7,8192,1790.83
1,mimalloc,owned_block,65536,64,1,disabled,no,7,8192,2618.95
1,jemalloc,owned_block,65536,64,1,disabled,no,7,8192,3445.14
1,mimalloc,raw,65536,64,1,disabled,yes,7,8192,38.3911
1,jemalloc,raw,65536,64,1,disabled,yes,7,8192,394.458
1,mimalloc,zeroed,65536,64,1,disabled,yes,7,8192,886.292
1,jemalloc,zeroed,65536,64,1,disabled,yes,7,8192,1109
1,mimalloc,reallocate,65536,64,1,disabled,yes,7,8192,1733.18
1,jemalloc,reallocate,65536,64,1,disabled,yes,7,8192,2972.6
1,mimalloc,reallocate_zeroed,65536,64,1,disabled,yes,7,8192,2448.13
1,jemalloc,reallocate_zeroed,65536,64,1,disabled,yes,7,8192,3734.13
1,mimalloc,batch,65536,64,1,disabled,yes,7,8192,187.878
1,jemalloc,batch,65536,64,1,disabled,yes,7,8192,736.45
1,mimalloc,mixed_lifetime,65536,64,1,disabled,yes,7,8192,43.3105
1,jemalloc,mixed_lifetime,65536,64,1,disabled,yes,7,8192,334.131
1,mimalloc,owned_block,65536,64,1,disabled,yes,7,8192,1944.09
1,jemalloc,owned_block,65536,64,1,disabled,yes,7,8192,3758.29
1,mimalloc,raw,65536,64,1,basic,yes,7,8192,43.0176
1,jemalloc,raw,65536,64,1,basic,yes,7,8192,409.888
1,mimalloc,zeroed,65536,64,1,basic,yes,7,8192,885.12
1,jemalloc,zeroed,65536,64,1,basic,yes,7,8192,1117.38
1,mimalloc,reallocate,65536,64,1,basic,yes,7,8192,1743.15
1,jemalloc,reallocate,65536,64,1,basic,yes,7,8192,2974.01
1,mimalloc,reallocate_zeroed,65536,64,1,basic,yes,7,8192,2460.31
1,jemalloc,reallocate_zeroed,65536,64,1,basic,yes,7,8192,3747.51
1,mimalloc,batch,65536,64,1,basic,yes,7,8192,116.406
1,jemalloc,batch,65536,64,1,basic,yes,7,8192,657.227
1,mimalloc,mixed_lifetime,65536,64,1,basic,yes,7,8192,46.1792
1,jemalloc,mixed_lifetime,65536,64,1,basic,yes,7,8192,334.9
1,mimalloc,owned_block,65536,64,1,basic,yes,7,8192,1741.78
1,jemalloc,owned_block,65536,64,1,basic,yes,7,8192,3004.98
1,standard,raw,65536,256,1,disabled,no,7,8192,175.842
1,mimalloc,raw,65536,256,1,disabled,no,7,8192,39.5874
1,jemalloc,raw,65536,256,1,disabled,no,7,8192,531.909
1,standard,zeroed,65536,256,1,disabled,no,7,8192,893.689
1,mimalloc,zeroed,65536,256,1,disabled,no,7,8192,989.844
1,jemalloc,zeroed,65536,256,1,disabled,no,7,8192,1251.81
1,standard,reallocate,65536,256,1,disabled,no,7,8192,1783.28
1,mimalloc,reallocate,65536,256,1,disabled,no,7,8192,1820.58
1,jemalloc,reallocate,65536,256,1,disabled,no,7,8192,3258.48
1,standard,reallocate_zeroed,65536,256,1,disabled,no,7,8192,2652.16
1,mimalloc,reallocate_zeroed,65536,256,1,disabled,no,7,8192,2819.52
1,jemalloc,reallocate_zeroed,65536,256,1,disabled,no,7,8192,4184.33
1,standard,batch,65536,256,1,disabled,no,7,8192,320.459
1,mimalloc,batch,65536,256,1,disabled,no,7,8192,111.731
1,jemalloc,batch,65536,256,1,disabled,no,7,8192,599.011
1,standard,mixed_lifetime,65536,256,1,disabled,no,7,8192,587.207
1,mimalloc,mixed_lifetime,65536,256,1,disabled,no,7,8192,74.707
1,jemalloc,mixed_lifetime,65536,256,1,disabled,no,7,8192,321.973
1,standard,owned_block,65536,256,1,disabled,no,7,8192,1791.13
1,mimalloc,owned_block,65536,256,1,disabled,no,7,8192,2632.85
1,jemalloc,owned_block,65536,256,1,disabled,no,7,8192,3459.72
1,mimalloc,raw,65536,256,1,disabled,yes,7,8192,38.0981
1,jemalloc,raw,65536,256,1,disabled,yes,7,8192,404.492
1,mimalloc,zeroed,65536,256,1,disabled,yes,7,8192,894.299
1,jemalloc,zeroed,65536,256,1,disabled,yes,7,8192,1106.41
1,mimalloc,reallocate,65536,256,1,disabled,yes,7,8192,1729.03
1,jemalloc,reallocate,65536,256,1,disabled,yes,7,8192,3013.53
1,mimalloc,reallocate_zeroed,65536,256,1,disabled,yes,7,8192,2445.26
1,jemalloc,reallocate_zeroed,65536,256,1,disabled,yes,7,8192,3876.61
1,mimalloc,batch,65536,256,1,disabled,yes,7,8192,111.108
1,jemalloc,batch,65536,256,1,disabled,yes,7,8192,643.799
1,mimalloc,mixed_lifetime,65536,256,1,disabled,yes,7,8192,43.8965
1,jemalloc,mixed_lifetime,65536,256,1,disabled,yes,7,8192,324.207
1,mimalloc,owned_block,65536,256,1,disabled,yes,7,8192,1743.49
1,jemalloc,owned_block,65536,256,1,disabled,yes,7,8192,3468.87
1,mimalloc,raw,65536,256,1,basic,yes,7,8192,49.7559
1,jemalloc,raw,65536,256,1,basic,yes,7,8192,406.47
1,mimalloc,zeroed,65536,256,1,basic,yes,7,8192,883.618
1,jemalloc,zeroed,65536,256,1,basic,yes,7,8192,1115.97
1,mimalloc,reallocate,65536,256,1,basic,yes,7,8192,1736.68
1,jemalloc,reallocate,65536,256,1,basic,yes,7,8192,2983.59
1,mimalloc,reallocate_zeroed,65536,256,1,basic,yes,7,8192,2472.36
1,jemalloc,reallocate_zeroed,65536,256,1,basic,yes,7,8192,3797.4
1,mimalloc,batch,65536,256,1,basic,yes,7,8192,118.469
1,jemalloc,batch,65536,256,1,basic,yes,7,8192,647.656
1,mimalloc,mixed_lifetime,65536,256,1,basic,yes,7,8192,45.7153
1,jemalloc,mixed_lifetime,65536,256,1,basic,yes,7,8192,331.311
1,mimalloc,owned_block,65536,256,1,basic,yes,7,8192,1744.82
1,jemalloc,owned_block,65536,256,1,basic,yes,7,8192,3107.81
1,standard,cross_thread,64,16,2,disabled,no,7,8192,67.0166
1,mimalloc,cross_thread,64,16,2,disabled,no,7,8192,33.6304
1,jemalloc,cross_thread,64,16,2,disabled,no,7,8192,95.1538
1,mimalloc,cross_thread,64,16,2,disabled,yes,7,8192,34.0088
1,jemalloc,cross_thread,64,16,2,disabled,yes,7,8192,143.152
1,standard,cross_thread,64,16,4,disabled,no,7,8192,90.1855
1,mimalloc,cross_thread,64,16,4,disabled,no,7,8192,39.5386
1,jemalloc,cross_thread,64,16,4,disabled,no,7,8192,102.124
1,mimalloc,cross_thread,64,16,4,disabled,yes,7,8192,42.3218
1,jemalloc,cross_thread,64,16,4,disabled,yes,7,8192,276.794
1,standard,cross_thread,64,16,8,disabled,no,7,8192,99.5605
1,mimalloc,cross_thread,64,16,8,disabled,no,7,8192,52.6245
1,jemalloc,cross_thread,64,16,8,disabled,no,7,8192,118.872
1,mimalloc,cross_thread,64,16,8,disabled,yes,7,8192,54.7607
1,jemalloc,cross_thread,64,16,8,disabled,yes,7,8192,260.217
1,mimalloc,detailed_statistics,0,0,1,disabled,no,7,512,783.789
1,jemalloc,detailed_statistics,0,0,1,disabled,no,7,512,46214.6
1,mimalloc,detailed_statistics,0,0,1,disabled,yes,7,512,2.92969
1,jemalloc,detailed_statistics,0,0,1,disabled,yes,7,512,55411.7
1,fixed_buffer,stack_mark_rewind,64,16,1,disabled,no,7,8192,4.01611
1,fixed_buffer,stack_mark_rewind,64,64,1,disabled,no,7,8192,4.01611
1,fixed_buffer,stack_mark_rewind,64,256,1,disabled,no,7,8192,4.01611
1,fixed_buffer,stack_mark_rewind,256,16,1,disabled,no,7,8192,4.01611
1,fixed_buffer,stack_mark_rewind,256,64,1,disabled,no,7,8192,4.00391
1,fixed_buffer,stack_mark_rewind,256,256,1,disabled,no,7,8192,4.01611
1,fixed_buffer,stack_mark_rewind,4096,16,1,disabled,no,7,8192,4.01611
1,fixed_buffer,stack_mark_rewind,4096,64,1,disabled,no,7,8192,4.01611
1,fixed_buffer,stack_mark_rewind,4096,256,1,disabled,no,7,8192,4.01611
1,fixed_buffer,stack_mark_rewind,65536,16,1,disabled,no,7,8192,4.01611
1,fixed_buffer,stack_mark_rewind,65536,64,1,disabled,no,7,8192,4.01611
1,fixed_buffer,stack_mark_rewind,65536,256,1,disabled,no,7,8192,4.00391
1,standard,raw,64,16,1,basic,no,7,8192,55.2246
1,mimalloc,raw,64,16,1,basic,no,7,8192,16.5283
1,jemalloc,raw,64,16,1,basic,no,7,8192,44.397
1,standard,zeroed,64,16,1,basic,no,7,8192,62.6221
1,mimalloc,zeroed,64,16,1,basic,no,7,8192,43.5791
1,jemalloc,zeroed,64,16,1,basic,no,7,8192,51.0864
1,standard,reallocate,64,16,1,basic,no,7,8192,113.11
1,mimalloc,reallocate,64,16,1,basic,no,7,8192,39.3921
1,jemalloc,reallocate,64,16,1,basic,no,7,8192,130.127
1,standard,reallocate_zeroed,64,16,1,basic,no,7,8192,121.521
1,mimalloc,reallocate_zeroed,64,16,1,basic,no,7,8192,44.3604
1,jemalloc,reallocate_zeroed,64,16,1,basic,no,7,8192,140.43
1,standard,batch,64,16,1,basic,no,7,8192,59.2041
1,mimalloc,batch,64,16,1,basic,no,7,8192,16.3574
1,jemalloc,batch,64,16,1,basic,no,7,8192,51.2939
1,standard,mixed_lifetime,64,16,1,basic,no,7,8192,36.4136
1,mimalloc,mixed_lifetime,64,16,1,basic,no,7,8192,15.4297
1,jemalloc,mixed_lifetime,64,16,1,basic,no,7,8192,29.1382
1,standard,owned_block,64,16,1,basic,no,7,8192,114.807
1,mimalloc,owned_block,64,16,1,basic,no,7,8192,42.4072
1,jemalloc,owned_block,64,16,1,basic,no,7,8192,137.854
1,standard,typed_raw,64,1,1,basic,no,7,8192,50.7568
1,mimalloc,typed_raw,64,1,1,basic,no,7,8192,15.5029
1,jemalloc,typed_raw,64,1,1,basic,no,7,8192,43.4204
1,standard,create_destroy,64,1,1,basic,no,7,8192,52.0386
1,mimalloc,create_destroy,64,1,1,basic,no,7,8192,17.0654
1,jemalloc,create_destroy,64,1,1,basic,no,7,8192,42.688
1,standard,object,64,1,1,basic,no,7,8192,52.478
1,mimalloc,object,64,1,1,basic,no,7,8192,17.3706
1,jemalloc,object,64,1,1,basic,no,7,8192,42.8223
1,standard,shared_object,64,1,1,basic,no,7,8192,60.1318
1,mimalloc,shared_object,64,1,1,basic,no,7,8192,24.9512
1,jemalloc,shared_object,64,1,1,basic,no,7,8192,55.0415
1,standard,array,64,1,1,basic,no,7,8192,71.0205
1,mimalloc,array,64,1,1,basic,no,7,8192,24.7559
1,jemalloc,array,64,1,1,basic,no,7,8192,47.6562
1,standard,std_vector,256,8,1,basic,no,7,8192,645.068
1,mimalloc,std_vector,256,8,1,basic,no,7,8192,265.869
1,jemalloc,std_vector,256,8,1,basic,no,7,8192,594.983
1,standard,pmr_vector,256,8,1,basic,no,7,8192,662.317
1,mimalloc,pmr_vector,256,8,1,basic,no,7,8192,237.524
1,jemalloc,pmr_vector,256,8,1,basic,no,7,8192,605.188
1,standard,raw,64,64,1,basic,no,7,8192,103.369
1,mimalloc,raw,64,64,1,basic,no,7,8192,26.1963
1,jemalloc,raw,64,64,1,basic,no,7,8192,73.9136
1,standard,zeroed,64,64,1,basic,no,7,8192,122.632
1,mimalloc,zeroed,64,64,1,basic,no,7,8192,73.4375
1,jemalloc,zeroed,64,64,1,basic,no,7,8192,92.9077
1,standard,reallocate,64,64,1,basic,no,7,8192,226.27
1,mimalloc,reallocate,64,64,1,basic,no,7,8192,78.3447
1,jemalloc,reallocate,64,64,1,basic,no,7,8192,240.161
1,standard,reallocate_zeroed,64,64,1,basic,no,7,8192,242.004
1,mimalloc,reallocate_zeroed,64,64,1,basic,no,7,8192,91.8335
1,jemalloc,reallocate_zeroed,64,64,1,basic,no,7,8192,246.704
1,standard,batch,64,64,1,basic,no,7,8192,59.79
1,mimalloc,batch,64,64,1,basic,no,7,8192,16.3818
1,jemalloc,batch,64,64,1,basic,no,7,8192,51.1353
1,standard,mixed_lifetime,64,64,1,basic,no,7,8192,36.9019
1,mimalloc,mixed_lifetime,64,64,1,basic,no,7,8192,15.979
1,jemalloc,mixed_lifetime,64,64,1,basic,no,7,8192,29.3579
1,standard,owned_block,64,64,1,basic,no,7,8192,129.041
1,mimalloc,owned_block,64,64,1,basic,no,7,8192,42.6392
1,jemalloc,owned_block,64,64,1,basic,no,7,8192,228.076
1,standard,raw,64,256,1,basic,no,7,8192,69.7021
1,mimalloc,raw,64,256,1,basic,no,7,8192,29.6753
1,jemalloc,raw,64,256,1,basic,no,7,8192,78.9673
1,standard,zeroed,64,256,1,basic,no,7,8192,120.19
1,mimalloc,zeroed,64,256,1,basic,no,7,8192,59.2041
1,jemalloc,zeroed,64,256,1,basic,no,7,8192,89.7095
1,standard,reallocate,64,256,1,basic,no,7,8192,220.447
1,mimalloc,reallocate,64,256,1,basic,no,7,8192,92.9199
1,jemalloc,reallocate,64,256,1,basic,no,7,8192,198.767
1,standard,reallocate_zeroed,64,256,1,basic,no,7,8192,238.745
1,mimalloc,reallocate_zeroed,64,256,1,basic,no,7,8192,108.875
1,jemalloc,reallocate_zeroed,64,256,1,basic,no,7,8192,213.818
1,standard,batch,64,256,1,basic,no,7,8192,52.9541
1,mimalloc,batch,64,256,1,basic,no,7,8192,28.5889
1,jemalloc,batch,64,256,1,basic,no,7,8192,71.4111
1,standard,mixed_lifetime,64,256,1,basic,no,7,8192,38.4033
1,mimalloc,mixed_lifetime,64,256,1,basic,no,7,8192,20.7642
1,jemalloc,mixed_lifetime,64,256,1,basic,no,7,8192,30.1758
1,standard,owned_block,64,256,1,basic,no,7,8192,116.882
1,mimalloc,owned_block,64,256,1,basic,no,7,8192,55.481
1,jemalloc,owned_block,64,256,1,basic,no,7,8192,122.668
1,standard,raw,256,16,1,basic,no,7,8192,56.6284
1,mimalloc,raw,256,16,1,basic,no,7,8192,17.1753
1,jemalloc,raw,256,16,1,basic,no,7,8192,45.3979
1,standard,zeroed,256,16,1,basic,no,7,8192,64.0869
1,mimalloc,zeroed,256,16,1,basic,no,7,8192,22.9004
1,jemalloc,zeroed,256,16,1,basic,no,7,8192,52.417
1,standard,reallocate,256,16,1,basic,no,7,8192,117.212
1,mimalloc,reallocate,256,16,1,basic,no,7,8192,48.0713
1,jemalloc,reallocate,256,16,1,basic,no,7,8192,132.69
1,standard,reallocate_zeroed,256,16,1,basic,no,7,8192,124.353
1,mimalloc,reallocate_zeroed,256,16,1,basic,no,7,8192,51.2817
1,jemalloc,reallocate_zeroed,256,16,1,basic,no,7,8192,141.785
1,standard,batch,256,16,1,basic,no,7,8192,65.21
1,mimalloc,batch,256,16,1,basic,no,7,8192,16.4062
1,jemalloc,batch,256,16,1,basic,no,7,8192,72.3877
1,standard,mixed_lifetime,256,16,1,basic,no,7,8192,37.2314
1,mimalloc,mixed_lifetime,256,16,1,basic,no,7,8192,16.0034
1,jemalloc,mixed_lifetime,256,16,1,basic,no,7,8192,30.8472
1,standard,owned_block,256,16,1,basic,no,7,8192,120.557
1,mimalloc,owned_block,256,16,1,basic,no,7,8192,48.4375
1,jemalloc,owned_block,256,16,1,basic,no,7,8192,139.49
1,standard,typed_raw,256,1,1,basic,no,7,8192,50.6226
1,mimalloc,typed_raw,256,1,1,basic,no,7,8192,15.5518
1,jemalloc,typed_raw,256,1,1,basic,no,7,8192,43.335
1,standard,array,256,1,1,basic,no,7,8192,70.5933
1,mimalloc,array,256,1,1,basic,no,7,8192,24.1577
1,jemalloc,array,256,1,1,basic,no,7,8192,48.5718
1,standard,raw,256,64,1,basic,no,7,8192,58.1421
1,mimalloc,raw,256,64,1,basic,no,7,8192,17.7856
1,jemalloc,raw,256,64,1,basic,no,7,8192,44.9341
1,standard,zeroed,256,64,1,basic,no,7,8192,65.8936
1,mimalloc,zeroed,256,64,1,basic,no,7,8192,22.8394
1,jemalloc,zeroed,256,64,1,basic,no,7,8192,52.1729
1,standard,reallocate,256,64,1,basic,no,7,8192,116.907
1,mimalloc,reallocate,256,64,1,basic,no,7,8192,44.1528
1,jemalloc,reallocate,256,64,1,basic,no,7,8192,131.348
1,standard,reallocate_zeroed,256,64,1,basic,no,7,8192,126.917
1,mimalloc,reallocate_zeroed,256,64,1,basic,no,7,8192,51.9531
1,jemalloc,reallocate_zeroed,256,64,1,basic,no,7,8192,141.492
1,standard,batch,256,64,1,basic,no,7,8192,53.0029
1,mimalloc,batch,256,64,1,basic,no,7,8192,16.4062
1,jemalloc,batch,256,64,1,basic,no,7,8192,75.7446
1,standard,mixed_lifetime,256,64,1,basic,no,7,8192,37.3535
1,mimalloc,mixed_lifetime,256,64,1,basic,no,7,8192,16.0767
1,jemalloc,mixed_lifetime,256,64,1,basic,no,7,8192,31.0059
1,standard,owned_block,256,64,1,basic,no,7,8192,117.249
1,mimalloc,owned_block,256,64,1,basic,no,7,8192,47.4854
1,jemalloc,owned_block,256,64,1,basic,no,7,8192,138.782
1,standard,raw,256,256,1,basic,no,7,8192,56.7749
1,mimalloc,raw,256,256,1,basic,no,7,8192,17.1753
1,jemalloc,raw,256,256,1,basic,no,7,8192,45.2637
1,standard,zeroed,256,256,1,basic,no,7,8192,64.4287
1,mimalloc,zeroed,256,256,1,basic,no,7,8192,22.9492
1,jemalloc,zeroed,256,256,1,basic,no,7,8192,52.1118
1,standard,reallocate,256,256,1,basic,no,7,8192,115.564
1,mimalloc,reallocate,256,256,1,basic,no,7,8192,44.1406
1,jemalloc,reallocate,256,256,1,basic,no,7,8192,131.677
1,standard,reallocate_zeroed,256,256,1,basic,no,7,8192,123.34
1,mimalloc,reallocate_zeroed,256,256,1,basic,no,7,8192,50.9277
1,jemalloc,reallocate_zeroed,256,256,1,basic,no,7,8192,142.371
1,standard,batch,256,256,1,basic,no,7,8192,65.8569
1,mimalloc,batch,256,256,1,basic,no,7,8192,16.687
1,jemalloc,batch,256,256,1,basic,no,7,8192,81.7871
1,standard,mixed_lifetime,256,256,1,basic,no,7,8192,43.1641
1,mimalloc,mixed_lifetime,256,256,1,basic,no,7,8192,17.1997
1,jemalloc,mixed_lifetime,256,256,1,basic,no,7,8192,31.0791
1,standard,owned_block,256,256,1,basic,no,7,8192,119.983
1,mimalloc,owned_block,256,256,1,basic,no,7,8192,46.0205
1,jemalloc,owned_block,256,256,1,basic,no,7,8192,138.477
1,standard,raw,4096,16,1,basic,no,7,8192,56.7383
1,mimalloc,raw,4096,16,1,basic,no,7,8192,39.5264
1,jemalloc,raw,4096,16,1,basic,no,7,8192,49.6826
1,standard,zeroed,4096,16,1,basic,no,7,8192,98.8403
1,mimalloc,zeroed,4096,16,1,basic,no,7,8192,67.2607
1,jemalloc,zeroed,4096,16,1,basic,no,7,8192,89.209
1,standard,reallocate,4096,16,1,basic,no,7,8192,172.949
1,mimalloc,reallocate,4096,16,1,basic,no,7,8192,114.355
1,jemalloc,reallocate,4096,16,1,basic,no,7,8192,183.533
1,standard,reallocate_zeroed,4096,16,1,basic,no,7,8192,231.262
1,mimalloc,reallocate_zeroed,4096,16,1,basic,no,7,8192,153.174
1,jemalloc,reallocate_zeroed,4096,16,1,basic,no,7,8192,232.092
1,standard,batch,4096,16,1,basic,no,7,8192,328.003
1,mimalloc,batch,4096,16,1,basic,no,7,8192,70.3735
1,jemalloc,batch,4096,16,1,basic,no,7,8192,382.898
1,standard,mixed_lifetime,4096,16,1,basic,no,7,8192,113.123
1,mimalloc,mixed_lifetime,4096,16,1,basic,no,7,8192,35.791
1,jemalloc,mixed_lifetime,4096,16,1,basic,no,7,8192,123.572
1,standard,owned_block,4096,16,1,basic,no,7,8192,177.051
1,mimalloc,owned_block,4096,16,1,basic,no,7,8192,149.28
1,jemalloc,owned_block,4096,16,1,basic,no,7,8192,267.126
1,standard,typed_raw,4096,1,1,basic,no,7,8192,53.8574
1,mimalloc,typed_raw,4096,1,1,basic,no,7,8192,30.3589
1,jemalloc,typed_raw,4096,1,1,basic,no,7,8192,46.5698
1,standard,array,4096,1,1,basic,no,7,8192,101.282
1,mimalloc,array,4096,1,1,basic,no,7,8192,69.1528
1,jemalloc,array,4096,1,1,basic,no,7,8192,87.915
1,standard,raw,4096,64,1,basic,no,7,8192,57.2144
1,mimalloc,raw,4096,64,1,basic,no,7,8192,41.1133
1,jemalloc,raw,4096,64,1,basic,no,7,8192,49.0845
1,standard,zeroed,4096,64,1,basic,no,7,8192,92.6636
1,mimalloc,zeroed,4096,64,1,basic,no,7,8192,72.644
1,jemalloc,zeroed,4096,64,1,basic,no,7,8192,89.7949
1,standard,reallocate,4096,64,1,basic,no,7,8192,165.93
1,mimalloc,reallocate,4096,64,1,basic,no,7,8192,120.959
1,jemalloc,reallocate,4096,64,1,basic,no,7,8192,183.63
1,standard,reallocate_zeroed,4096,64,1,basic,no,7,8192,214.758
1,mimalloc,reallocate_zeroed,4096,64,1,basic,no,7,8192,160.303
1,jemalloc,reallocate_zeroed,4096,64,1,basic,no,7,8192,232.581
1,standard,batch,4096,64,1,basic,no,7,8192,62.4512
1,mimalloc,batch,4096,64,1,basic,no,7,8192,69.397
1,jemalloc,batch,4096,64,1,basic,no,7,8192,388.452
1,standard,mixed_lifetime,4096,64,1,basic,no,7,8192,103.601
1,mimalloc,mixed_lifetime,4096,64,1,basic,no,7,8192,35.6689
1,jemalloc,mixed_lifetime,4096,64,1,basic,no,7,8192,123.938
1,standard,owned_block,4096,64,1,basic,no,7,8192,167.249
1,mimalloc,owned_block,4096,64,1,basic,no,7,8192,147.986
1,jemalloc,owned_block,4096,64,1,basic,no,7,8192,267.053
1,standard,raw,4096,256,1,basic,no,7,8192,56.0791
1,mimalloc,raw,4096,256,1,basic,no,7,8192,39.9414
1,jemalloc,raw,4096,256,1,basic,no,7,8192,48.5596
1,standard,zeroed,4096,256,1,basic,no,7,8192,92.5049
1,mimalloc,zeroed,4096,256,1,basic,no,7,8192,72.8271
1,jemalloc,zeroed,4096,256,1,basic,no,7,8192,89.209
1,standard,reallocate,4096,256,1,basic,no,7,8192,163.281
1,mimalloc,reallocate,4096,256,1,basic,no,7,8192,134.546
1,jemalloc,reallocate,4096,256,1,basic,no,7,8192,278.918
1,standard,reallocate_zeroed,4096,256,1,basic,no,7,8192,215.015
1,mimalloc,reallocate_zeroed,4096,256,1,basic,no,7,8192,163.098
1,jemalloc,reallocate_zeroed,4096,256,1,basic,no,7,8192,230.969
1,standard,batch,4096,256,1,basic,no,7,8192,62.8296
1,mimalloc,batch,4096,256,1,basic,no,7,8192,70.3369
1,jemalloc,batch,4096,256,1,basic,no,7,8192,388.245
1,standard,mixed_lifetime,4096,256,1,basic,no,7,8192,96.9604
1,mimalloc,mixed_lifetime,4096,256,1,basic,no,7,8192,36.0962
1,jemalloc,mixed_lifetime,4096,256,1,basic,no,7,8192,125.22
1,standard,owned_block,4096,256,1,basic,no,7,8192,167.651
1,mimalloc,owned_block,4096,256,1,basic,no,7,8192,148.938
1,jemalloc,owned_block,4096,256,1,basic,no,7,8192,188.428
1,standard,raw,65536,16,1,basic,no,7,8192,171.643
1,mimalloc,raw,65536,16,1,basic,no,7,8192,43.2861
1,jemalloc,raw,65536,16,1,basic,no,7,8192,368.896
1,standard,zeroed,65536,16,1,basic,no,7,8192,874.402
1,mimalloc,zeroed,65536,16,1,basic,no,7,8192,880.64
1,jemalloc,zeroed,65536,16,1,basic,no,7,8192,1062.49
1,standard,reallocate,65536,16,1,basic,no,7,8192,2538.78
1,mimalloc,reallocate,65536,16,1,basic,no,7,8192,1736.78
1,jemalloc,reallocate,65536,16,1,basic,no,7,8192,2905.85
1,standard,reallocate_zeroed,65536,16,1,basic,no,7,8192,3569.4
1,mimalloc,reallocate_zeroed,65536,16,1,basic,no,7,8192,2460.94
1,jemalloc,reallocate_zeroed,65536,16,1,basic,no,7,8192,3673.27
1,standard,batch,65536,16,1,basic,no,7,8192,2570.23
1,mimalloc,batch,65536,16,1,basic,no,7,8192,116.187
1,jemalloc,batch,65536,16,1,basic,no,7,8192,593.982
1,standard,mixed_lifetime,65536,16,1,basic,no,7,8192,463.208
1,mimalloc,mixed_lifetime,65536,16,1,basic,no,7,8192,49.6582
1,jemalloc,mixed_lifetime,65536,16,1,basic,no,7,8192,305.981
1,standard,owned_block,65536,16,1,basic,no,7,8192,1702.84
1,mimalloc,owned_block,65536,16,1,basic,no,7,8192,2478.16
1,jemalloc,owned_block,65536,16,1,basic,no,7,8192,3421.61
1,standard,typed_raw,65536,1,1,basic,no,7,8192,162.439
1,mimalloc,typed_raw,65536,1,1,basic,no,7,8192,30.957
1,jemalloc,typed_raw,65536,1,1,basic,no,7,8192,611.853
1,standard,array,65536,1,1,basic,no,7,8192,890.662
1,mimalloc,array,65536,1,1,basic,no,7,8192,728.137
1,jemalloc,array,65536,1,1,basic,no,7,8192,1322.18
1,standard,raw,65536,64,1,basic,no,7,8192,166.663
1,mimalloc,raw,65536,64,1,basic,no,7,8192,44.1406
1,jemalloc,raw,65536,64,1,basic,no,7,8192,611.377
1,standard,zeroed,65536,64,1,basic,no,7,8192,892.322
1,mimalloc,zeroed,65536,64,1,basic,no,7,8192,877.075
1,jemalloc,zeroed,65536,64,1,basic,no,7,8192,1312.65
1,standard,reallocate,65536,64,1,basic,no,7,8192,1700.63
1,mimalloc,reallocate,65536,64,1,basic,no,7,8192,1736.77
1,jemalloc,reallocate,65536,64,1,basic,no,7,8192,3442.65
1,standard,reallocate_zeroed,65536,64,1,basic,no,7,8192,2449.88
1,mimalloc,reallocate_zeroed,65536,64,1,basic,no,7,8192,2460.64
1,jemalloc,reallocate_zeroed,65536,64,1,basic,no,7,8192,4232.1
1,standard,batch,65536,64,1,basic,no,7,8192,274.121
1,mimalloc,batch,65536,64,1,basic,no,7,8192,116.028
1,jemalloc,batch,65536,64,1,basic,no,7,8192,595.288
1,standard,mixed_lifetime,65536,64,1,basic,no,7,8192,415.149
1,mimalloc,mixed_lifetime,65536,64,1,basic,no,7,8192,47.4487
1,jemalloc,mixed_lifetime,65536,64,1,basic,no,7,8192,308.35
1,standard,owned_block,65536,64,1,basic,no,7,8192,1742.82
1,mimalloc,owned_block,65536,64,1,basic,no,7,8192,2623.86
1,jemalloc,owned_block,65536,64,1,basic,no,7,8192,3432.03
1,standard,raw,65536,256,1,basic,no,7,8192,167.053
1,mimalloc,raw,65536,256,1,basic,no,7,8192,44.2871
1,jemalloc,raw,65536,256,1,basic,no,7,8192,612.439
1,standard,zeroed,65536,256,1,basic,no,7,8192,887.927
1,mimalloc,zeroed,65536,256,1,basic,no,7,8192,961.182
1,jemalloc,zeroed,65536,256,1,basic,no,7,8192,1310.05
1,standard,reallocate,65536,256,1,basic,no,7,8192,1743.64
1,mimalloc,reallocate,65536,256,1,basic,no,7,8192,1821.53
1,jemalloc,reallocate,65536,256,1,basic,no,7,8192,3396.7
1,standard,reallocate_zeroed,65536,256,1,basic,no,7,8192,2498.17
1,mimalloc,reallocate_zeroed,65536,256,1,basic,no,7,8192,2575.5
1,jemalloc,reallocate_zeroed,65536,256,1,basic,no,7,8192,4178.25
1,standard,batch,65536,256,1,basic,no,7,8192,271.948
1,mimalloc,batch,65536,256,1,basic,no,7,8192,116.687
1,jemalloc,batch,65536,256,1,basic,no,7,8192,593.103
1,standard,mixed_lifetime,65536,256,1,basic,no,7,8192,444.226
1,mimalloc,mixed_lifetime,65536,256,1,basic,no,7,8192,47.6562
1,jemalloc,mixed_lifetime,65536,256,1,basic,no,7,8192,306.14
1,standard,owned_block,65536,256,1,basic,no,7,8192,1728.09
1,mimalloc,owned_block,65536,256,1,basic,no,7,8192,2640.99
1,jemalloc,owned_block,65536,256,1,basic,no,7,8192,3419.07
2,standard,raw,64,16,1,basic,no,7,8192,54.9438
2,mimalloc,raw,64,16,1,basic,no,7,8192,16.5161
2,jemalloc,raw,64,16,1,basic,no,7,8192,47.3022
2,standard,zeroed,64,16,1,basic,no,7,8192,63.2202
2,mimalloc,zeroed,64,16,1,basic,no,7,8192,43.3716
2,jemalloc,zeroed,64,16,1,basic,no,7,8192,52.1362
2,standard,reallocate,64,16,1,basic,no,7,8192,113.147
2,mimalloc,reallocate,64,16,1,basic,no,7,8192,39.2578
2,jemalloc,reallocate,64,16,1,basic,no,7,8192,134.387
2,standard,reallocate_zeroed,64,16,1,basic,no,7,8192,120.728
2,mimalloc,reallocate_zeroed,64,16,1,basic,no,7,8192,46.0815
2,jemalloc,reallocate_zeroed,64,16,1,basic,no,7,8192,141.455
2,standard,batch,64,16,1,basic,no,7,8192,59.5703
2,mimalloc,batch,64,16,1,basic,no,7,8192,16.3574
2,jemalloc,batch,64,16,1,basic,no,7,8192,53.5156
2,standard,mixed_lifetime,64,16,1,basic,no,7,8192,35.6812
2,mimalloc,mixed_lifetime,64,16,1,basic,no,7,8192,15.4053
2,jemalloc,mixed_lifetime,64,16,1,basic,no,7,8192,29.8706
2,standard,owned_block,64,16,1,basic,no,7,8192,115.796
2,mimalloc,owned_block,64,16,1,basic,no,7,8192,42.395
2,jemalloc,owned_block,64,16,1,basic,no,7,8192,141.614
2,standard,typed_raw,64,1,1,basic,no,7,8192,51.2817
2,mimalloc,typed_raw,64,1,1,basic,no,7,8192,16.4185
2,jemalloc,typed_raw,64,1,1,basic,no,7,8192,43.4082
2,standard,create_destroy,64,1,1,basic,no,7,8192,52.1606
2,mimalloc,create_destroy,64,1,1,basic,no,7,8192,17.0532
2,jemalloc,create_destroy,64,1,1,basic,no,7,8192,45.5322
2,standard,object,64,1,1,basic,no,7,8192,52.5146
2,mimalloc,object,64,1,1,basic,no,7,8192,17.395
2,jemalloc,object,64,1,1,basic,no,7,8192,45.8862
2,standard,shared_object,64,1,1,basic,no,7,8192,59.4971
2,mimalloc,shared_object,64,1,1,basic,no,7,8192,24.3042
2,jemalloc,shared_object,64,1,1,basic,no,7,8192,55.6152
2,standard,array,64,1,1,basic,no,7,8192,70.5811
2,mimalloc,array,64,1,1,basic,no,7,8192,24.1455
2,jemalloc,array,64,1,1,basic,no,7,8192,48.2056
2,standard,std_vector,256,8,1,basic,no,7,8192,626.855
2,mimalloc,std_vector,256,8,1,basic,no,7,8192,255.603
2,jemalloc,std_vector,256,8,1,basic,no,7,8192,595.886
2,standard,pmr_vector,256,8,1,basic,no,7,8192,646.179
2,mimalloc,pmr_vector,256,8,1,basic,no,7,8192,246.411
2,jemalloc,pmr_vector,256,8,1,basic,no,7,8192,594.946
2,standard,raw,64,64,1,basic,no,7,8192,56.4453
2,mimalloc,raw,64,64,1,basic,no,7,8192,17.749
2,jemalloc,raw,64,64,1,basic,no,7,8192,47.168
2,standard,zeroed,64,64,1,basic,no,7,8192,63.8428
2,mimalloc,zeroed,64,64,1,basic,no,7,8192,43.3228
2,jemalloc,zeroed,64,64,1,basic,no,7,8192,51.9775
2,standard,reallocate,64,64,1,basic,no,7,8192,113.757
2,mimalloc,reallocate,64,64,1,basic,no,7,8192,39.6851
2,jemalloc,reallocate,64,64,1,basic,no,7,8192,134.363
2,standard,reallocate_zeroed,64,64,1,basic,no,7,8192,121.472
2,mimalloc,reallocate_zeroed,64,64,1,basic,no,7,8192,46.8628
2,jemalloc,reallocate_zeroed,64,64,1,basic,no,7,8192,141.724
2,standard,batch,64,64,1,basic,no,7,8192,58.8135
2,mimalloc,batch,64,64,1,basic,no,7,8192,16.3696
2,jemalloc,batch,64,64,1,basic,no,7,8192,53.5645
2,standard,mixed_lifetime,64,64,1,basic,no,7,8192,36.3892
2,mimalloc,mixed_lifetime,64,64,1,basic,no,7,8192,15.6372
2,jemalloc,mixed_lifetime,64,64,1,basic,no,7,8192,29.8706
2,standard,owned_block,64,64,1,basic,no,7,8192,116.907
2,mimalloc,owned_block,64,64,1,basic,no,7,8192,42.8955
2,jemalloc,owned_block,64,64,1,basic,no,7,8192,140.381
2,standard,raw,64,256,1,basic,no,7,8192,57.1167
2,mimalloc,raw,64,256,1,basic,no,7,8192,30.4688
2,jemalloc,raw,64,256,1,basic,no,7,8192,47.4609
2,standard,zeroed,64,256,1,basic,no,7,8192,62.6953
2,mimalloc,zeroed,64,256,1,basic,no,7,8192,33.3618
2,jemalloc,zeroed,64,256,1,basic,no,7,8192,52.3804
2,standard,reallocate,64,256,1,basic,no,7,8192,115.271
2,mimalloc,reallocate,64,256,1,basic,no,7,8192,52.6978
2,jemalloc,reallocate,64,256,1,basic,no,7,8192,120.642
2,standard,reallocate_zeroed,64,256,1,basic,no,7,8192,124.927
2,mimalloc,reallocate_zeroed,64,256,1,basic,no,7,8192,61.1572
2,jemalloc,reallocate_zeroed,64,256,1,basic,no,7,8192,126.685
2,standard,batch,64,256,1,basic,no,7,8192,69.9951
2,mimalloc,batch,64,256,1,basic,no,7,8192,28.5645
2,jemalloc,batch,64,256,1,basic,no,7,8192,73.2056
2,standard,mixed_lifetime,64,256,1,basic,no,7,8192,38.0615
2,mimalloc,mixed_lifetime,64,256,1,basic,no,7,8192,20.7397
2,jemalloc,mixed_lifetime,64,256,1,basic,no,7,8192,30.835
2,standard,owned_block,64,256,1,basic,no,7,8192,117.566
2,mimalloc,owned_block,64,256,1,basic,no,7,8192,55.188
2,jemalloc,owned_block,64,256,1,basic,no,7,8192,125.72
2,standard,raw,256,16,1,basic,no,7,8192,56.958
2,mimalloc,raw,256,16,1,basic,no,7,8192,18.103
2,jemalloc,raw,256,16,1,basic,no,7,8192,47.3999
2,standard,zeroed,256,16,1,basic,no,7,8192,65.8081
2,mimalloc,zeroed,256,16,1,basic,no,7,8192,23.3521
2,jemalloc,zeroed,256,16,1,basic,no,7,8192,53.0518
2,standard,reallocate,256,16,1,basic,no,7,8192,114.282
2,mimalloc,reallocate,256,16,1,basic,no,7,8192,46.6187
2,jemalloc,reallocate,256,16,1,basic,no,7,8192,136.133
2,standard,reallocate_zeroed,256,16,1,basic,no,7,8192,123.779
2,mimalloc,reallocate_zeroed,256,16,1,basic,no,7,8192,53.6987
2,jemalloc,reallocate_zeroed,256,16,1,basic,no,7,8192,143.787
2,standard,batch,256,16,1,basic,no,7,8192,64.2334
2,mimalloc,batch,256,16,1,basic,no,7,8192,14.9902
2,jemalloc,batch,256,16,1,basic,no,7,8192,74.4629
2,standard,mixed_lifetime,256,16,1,basic,no,7,8192,38.623
2,mimalloc,mixed_lifetime,256,16,1,basic,no,7,8192,15.1367
2,jemalloc,mixed_lifetime,256,16,1,basic,no,7,8192,31.7749
2,standard,owned_block,256,16,1,basic,no,7,8192,116.504
2,mimalloc,owned_block,256,16,1,basic,no,7,8192,45.752
2,jemalloc,owned_block,256,16,1,basic,no,7,8192,141.467
2,standard,typed_raw,256,1,1,basic,no,7,8192,51.4038
2,mimalloc,typed_raw,256,1,1,basic,no,7,8192,13.7207
2,jemalloc,typed_raw,256,1,1,basic,no,7,8192,43.6157
2,standard,array,256,1,1,basic,no,7,8192,70.4834
2,mimalloc,array,256,1,1,basic,no,7,8192,22.6685
2,jemalloc,array,256,1,1,basic,no,7,8192,50.354
2,standard,raw,256,64,1,basic,no,7,8192,55.7129
2,mimalloc,raw,256,64,1,basic,no,7,8192,16.8579
2,jemalloc,raw,256,64,1,basic,no,7,8192,47.522
2,standard,zeroed,256,64,1,basic,no,7,8192,65.1489
2,mimalloc,zeroed,256,64,1,basic,no,7,8192,21.875
2,jemalloc,zeroed,256,64,1,basic,no,7,8192,53.0518
2,standard,reallocate,256,64,1,basic,no,7,8192,116.199
2,mimalloc,reallocate,256,64,1,basic,no,7,8192,41.9556
2,jemalloc,reallocate,256,64,1,basic,no,7,8192,136.475
2,standard,reallocate_zeroed,256,64,1,basic,no,7,8192,123.108
2,mimalloc,reallocate_zeroed,256,64,1,basic,no,7,8192,48.7305
2,jemalloc,reallocate_zeroed,256,64,1,basic,no,7,8192,142.419
2,standard,batch,256,64,1,basic,no,7,8192,52.9541
2,mimalloc,batch,256,64,1,basic,no,7,8192,15.8936
2,jemalloc,batch,256,64,1,basic,no,7,8192,78.1494
2,standard,mixed_lifetime,256,64,1,basic,no,7,8192,38.4277
2,mimalloc,mixed_lifetime,256,64,1,basic,no,7,8192,15.7593
2,jemalloc,mixed_lifetime,256,64,1,basic,no,7,8192,31.897
2,standard,owned_block,256,64,1,basic,no,7,8192,116.87
2,mimalloc,owned_block,256,64,1,basic,no,7,8192,46.8628
2,jemalloc,owned_block,256,64,1,basic,no,7,8192,142.896
2,standard,raw,256,256,1,basic,no,7,8192,57.373
2,mimalloc,raw,256,256,1,basic,no,7,8192,16.8701
2,jemalloc,raw,256,256,1,basic,no,7,8192,47.5952
2,standard,zeroed,256,256,1,basic,no,7,8192,65.625
2,mimalloc,zeroed,256,256,1,basic,no,7,8192,23.8525
2,jemalloc,zeroed,256,256,1,basic,no,7,8192,53.064
2,standard,reallocate,256,256,1,basic,no,7,8192,117.346
2,mimalloc,reallocate,256,256,1,basic,no,7,8192,43.7866
2,jemalloc,reallocate,256,256,1,basic,no,7,8192,137.537
2,standard,reallocate_zeroed,256,256,1,basic,no,7,8192,126.453
2,mimalloc,reallocate_zeroed,256,256,1,basic,no,7,8192,51.5015
2,jemalloc,reallocate_zeroed,256,256,1,basic,no,7,8192,145.398
2,standard,batch,256,256,1,basic,no,7,8192,119.666
2,mimalloc,batch,256,256,1,basic,no,7,8192,16.394
2,jemalloc,batch,256,256,1,basic,no,7,8192,77.1851
2,standard,mixed_lifetime,256,256,1,basic,no,7,8192,43.0664
2,mimalloc,mixed_lifetime,256,256,1,basic,no,7,8192,16.6016
2,jemalloc,mixed_lifetime,256,256,1,basic,no,7,8192,31.8848
2,standard,owned_block,256,256,1,basic,no,7,8192,118.567
2,mimalloc,owned_block,256,256,1,basic,no,7,8192,48.5962
2,jemalloc,owned_block,256,256,1,basic,no,7,8192,142.761
2,standard,raw,4096,16,1,basic,no,7,8192,57.4707
2,mimalloc,raw,4096,16,1,basic,no,7,8192,39.8438
2,jemalloc,raw,4096,16,1,basic,no,7,8192,51.6724
2,standard,zeroed,4096,16,1,basic,no,7,8192,99.5728
2,mimalloc,zeroed,4096,16,1,basic,no,7,8192,66.6992
2,jemalloc,zeroed,4096,16,1,basic,no,7,8192,89.7949
2,standard,reallocate,4096,16,1,basic,no,7,8192,175.928
2,mimalloc,reallocate,4096,16,1,basic,no,7,8192,114.88
2,jemalloc,reallocate,4096,16,1,basic,no,7,8192,185.803
2,standard,reallocate_zeroed,4096,16,1,basic,no,7,8192,231.458
2,mimalloc,reallocate_zeroed,4096,16,1,basic,no,7,8192,152.454
2,jemalloc,reallocate_zeroed,4096,16,1,basic,no,7,8192,226.953
2,standard,batch,4096,16,1,basic,no,7,8192,485.376
2,mimalloc,batch,4096,16,1,basic,no,7,8192,69.7021
2,jemalloc,batch,4096,16,1,basic,no,7,8192,380.762
2,standard,mixed_lifetime,4096,16,1,basic,no,7,8192,106.86
2,mimalloc,mixed_lifetime,4096,16,1,basic,no,7,8192,35.5713
2,jemalloc,mixed_lifetime,4096,16,1,basic,no,7,8192,125.195
2,standard,owned_block,4096,16,1,basic,no,7,8192,179.7
2,mimalloc,owned_block,4096,16,1,basic,no,7,8192,148.108
2,jemalloc,owned_block,4096,16,1,basic,no,7,8192,190.369
2,standard,typed_raw,4096,1,1,basic,no,7,8192,54.3945
2,mimalloc,typed_raw,4096,1,1,basic,no,7,8192,30.7007
2,jemalloc,typed_raw,4096,1,1,basic,no,7,8192,47.2656
2,standard,array,4096,1,1,basic,no,7,8192,100.208
2,mimalloc,array,4096,1,1,basic,no,7,8192,67.2363
2,jemalloc,array,4096,1,1,basic,no,7,8192,87.6709
2,standard,raw,4096,64,1,basic,no,7,8192,58.3496
2,mimalloc,raw,4096,64,1,basic,no,7,8192,39.3921
2,jemalloc,raw,4096,64,1,basic,no,7,8192,51.2451
2,standard,zeroed,4096,64,1,basic,no,7,8192,92.3828
2,mimalloc,zeroed,4096,64,1,basic,no,7,8192,75.3418
2,jemalloc,zeroed,4096,64,1,basic,no,7,8192,89.6851
2,standard,reallocate,4096,64,1,basic,no,7,8192,167.712
2,mimalloc,reallocate,4096,64,1,basic,no,7,8192,120.093
2,jemalloc,reallocate,4096,64,1,basic,no,7,8192,186.853
2,standard,reallocate_zeroed,4096,64,1,basic,no,7,8192,218.042
2,mimalloc,reallocate_zeroed,4096,64,1,basic,no,7,8192,159.57
2,jemalloc,reallocate_zeroed,4096,64,1,basic,no,7,8192,228.357
2,standard,batch,4096,64,1,basic,no,7,8192,62.854
2,mimalloc,batch,4096,64,1,basic,no,7,8192,69.9341
2,jemalloc,batch,4096,64,1,basic,no,7,8192,392.212
2,standard,mixed_lifetime,4096,64,1,basic,no,7,8192,96.6553
2,mimalloc,mixed_lifetime,4096,64,1,basic,no,7,8192,34.5337
2,jemalloc,mixed_lifetime,4096,64,1,basic,no,7,8192,125.244
2,standard,owned_block,4096,64,1,basic,no,7,8192,170.105
2,mimalloc,owned_block,4096,64,1,basic,no,7,8192,148.022
2,jemalloc,owned_block,4096,64,1,basic,no,7,8192,191.345
2,standard,raw,4096,256,1,basic,no,7,8192,56.4087
2,mimalloc,raw,4096,256,1,basic,no,7,8192,39.0991
2,jemalloc,raw,4096,256,1,basic,no,7,8192,50.8545
2,standard,zeroed,4096,256,1,basic,no,7,8192,92.981
2,mimalloc,zeroed,4096,256,1,basic,no,7,8192,75.3662
2,jemalloc,zeroed,4096,256,1,basic,no,7,8192,89.8804
2,standard,reallocate,4096,256,1,basic,no,7,8192,165.662
2,mimalloc,reallocate,4096,256,1,basic,no,7,8192,120.581
2,jemalloc,reallocate,4096,256,1,basic,no,7,8192,186.414
2,standard,reallocate_zeroed,4096,256,1,basic,no,7,8192,217.407
2,mimalloc,reallocate_zeroed,4096,256,1,basic,no,7,8192,160.62
2,jemalloc,reallocate_zeroed,4096,256,1,basic,no,7,8192,228.21
2,standard,batch,4096,256,1,basic,no,7,8192,62.5122
2,mimalloc,batch,4096,256,1,basic,no,7,8192,69.1772
2,jemalloc,batch,4096,256,1,basic,no,7,8192,386.096
2,standard,mixed_lifetime,4096,256,1,basic,no,7,8192,96.106
2,mimalloc,mixed_lifetime,4096,256,1,basic,no,7,8192,34.668
2,jemalloc,mixed_lifetime,4096,256,1,basic,no,7,8192,123.45
2,standard,owned_block,4096,256,1,basic,no,7,8192,170.569
2,mimalloc,owned_block,4096,256,1,basic,no,7,8192,148.01
2,jemalloc,owned_block,4096,256,1,basic,no,7,8192,190.735
2,standard,raw,65536,16,1,basic,no,7,8192,163.367
2,mimalloc,raw,65536,16,1,basic,no,7,8192,43.8354
2,jemalloc,raw,65536,16,1,basic,no,7,8192,371.021
2,standard,zeroed,65536,16,1,basic,no,7,8192,887.878
2,mimalloc,zeroed,65536,16,1,basic,no,7,8192,890.247
2,jemalloc,zeroed,65536,16,1,basic,no,7,8192,1081.07
2,standard,reallocate,65536,16,1,basic,no,7,8192,3124.88
2,mimalloc,reallocate,65536,16,1,basic,no,7,8192,1736
2,jemalloc,reallocate,65536,16,1,basic,no,7,8192,2910.91
2,standard,reallocate_zeroed,65536,16,1,basic,no,7,8192,4734.2
2,mimalloc,reallocate_zeroed,65536,16,1,basic,no,7,8192,2466.88
2,jemalloc,reallocate_zeroed,65536,16,1,basic,no,7,8192,3697.64
2,standard,batch,65536,16,1,basic,no,7,8192,2573.8
2,mimalloc,batch,65536,16,1,basic,no,7,8192,116.626
2,jemalloc,batch,65536,16,1,basic,no,7,8192,601.953
2,standard,mixed_lifetime,65536,16,1,basic,no,7,8192,413.989
2,mimalloc,mixed_lifetime,65536,16,1,basic,no,7,8192,51.1597
2,jemalloc,mixed_lifetime,65536,16,1,basic,no,7,8192,315.881
2,standard,owned_block,65536,16,1,basic,no,7,8192,1717.11
2,mimalloc,owned_block,65536,16,1,basic,no,7,8192,2620.36
2,jemalloc,owned_block,65536,16,1,basic,no,7,8192,3424.34
2,standard,typed_raw,65536,1,1,basic,no,7,8192,155.017
2,mimalloc,typed_raw,65536,1,1,basic,no,7,8192,30.957
2,jemalloc,typed_raw,65536,1,1,basic,no,7,8192,607.751
2,standard,array,65536,1,1,basic,no,7,8192,880.481
2,mimalloc,array,65536,1,1,basic,no,7,8192,722.644
2,jemalloc,array,65536,1,1,basic,no,7,8192,1326.17
2,standard,raw,65536,64,1,basic,no,7,8192,168.25
2,mimalloc,raw,65536,64,1,basic,no,7,8192,42.1143
2,jemalloc,raw,65536,64,1,basic,no,7,8192,613.318
2,standard,zeroed,65536,64,1,basic,no,7,8192,893.726
2,mimalloc,zeroed,65536,64,1,basic,no,7,8192,891.309
2,jemalloc,zeroed,65536,64,1,basic,no,7,8192,1312.73
2,standard,reallocate,65536,64,1,basic,no,7,8192,1713.18
2,mimalloc,reallocate,65536,64,1,basic,no,7,8192,1734.97
2,jemalloc,reallocate,65536,64,1,basic,no,7,8192,3686.73
2,standard,reallocate_zeroed,65536,64,1,basic,no,7,8192,2456.86
2,mimalloc,reallocate_zeroed,65536,64,1,basic,no,7,8192,2459.06
2,jemalloc,reallocate_zeroed,65536,64,1,basic,no,7,8192,4237.79
2,standard,batch,65536,64,1,basic,no,7,8192,242.993
2,mimalloc,batch,65536,64,1,basic,no,7,8192,117.004
2,jemalloc,batch,65536,64,1,basic,no,7,8192,600.33
2,standard,mixed_lifetime,65536,64,1,basic,no,7,8192,402.49
2,mimalloc,mixed_lifetime,65536,64,1,basic,no,7,8192,47.4365
2,jemalloc,mixed_lifetime,65536,64,1,basic,no,7,8192,304.59
2,standard,owned_block,65536,64,1,basic,no,7,8192,1704.14
2,mimalloc,owned_block,65536,64,1,basic,no,7,8192,2614.01
2,jemalloc,owned_block,65536,64,1,basic,no,7,8192,3416.54
2,standard,raw,65536,256,1,basic,no,7,8192,161.658
2,mimalloc,raw,65536,256,1,basic,no,7,8192,45.1782
2,jemalloc,raw,65536,256,1,basic,no,7,8192,611.584
2,standard,zeroed,65536,256,1,basic,no,7,8192,880.713
2,mimalloc,zeroed,65536,256,1,basic,no,7,8192,969.775
2,jemalloc,zeroed,65536,256,1,basic,no,7,8192,1316.64
2,standard,reallocate,65536,256,1,basic,no,7,8192,1700.06
2,mimalloc,reallocate,65536,256,1,basic,no,7,8192,1820.24
2,jemalloc,reallocate,65536,256,1,basic,no,7,8192,3405.79
2,standard,reallocate_zeroed,65536,256,1,basic,no,7,8192,2446.61
2,mimalloc,reallocate_zeroed,65536,256,1,basic,no,7,8192,2589.93
2,jemalloc,reallocate_zeroed,65536,256,1,basic,no,7,8192,4220.8
2,standard,batch,65536,256,1,basic,no,7,8192,271.118
2,mimalloc,batch,65536,256,1,basic,no,7,8192,116.284
2,jemalloc,batch,65536,256,1,basic,no,7,8192,600.562
2,standard,mixed_lifetime,65536,256,1,basic,no,7,8192,453.149
2,mimalloc,mixed_lifetime,65536,256,1,basic,no,7,8192,46.814
2,jemalloc,mixed_lifetime,65536,256,1,basic,no,7,8192,305.359
2,standard,owned_block,65536,256,1,basic,no,7,8192,1714.34
2,mimalloc,owned_block,65536,256,1,basic,no,7,8192,2607.6
2,jemalloc,owned_block,65536,256,1,basic,no,7,8192,3420.89
2,standard,raw,64,16,1,disabled,no,7,8192,50.7812
2,mimalloc,raw,64,16,1,disabled,no,7,8192,12.8174
2,jemalloc,raw,64,16,1,disabled,no,7,8192,43.0542
2,standard,zeroed,64,16,1,disabled,no,7,8192,55.835
2,mimalloc,zeroed,64,16,1,disabled,no,7,8192,38.9526
2,jemalloc,zeroed,64,16,1,disabled,no,7,8192,43.3228
2,standard,reallocate,64,16,1,disabled,no,7,8192,108.118
2,mimalloc,reallocate,64,16,1,disabled,no,7,8192,33.2031
2,jemalloc,reallocate,64,16,1,disabled,no,7,8192,119.812
2,standard,reallocate_zeroed,64,16,1,disabled,no,7,8192,115.198
2,mimalloc,reallocate_zeroed,64,16,1,disabled,no,7,8192,40.3564
2,jemalloc,reallocate_zeroed,64,16,1,disabled,no,7,8192,129.065
2,standard,batch,64,16,1,disabled,no,7,8192,56.9214
2,mimalloc,batch,64,16,1,disabled,no,7,8192,12.6221
2,jemalloc,batch,64,16,1,disabled,no,7,8192,48.3887
2,standard,mixed_lifetime,64,16,1,disabled,no,7,8192,33.3984
2,mimalloc,mixed_lifetime,64,16,1,disabled,no,7,8192,12.0483
2,jemalloc,mixed_lifetime,64,16,1,disabled,no,7,8192,26.1841
2,standard,owned_block,64,16,1,disabled,no,7,8192,110.388
2,mimalloc,owned_block,64,16,1,disabled,no,7,8192,36.1206
2,jemalloc,owned_block,64,16,1,disabled,no,7,8192,123.743
2,standard,typed_raw,64,1,1,disabled,no,7,8192,49.0479
2,mimalloc,typed_raw,64,1,1,disabled,no,7,8192,11.1694
2,jemalloc,typed_raw,64,1,1,disabled,no,7,8192,39.1846
2,standard,create_destroy,64,1,1,disabled,no,7,8192,48.999
2,mimalloc,create_destroy,64,1,1,disabled,no,7,8192,12.7441
2,jemalloc,create_destroy,64,1,1,disabled,no,7,8192,39.0991
2,standard,object,64,1,1,disabled,no,7,8192,49.4507
2,mimalloc,object,64,1,1,disabled,no,7,8192,13.0371
2,jemalloc,object,64,1,1,disabled,no,7,8192,38.916
2,standard,shared_object,64,1,1,disabled,no,7,8192,55.4688
2,mimalloc,shared_object,64,1,1,disabled,no,7,8192,17.5293
2,jemalloc,shared_object,64,1,1,disabled,no,7,8192,47.522
2,standard,array,64,1,1,disabled,no,7,8192,66.8823
2,mimalloc,array,64,1,1,disabled,no,7,8192,18.5913
2,jemalloc,array,64,1,1,disabled,no,7,8192,41.4917
2,standard,std_vector,256,8,1,disabled,no,7,8192,594.067
2,mimalloc,std_vector,256,8,1,disabled,no,7,8192,212.61
2,jemalloc,std_vector,256,8,1,disabled,no,7,8192,527.527
2,standard,pmr_vector,256,8,1,disabled,no,7,8192,613.293
2,mimalloc,pmr_vector,256,8,1,disabled,no,7,8192,188.269
2,jemalloc,pmr_vector,256,8,1,disabled,no,7,8192,539.246
2,mimalloc,raw,64,16,1,disabled,yes,7,8192,12.8296
2,jemalloc,raw,64,16,1,disabled,yes,7,8192,316.833
2,mimalloc,zeroed,64,16,1,disabled,yes,7,8192,39.4409
2,jemalloc,zeroed,64,16,1,disabled,yes,7,8192,316.895
2,mimalloc,reallocate,64,16,1,disabled,yes,7,8192,33.4473
2,jemalloc,reallocate,64,16,1,disabled,yes,7,8192,672.168
2,mimalloc,reallocate_zeroed,64,16,1,disabled,yes,7,8192,39.3677
2,jemalloc,reallocate_zeroed,64,16,1,disabled,yes,7,8192,680.017
2,mimalloc,batch,64,16,1,disabled,yes,7,8192,12.6221
2,jemalloc,batch,64,16,1,disabled,yes,7,8192,133.594
2,mimalloc,mixed_lifetime,64,16,1,disabled,yes,7,8192,13.6963
2,jemalloc,mixed_lifetime,64,16,1,disabled,yes,7,8192,77.2217
2,mimalloc,owned_block,64,16,1,disabled,yes,7,8192,38.0859
2,jemalloc,owned_block,64,16,1,disabled,yes,7,8192,675.5
2,mimalloc,typed_raw,64,1,1,disabled,yes,7,8192,10.2539
2,jemalloc,typed_raw,64,1,1,disabled,yes,7,8192,313.892
2,mimalloc,create_destroy,64,1,1,disabled,yes,7,8192,10.5835
2,jemalloc,create_destroy,64,1,1,disabled,yes,7,8192,317.468
2,mimalloc,object,64,1,1,disabled,yes,7,8192,11.1938
2,jemalloc,object,64,1,1,disabled,yes,7,8192,314.868
2,mimalloc,shared_object,64,1,1,disabled,yes,7,8192,14.917
2,jemalloc,shared_object,64,1,1,disabled,yes,7,8192,349.377
2,mimalloc,array,64,1,1,disabled,yes,7,8192,16.7358
2,jemalloc,array,64,1,1,disabled,yes,7,8192,318.53
2,mimalloc,std_vector,256,8,1,disabled,yes,7,8192,203.235
2,jemalloc,std_vector,256,8,1,disabled,yes,7,8192,3649.34
2,mimalloc,pmr_vector,256,8,1,disabled,yes,7,8192,195.166
2,jemalloc,pmr_vector,256,8,1,disabled,yes,7,8192,3523.99
2,mimalloc,raw,64,16,1,basic,yes,7,8192,17.4438
2,jemalloc,raw,64,16,1,basic,yes,7,8192,324.939
2,mimalloc,zeroed,64,16,1,basic,yes,7,8192,44.1895
2,jemalloc,zeroed,64,16,1,basic,yes,7,8192,328.638
2,mimalloc,reallocate,64,16,1,basic,yes,7,8192,40.0879
2,jemalloc,reallocate,64,16,1,basic,yes,7,8192,675.806
2,mimalloc,reallocate_zeroed,64,16,1,basic,yes,7,8192,45.1172
2,jemalloc,reallocate_zeroed,64,16,1,basic,yes,7,8192,696.716
2,mimalloc,batch,64,16,1,basic,yes,7,8192,16.1987
2,jemalloc,batch,64,16,1,basic,yes,7,8192,136.426
2,mimalloc,mixed_lifetime,64,16,1,basic,yes,7,8192,15.7715
2,jemalloc,mixed_lifetime,64,16,1,basic,yes,7,8192,81.3599
2,mimalloc,owned_block,64,16,1,basic,yes,7,8192,44.3848
2,jemalloc,owned_block,64,16,1,basic,yes,7,8192,688.306
2,mimalloc,typed_raw,64,1,1,basic,yes,7,8192,13.6963
2,jemalloc,typed_raw,64,1,1,basic,yes,7,8192,320.813
2,mimalloc,create_destroy,64,1,1,basic,yes,7,8192,14.6606
2,jemalloc,create_destroy,64,1,1,basic,yes,7,8192,317.59
2,mimalloc,object,64,1,1,basic,yes,7,8192,15.8447
2,jemalloc,object,64,1,1,basic,yes,7,8192,316.846
2,mimalloc,shared_object,64,1,1,basic,yes,7,8192,22.0093
2,jemalloc,shared_object,64,1,1,basic,yes,7,8192,356.335
2,mimalloc,array,64,1,1,basic,yes,7,8192,22.3022
2,jemalloc,array,64,1,1,basic,yes,7,8192,324.121
2,mimalloc,std_vector,256,8,1,basic,yes,7,8192,242.09
2,jemalloc,std_vector,256,8,1,basic,yes,7,8192,3682.95
2,mimalloc,pmr_vector,256,8,1,basic,yes,7,8192,233.484
2,jemalloc,pmr_vector,256,8,1,basic,yes,7,8192,3582.92
2,standard,raw,64,64,1,disabled,no,7,8192,51.7334
2,mimalloc,raw,64,64,1,disabled,no,7,8192,12.5122
2,jemalloc,raw,64,64,1,disabled,no,7,8192,41.1011
2,standard,zeroed,64,64,1,disabled,no,7,8192,59.5703
2,mimalloc,zeroed,64,64,1,disabled,no,7,8192,39.0137
2,jemalloc,zeroed,64,64,1,disabled,no,7,8192,44.0186
2,standard,reallocate,64,64,1,disabled,no,7,8192,107.837
2,mimalloc,reallocate,64,64,1,disabled,no,7,8192,32.7759
2,jemalloc,reallocate,64,64,1,disabled,no,7,8192,120.667
2,standard,reallocate_zeroed,64,64,1,disabled,no,7,8192,114.624
2,mimalloc,reallocate_zeroed,64,64,1,disabled,no,7,8192,38.208
2,jemalloc,reallocate_zeroed,64,64,1,disabled,no,7,8192,129.822
2,standard,batch,64,64,1,disabled,no,7,8192,55.7373
2,mimalloc,batch,64,64,1,disabled,no,7,8192,12.6099
2,jemalloc,batch,64,64,1,disabled,no,7,8192,48.4375
2,standard,mixed_lifetime,64,64,1,disabled,no,7,8192,34.3506
2,mimalloc,mixed_lifetime,64,64,1,disabled,no,7,8192,12.8174
2,jemalloc,mixed_lifetime,64,64,1,disabled,no,7,8192,25.9644
2,standard,owned_block,64,64,1,disabled,no,7,8192,109.827
2,mimalloc,owned_block,64,64,1,disabled,no,7,8192,36.2549
2,jemalloc,owned_block,64,64,1,disabled,no,7,8192,122.681
2,mimalloc,raw,64,64,1,disabled,yes,7,8192,13.1348
2,jemalloc,raw,64,64,1,disabled,yes,7,8192,314.319
2,mimalloc,zeroed,64,64,1,disabled,yes,7,8192,39.6729
2,jemalloc,zeroed,64,64,1,disabled,yes,7,8192,320.947
2,mimalloc,reallocate,64,64,1,disabled,yes,7,8192,33.3496
2,jemalloc,reallocate,64,64,1,disabled,yes,7,8192,664.673
2,mimalloc,reallocate_zeroed,64,64,1,disabled,yes,7,8192,38.6841
2,jemalloc,reallocate_zeroed,64,64,1,disabled,yes,7,8192,680.029
2,mimalloc,batch,64,64,1,disabled,yes,7,8192,11.6943
2,jemalloc,batch,64,64,1,disabled,yes,7,8192,133.337
2,mimalloc,mixed_lifetime,64,64,1,disabled,yes,7,8192,12.561
2,jemalloc,mixed_lifetime,64,64,1,disabled,yes,7,8192,77.6978
2,mimalloc,owned_block,64,64,1,disabled,yes,7,8192,38.0493
2,jemalloc,owned_block,64,64,1,disabled,yes,7,8192,675.037
2,mimalloc,raw,64,64,1,basic,yes,7,8192,17.1509
2,jemalloc,raw,64,64,1,basic,yes,7,8192,325.94
2,mimalloc,zeroed,64,64,1,basic,yes,7,8192,44.2627
2,jemalloc,zeroed,64,64,1,basic,yes,7,8192,328.967
2,mimalloc,reallocate,64,64,1,basic,yes,7,8192,40.0635
2,jemalloc,reallocate,64,64,1,basic,yes,7,8192,676.086
2,mimalloc,reallocate_zeroed,64,64,1,basic,yes,7,8192,44.9707
2,jemalloc,reallocate_zeroed,64,64,1,basic,yes,7,8192,698.914
2,mimalloc,batch,64,64,1,basic,yes,7,8192,14.9902
2,jemalloc,batch,64,64,1,basic,yes,7,8192,136.597
2,mimalloc,mixed_lifetime,64,64,1,basic,yes,7,8192,15.4663
2,jemalloc,mixed_lifetime,64,64,1,basic,yes,7,8192,80.8716
2,mimalloc,owned_block,64,64,1,basic,yes,7,8192,44.2139
2,jemalloc,owned_block,64,64,1,basic,yes,7,8192,694.238
2,standard,raw,64,256,1,disabled,no,7,8192,52.0508
2,mimalloc,raw,64,256,1,disabled,no,7,8192,26.1108
2,jemalloc,raw,64,256,1,disabled,no,7,8192,40.0635
2,standard,zeroed,64,256,1,disabled,no,7,8192,58.7402
2,mimalloc,zeroed,64,256,1,disabled,no,7,8192,26.5015
2,jemalloc,zeroed,64,256,1,disabled,no,7,8192,47.1802
2,standard,reallocate,64,256,1,disabled,no,7,8192,109.253
2,mimalloc,reallocate,64,256,1,disabled,no,7,8192,43.811
2,jemalloc,reallocate,64,256,1,disabled,no,7,8192,111.267
2,standard,reallocate_zeroed,64,256,1,disabled,no,7,8192,116.406
2,mimalloc,reallocate_zeroed,64,256,1,disabled,no,7,8192,51.77
2,jemalloc,reallocate_zeroed,64,256,1,disabled,no,7,8192,113.721
2,standard,batch,64,256,1,disabled,no,7,8192,67.0044
2,mimalloc,batch,64,256,1,disabled,no,7,8192,21.9849
2,jemalloc,batch,64,256,1,disabled,no,7,8192,67.6025
2,standard,mixed_lifetime,64,256,1,disabled,no,7,8192,37.2192
2,mimalloc,mixed_lifetime,64,256,1,disabled,no,7,8192,18.7744
2,jemalloc,mixed_lifetime,64,256,1,disabled,no,7,8192,27.1851
2,standard,owned_block,64,256,1,disabled,no,7,8192,113.037
2,mimalloc,owned_block,64,256,1,disabled,no,7,8192,48.1812
2,jemalloc,owned_block,64,256,1,disabled,no,7,8192,114.172
2,mimalloc,raw,64,256,1,disabled,yes,7,8192,25.9033
2,jemalloc,raw,64,256,1,disabled,yes,7,8192,313.806
2,mimalloc,zeroed,64,256,1,disabled,yes,7,8192,28.9795
2,jemalloc,zeroed,64,256,1,disabled,yes,7,8192,320.203
2,mimalloc,reallocate,64,256,1,disabled,yes,7,8192,43.8721
2,jemalloc,reallocate,64,256,1,disabled,yes,7,8192,403.845
2,mimalloc,reallocate_zeroed,64,256,1,disabled,yes,7,8192,52.0142
2,jemalloc,reallocate_zeroed,64,256,1,disabled,yes,7,8192,410.144
2,mimalloc,batch,64,256,1,disabled,yes,7,8192,23.584
2,jemalloc,batch,64,256,1,disabled,yes,7,8192,144.702
2,mimalloc,mixed_lifetime,64,256,1,disabled,yes,7,8192,18.1641
2,jemalloc,mixed_lifetime,64,256,1,disabled,yes,7,8192,82.1289
2,mimalloc,owned_block,64,256,1,disabled,yes,7,8192,47.937
2,jemalloc,owned_block,64,256,1,disabled,yes,7,8192,406.055
2,mimalloc,raw,64,256,1,basic,yes,7,8192,29.8706
2,jemalloc,raw,64,256,1,basic,yes,7,8192,322.998
2,mimalloc,zeroed,64,256,1,basic,yes,7,8192,32.1777
2,jemalloc,zeroed,64,256,1,basic,yes,7,8192,330.139
2,mimalloc,reallocate,64,256,1,basic,yes,7,8192,50.2808
2,jemalloc,reallocate,64,256,1,basic,yes,7,8192,414.941
2,mimalloc,reallocate_zeroed,64,256,1,basic,yes,7,8192,59.0698
2,jemalloc,reallocate_zeroed,64,256,1,basic,yes,7,8192,427.747
2,mimalloc,batch,64,256,1,basic,yes,7,8192,28.6987
2,jemalloc,batch,64,256,1,basic,yes,7,8192,147.461
2,mimalloc,mixed_lifetime,64,256,1,basic,yes,7,8192,20.3857
2,jemalloc,mixed_lifetime,64,256,1,basic,yes,7,8192,85.3516
2,mimalloc,owned_block,64,256,1,basic,yes,7,8192,52.4414
2,jemalloc,owned_block,64,256,1,basic,yes,7,8192,420.715
2,standard,raw,256,16,1,disabled,no,7,8192,52.9541
2,mimalloc,raw,256,16,1,disabled,no,7,8192,12.9395
2,jemalloc,raw,256,16,1,disabled,no,7,8192,40.2588
2,standard,zeroed,256,16,1,disabled,no,7,8192,59.9976
2,mimalloc,zeroed,256,16,1,disabled,no,7,8192,17.8101
2,jemalloc,zeroed,256,16,1,disabled,no,7,8192,45.6421
2,standard,reallocate,256,16,1,disabled,no,7,8192,111.816
2,mimalloc,reallocate,256,16,1,disabled,no,7,8192,41.4185
2,jemalloc,reallocate,256,16,1,disabled,no,7,8192,122.571
2,standard,reallocate_zeroed,256,16,1,disabled,no,7,8192,119.373
2,mimalloc,reallocate_zeroed,256,16,1,disabled,no,7,8192,48.1079
2,jemalloc,reallocate_zeroed,256,16,1,disabled,no,7,8192,132.483
2,standard,batch,256,16,1,disabled,no,7,8192,62.2192
2,mimalloc,batch,256,16,1,disabled,no,7,8192,12.793
2,jemalloc,batch,256,16,1,disabled,no,7,8192,69.2139
2,standard,mixed_lifetime,256,16,1,disabled,no,7,8192,36.5112
2,mimalloc,mixed_lifetime,256,16,1,disabled,no,7,8192,13.3667
2,jemalloc,mixed_lifetime,256,16,1,disabled,no,7,8192,27.8198
2,standard,owned_block,256,16,1,disabled,no,7,8192,111.719
2,mimalloc,owned_block,256,16,1,disabled,no,7,8192,40.6128
2,jemalloc,owned_block,256,16,1,disabled,no,7,8192,126.294
2,standard,typed_raw,256,1,1,disabled,no,7,8192,48.7183
2,mimalloc,typed_raw,256,1,1,disabled,no,7,8192,11.6211
2,jemalloc,typed_raw,256,1,1,disabled,no,7,8192,39.5386
2,standard,array,256,1,1,disabled,no,7,8192,67.3462
2,mimalloc,array,256,1,1,disabled,no,7,8192,19.4946
2,jemalloc,array,256,1,1,disabled,no,7,8192,44.7266
2,mimalloc,raw,256,16,1,disabled,yes,7,8192,12.9272
2,jemalloc,raw,256,16,1,disabled,yes,7,8192,313.22
2,mimalloc,zeroed,256,16,1,disabled,yes,7,8192,19.7021
2,jemalloc,zeroed,256,16,1,disabled,yes,7,8192,322.29
2,mimalloc,reallocate,256,16,1,disabled,yes,7,8192,40.9668
2,jemalloc,reallocate,256,16,1,disabled,yes,7,8192,674.426
2,mimalloc,reallocate_zeroed,256,16,1,disabled,yes,7,8192,48.0347
2,jemalloc,reallocate_zeroed,256,16,1,disabled,yes,7,8192,684.058
2,mimalloc,batch,256,16,1,disabled,yes,7,8192,12.6343
2,jemalloc,batch,256,16,1,disabled,yes,7,8192,144.775
2,mimalloc,mixed_lifetime,256,16,1,disabled,yes,7,8192,14.4165
2,jemalloc,mixed_lifetime,256,16,1,disabled,yes,7,8192,88.1958
2,mimalloc,owned_block,256,16,1,disabled,yes,7,8192,44.6289
2,jemalloc,owned_block,256,16,1,disabled,yes,7,8192,678.101
2,mimalloc,typed_raw,256,1,1,disabled,yes,7,8192,12.7563
2,jemalloc,typed_raw,256,1,1,disabled,yes,7,8192,310.962
2,mimalloc,array,256,1,1,disabled,yes,7,8192,22.0215
2,jemalloc,array,256,1,1,disabled,yes,7,8192,319.592
2,mimalloc,raw,256,16,1,basic,yes,7,8192,20.6787
2,jemalloc,raw,256,16,1,basic,yes,7,8192,322.949
2,mimalloc,zeroed,256,16,1,basic,yes,7,8192,23.1201
2,jemalloc,zeroed,256,16,1,basic,yes,7,8192,329.907
2,mimalloc,reallocate,256,16,1,basic,yes,7,8192,46.2524
2,jemalloc,reallocate,256,16,1,basic,yes,7,8192,684.766
2,mimalloc,reallocate_zeroed,256,16,1,basic,yes,7,8192,54.834
2,jemalloc,reallocate_zeroed,256,16,1,basic,yes,7,8192,698.645
2,mimalloc,batch,256,16,1,basic,yes,7,8192,15.918
2,jemalloc,batch,256,16,1,basic,yes,7,8192,147.461
2,mimalloc,mixed_lifetime,256,16,1,basic,yes,7,8192,16.626
2,jemalloc,mixed_lifetime,256,16,1,basic,yes,7,8192,92.041
2,mimalloc,owned_block,256,16,1,basic,yes,7,8192,49.7192
2,jemalloc,owned_block,256,16,1,basic,yes,7,8192,696.167
2,mimalloc,typed_raw,256,1,1,basic,yes,7,8192,16.2842
2,jemalloc,typed_raw,256,1,1,basic,yes,7,8192,316.077
2,mimalloc,array,256,1,1,basic,yes,7,8192,22.7417
2,jemalloc,array,256,1,1,basic,yes,7,8192,326.038
2,standard,raw,256,64,1,disabled,no,7,8192,52.3071
2,mimalloc,raw,256,64,1,disabled,no,7,8192,12.915
2,jemalloc,raw,256,64,1,disabled,no,7,8192,39.9292
2,standard,zeroed,256,64,1,disabled,no,7,8192,59.6069
2,mimalloc,zeroed,256,64,1,disabled,no,7,8192,19.5801
2,jemalloc,zeroed,256,64,1,disabled,no,7,8192,47.8271
2,standard,reallocate,256,64,1,disabled,no,7,8192,110.12
2,mimalloc,reallocate,256,64,1,disabled,no,7,8192,37.9639
2,jemalloc,reallocate,256,64,1,disabled,no,7,8192,122.974
2,standard,reallocate_zeroed,256,64,1,disabled,no,7,8192,118.066
2,mimalloc,reallocate_zeroed,256,64,1,disabled,no,7,8192,45.3613
2,jemalloc,reallocate_zeroed,256,64,1,disabled,no,7,8192,132.642
2,standard,batch,256,64,1,disabled,no,7,8192,50.3174
2,mimalloc,batch,256,64,1,disabled,no,7,8192,12.7441
2,jemalloc,batch,256,64,1,disabled,no,7,8192,72.168
2,standard,mixed_lifetime,256,64,1,disabled,no,7,8192,36.5112
2,mimalloc,mixed_lifetime,256,64,1,disabled,no,7,8192,13.2812
2,jemalloc,mixed_lifetime,256,64,1,disabled,no,7,8192,28.1494
2,standard,owned_block,256,64,1,disabled,no,7,8192,110.669
2,mimalloc,owned_block,256,64,1,disabled,no,7,8192,41.8091
2,jemalloc,owned_block,256,64,1,disabled,no,7,8192,124.646
2,mimalloc,raw,256,64,1,disabled,yes,7,8192,14.1846
2,jemalloc,raw,256,64,1,disabled,yes,7,8192,312.366
2,mimalloc,zeroed,256,64,1,disabled,yes,7,8192,20.6421
2,jemalloc,zeroed,256,64,1,disabled,yes,7,8192,321.643
2,mimalloc,reallocate,256,64,1,disabled,yes,7,8192,41.2354
2,jemalloc,reallocate,256,64,1,disabled,yes,7,8192,668.945
2,mimalloc,reallocate_zeroed,256,64,1,disabled,yes,7,8192,45.8862
2,jemalloc,reallocate_zeroed,256,64,1,disabled,yes,7,8192,690.747
2,mimalloc,batch,256,64,1,disabled,yes,7,8192,10.8032
2,jemalloc,batch,256,64,1,disabled,yes,7,8192,145.337
2,mimalloc,mixed_lifetime,256,64,1,disabled,yes,7,8192,13.6475
2,jemalloc,mixed_lifetime,256,64,1,disabled,yes,7,8192,89.2456
2,mimalloc,owned_block,256,64,1,disabled,yes,7,8192,43.6646
2,jemalloc,owned_block,256,64,1,disabled,yes,7,8192,677.759
2,mimalloc,raw,256,64,1,basic,yes,7,8192,19.751
2,jemalloc,raw,256,64,1,basic,yes,7,8192,322.998
2,mimalloc,zeroed,256,64,1,basic,yes,7,8192,25.0244
2,jemalloc,zeroed,256,64,1,basic,yes,7,8192,330.188
2,mimalloc,reallocate,256,64,1,basic,yes,7,8192,49.292
2,jemalloc,reallocate,256,64,1,basic,yes,7,8192,676.941
2,mimalloc,reallocate_zeroed,256,64,1,basic,yes,7,8192,55.8105
2,jemalloc,reallocate_zeroed,256,64,1,basic,yes,7,8192,691.919
2,mimalloc,batch,256,64,1,basic,yes,7,8192,14.9292
2,jemalloc,batch,256,64,1,basic,yes,7,8192,147.974
2,mimalloc,mixed_lifetime,256,64,1,basic,yes,7,8192,16.3452
2,jemalloc,mixed_lifetime,256,64,1,basic,yes,7,8192,92.5659
2,mimalloc,owned_block,256,64,1,basic,yes,7,8192,48.9258
2,jemalloc,owned_block,256,64,1,basic,yes,7,8192,692.834
2,standard,raw,256,256,1,disabled,no,7,8192,53.3447
2,mimalloc,raw,256,256,1,disabled,no,7,8192,12.9883
2,jemalloc,raw,256,256,1,disabled,no,7,8192,40.8081
2,standard,zeroed,256,256,1,disabled,no,7,8192,60.8765
2,mimalloc,zeroed,256,256,1,disabled,no,7,8192,18.6646
2,jemalloc,zeroed,256,256,1,disabled,no,7,8192,45.5322
2,standard,reallocate,256,256,1,disabled,no,7,8192,110.278
2,mimalloc,reallocate,256,256,1,disabled,no,7,8192,36.7554
2,jemalloc,reallocate,256,256,1,disabled,no,7,8192,123.035
2,standard,reallocate_zeroed,256,256,1,disabled,no,7,8192,118.628
2,mimalloc,reallocate_zeroed,256,256,1,disabled,no,7,8192,44.4458
2,jemalloc,reallocate_zeroed,256,256,1,disabled,no,7,8192,132.874
2,standard,batch,256,256,1,disabled,no,7,8192,63.7207
2,mimalloc,batch,256,256,1,disabled,no,7,8192,12.7197
2,jemalloc,batch,256,256,1,disabled,no,7,8192,72.5708
2,standard,mixed_lifetime,256,256,1,disabled,no,7,8192,41.5405
2,mimalloc,mixed_lifetime,256,256,1,disabled,no,7,8192,13.9648
2,jemalloc,mixed_lifetime,256,256,1,disabled,no,7,8192,27.832
2,standard,owned_block,256,256,1,disabled,no,7,8192,114.258
2,mimalloc,owned_block,256,256,1,disabled,no,7,8192,40.625
2,jemalloc,owned_block,256,256,1,disabled,no,7,8192,125.146
2,mimalloc,raw,256,256,1,disabled,yes,7,8192,13.8306
2,jemalloc,raw,256,256,1,disabled,yes,7,8192,313.306
2,mimalloc,zeroed,256,256,1,disabled,yes,7,8192,19.6533
2,jemalloc,zeroed,256,256,1,disabled,yes,7,8192,321.277
2,mimalloc,reallocate,256,256,1,disabled,yes,7,8192,41.3696
2,jemalloc,reallocate,256,256,1,disabled,yes,7,8192,666.65
2,mimalloc,reallocate_zeroed,256,256,1,disabled,yes,7,8192,47.9492
2,jemalloc,reallocate_zeroed,256,256,1,disabled,yes,7,8192,680.847
2,mimalloc,batch,256,256,1,disabled,yes,7,8192,11.7432
2,jemalloc,batch,256,256,1,disabled,yes,7,8192,145.398
2,mimalloc,mixed_lifetime,256,256,1,disabled,yes,7,8192,14.8071
2,jemalloc,mixed_lifetime,256,256,1,disabled,yes,7,8192,89.1479
2,mimalloc,owned_block,256,256,1,disabled,yes,7,8192,44.7021
2,jemalloc,owned_block,256,256,1,disabled,yes,7,8192,676.526
2,mimalloc,raw,256,256,1,basic,yes,7,8192,18.75
2,jemalloc,raw,256,256,1,basic,yes,7,8192,323.474
2,mimalloc,zeroed,256,256,1,basic,yes,7,8192,23.0713
2,jemalloc,zeroed,256,256,1,basic,yes,7,8192,328.43
2,mimalloc,reallocate,256,256,1,basic,yes,7,8192,46.4111
2,jemalloc,reallocate,256,256,1,basic,yes,7,8192,689.05
2,mimalloc,reallocate_zeroed,256,256,1,basic,yes,7,8192,51.2573
2,jemalloc,reallocate_zeroed,256,256,1,basic,yes,7,8192,699.683
2,mimalloc,batch,256,256,1,basic,yes,7,8192,14.9902
2,jemalloc,batch,256,256,1,basic,yes,7,8192,148.303
2,mimalloc,mixed_lifetime,256,256,1,basic,yes,7,8192,16.9312
2,jemalloc,mixed_lifetime,256,256,1,basic,yes,7,8192,92.8711
2,mimalloc,owned_block,256,256,1,basic,yes,7,8192,48.9624
2,jemalloc,owned_block,256,256,1,basic,yes,7,8192,693.03
2,standard,raw,4096,16,1,disabled,no,7,8192,54.3335
2,mimalloc,raw,4096,16,1,disabled,no,7,8192,34.8999
2,jemalloc,raw,4096,16,1,disabled,no,7,8192,44.5557
2,standard,zeroed,4096,16,1,disabled,no,7,8192,94.2383
2,mimalloc,zeroed,4096,16,1,disabled,no,7,8192,64.9414
2,jemalloc,zeroed,4096,16,1,disabled,no,7,8192,83.3374
2,standard,reallocate,4096,16,1,disabled,no,7,8192,167.773
2,mimalloc,reallocate,4096,16,1,disabled,no,7,8192,110.779
2,jemalloc,reallocate,4096,16,1,disabled,no,7,8192,176.721
2,standard,reallocate_zeroed,4096,16,1,disabled,no,7,8192,223.218
2,mimalloc,reallocate_zeroed,4096,16,1,disabled,no,7,8192,148.987
2,jemalloc,reallocate_zeroed,4096,16,1,disabled,no,7,8192,218.311
2,standard,batch,4096,16,1,disabled,no,7,8192,305.457
2,mimalloc,batch,4096,16,1,disabled,no,7,8192,59.2407
2,jemalloc,batch,4096,16,1,disabled,no,7,8192,382.349
2,standard,mixed_lifetime,4096,16,1,disabled,no,7,8192,109.924
2,mimalloc,mixed_lifetime,4096,16,1,disabled,no,7,8192,32.2388
2,jemalloc,mixed_lifetime,4096,16,1,disabled,no,7,8192,120.447
2,standard,owned_block,4096,16,1,disabled,no,7,8192,177.417
2,mimalloc,owned_block,4096,16,1,disabled,no,7,8192,143.103
2,jemalloc,owned_block,4096,16,1,disabled,no,7,8192,179.26
2,standard,typed_raw,4096,1,1,disabled,no,7,8192,50.3906
2,mimalloc,typed_raw,4096,1,1,disabled,no,7,8192,27.5879
2,jemalloc,typed_raw,4096,1,1,disabled,no,7,8192,42.8833
2,standard,array,4096,1,1,disabled,no,7,8192,93.396
2,mimalloc,array,4096,1,1,disabled,no,7,8192,62.4512
2,jemalloc,array,4096,1,1,disabled,no,7,8192,81.4209
2,mimalloc,raw,4096,16,1,disabled,yes,7,8192,36.4746
2,jemalloc,raw,4096,16,1,disabled,yes,7,8192,322.717
2,mimalloc,zeroed,4096,16,1,disabled,yes,7,8192,62.7563
2,jemalloc,zeroed,4096,16,1,disabled,yes,7,8192,363.098
2,mimalloc,reallocate,4096,16,1,disabled,yes,7,8192,108.276
2,jemalloc,reallocate,4096,16,1,disabled,yes,7,8192,756.042
2,mimalloc,reallocate_zeroed,4096,16,1,disabled,yes,7,8192,147.449
2,jemalloc,reallocate_zeroed,4096,16,1,disabled,yes,7,8192,800.513
2,mimalloc,batch,4096,16,1,disabled,yes,7,8192,60.1807
2,jemalloc,batch,4096,16,1,disabled,yes,7,8192,565.356
2,mimalloc,mixed_lifetime,4096,16,1,disabled,yes,7,8192,32.5684
2,jemalloc,mixed_lifetime,4096,16,1,disabled,yes,7,8192,305.554
2,mimalloc,owned_block,4096,16,1,disabled,yes,7,8192,112.634
2,jemalloc,owned_block,4096,16,1,disabled,yes,7,8192,764.673
2,mimalloc,typed_raw,4096,1,1,disabled,yes,7,8192,26.3062
2,jemalloc,typed_raw,4096,1,1,disabled,yes,7,8192,319.006
2,mimalloc,array,4096,1,1,disabled,yes,7,8192,57.5073
2,jemalloc,array,4096,1,1,disabled,yes,7,8192,355.737
2,mimalloc,raw,4096,16,1,basic,yes,7,8192,41.7236
2,jemalloc,raw,4096,16,1,basic,yes,7,8192,332.935
2,mimalloc,zeroed,4096,16,1,basic,yes,7,8192,68.335
2,jemalloc,zeroed,4096,16,1,basic,yes,7,8192,371.558
2,mimalloc,reallocate,4096,16,1,basic,yes,7,8192,114.111
2,jemalloc,reallocate,4096,16,1,basic,yes,7,8192,764.209
2,mimalloc,reallocate_zeroed,4096,16,1,basic,yes,7,8192,154.932
2,jemalloc,reallocate_zeroed,4096,16,1,basic,yes,7,8192,807.251
2,mimalloc,batch,4096,16,1,basic,yes,7,8192,71.228
2,jemalloc,batch,4096,16,1,basic,yes,7,8192,569.116
2,mimalloc,mixed_lifetime,4096,16,1,basic,yes,7,8192,35.9375
2,jemalloc,mixed_lifetime,4096,16,1,basic,yes,7,8192,309.558
2,mimalloc,owned_block,4096,16,1,basic,yes,7,8192,120.093
2,jemalloc,owned_block,4096,16,1,basic,yes,7,8192,776.538
2,mimalloc,typed_raw,4096,1,1,basic,yes,7,8192,30.9204
2,jemalloc,typed_raw,4096,1,1,basic,yes,7,8192,325.525
2,mimalloc,array,4096,1,1,basic,yes,7,8192,63.0737
2,jemalloc,array,4096,1,1,basic,yes,7,8192,362.964
2,standard,raw,4096,64,1,disabled,no,7,8192,53.2593
2,mimalloc,raw,4096,64,1,disabled,no,7,8192,34.7046
2,jemalloc,raw,4096,64,1,disabled,no,7,8192,44.2505
2,standard,zeroed,4096,64,1,disabled,no,7,8192,87.146
2,mimalloc,zeroed,4096,64,1,disabled,no,7,8192,66.5649
2,jemalloc,zeroed,4096,64,1,disabled,no,7,8192,84.3384
2,standard,reallocate,4096,64,1,disabled,no,7,8192,164.429
2,mimalloc,reallocate,4096,64,1,disabled,no,7,8192,116.235
2,jemalloc,reallocate,4096,64,1,disabled,no,7,8192,173.34
2,standard,reallocate_zeroed,4096,64,1,disabled,no,7,8192,211.707
2,mimalloc,reallocate_zeroed,4096,64,1,disabled,no,7,8192,155.432
2,jemalloc,reallocate_zeroed,4096,64,1,disabled,no,7,8192,215.21
2,standard,batch,4096,64,1,disabled,no,7,8192,59.7534
2,mimalloc,batch,4096,64,1,disabled,no,7,8192,59.79
2,jemalloc,batch,4096,64,1,disabled,no,7,8192,384.216
2,standard,mixed_lifetime,4096,64,1,disabled,no,7,8192,99.8779
2,mimalloc,mixed_lifetime,4096,64,1,disabled,no,7,8192,32.6538
2,jemalloc,mixed_lifetime,4096,64,1,disabled,no,7,8192,120.996
2,standard,owned_block,4096,64,1,disabled,no,7,8192,165.686
2,mimalloc,owned_block,4096,64,1,disabled,no,7,8192,142.383
2,jemalloc,owned_block,4096,64,1,disabled,no,7,8192,180.127
2,mimalloc,raw,4096,64,1,disabled,yes,7,8192,35.5591
2,jemalloc,raw,4096,64,1,disabled,yes,7,8192,321.619
2,mimalloc,zeroed,4096,64,1,disabled,yes,7,8192,62.8296
2,jemalloc,zeroed,4096,64,1,disabled,yes,7,8192,361.804
2,mimalloc,reallocate,4096,64,1,disabled,yes,7,8192,108.618
2,jemalloc,reallocate,4096,64,1,disabled,yes,7,8192,753.589
2,mimalloc,reallocate_zeroed,4096,64,1,disabled,yes,7,8192,148.926
2,jemalloc,reallocate_zeroed,4096,64,1,disabled,yes,7,8192,795.825
2,mimalloc,batch,4096,64,1,disabled,yes,7,8192,61.5356
2,jemalloc,batch,4096,64,1,disabled,yes,7,8192,564.209
2,mimalloc,mixed_lifetime,4096,64,1,disabled,yes,7,8192,33.5449
2,jemalloc,mixed_lifetime,4096,64,1,disabled,yes,7,8192,303.772
2,mimalloc,owned_block,4096,64,1,disabled,yes,7,8192,111.633
2,jemalloc,owned_block,4096,64,1,disabled,yes,7,8192,760.083
2,mimalloc,raw,4096,64,1,basic,yes,7,8192,38.3179
2,jemalloc,raw,4096,64,1,basic,yes,7,8192,331.14
2,mimalloc,zeroed,4096,64,1,basic,yes,7,8192,68.3228
2,jemalloc,zeroed,4096,64,1,basic,yes,7,8192,369.897
2,mimalloc,reallocate,4096,64,1,basic,yes,7,8192,113.257
2,jemalloc,reallocate,4096,64,1,basic,yes,7,8192,768.652
2,mimalloc,reallocate_zeroed,4096,64,1,basic,yes,7,8192,153.406
2,jemalloc,reallocate_zeroed,4096,64,1,basic,yes,7,8192,810.815
2,mimalloc,batch,4096,64,1,basic,yes,7,8192,69.3481
2,jemalloc,batch,4096,64,1,basic,yes,7,8192,573.291
2,mimalloc,mixed_lifetime,4096,64,1,basic,yes,7,8192,35.437
2,jemalloc,mixed_lifetime,4096,64,1,basic,yes,7,8192,308.02
2,mimalloc,owned_block,4096,64,1,basic,yes,7,8192,116.785
2,jemalloc,owned_block,4096,64,1,basic,yes,7,8192,779.932
2,standard,raw,4096,256,1,disabled,no,7,8192,54.0527
2,mimalloc,raw,4096,256,1,disabled,no,7,8192,35.6079
2,jemalloc,raw,4096,256,1,disabled,no,7,8192,44.458
2,standard,zeroed,4096,256,1,disabled,no,7,8192,87.7808
2,mimalloc,zeroed,4096,256,1,disabled,no,7,8192,66.5771
2,jemalloc,zeroed,4096,256,1,disabled,no,7,8192,84.5947
2,standard,reallocate,4096,256,1,disabled,no,7,8192,162.634
2,mimalloc,reallocate,4096,256,1,disabled,no,7,8192,116.162
2,jemalloc,reallocate,4096,256,1,disabled,no,7,8192,173.999
2,standard,reallocate_zeroed,4096,256,1,disabled,no,7,8192,208.777
2,mimalloc,reallocate_zeroed,4096,256,1,disabled,no,7,8192,156.104
2,jemalloc,reallocate_zeroed,4096,256,1,disabled,no,7,8192,215.149
2,standard,batch,4096,256,1,disabled,no,7,8192,59.6924
2,mimalloc,batch,4096,256,1,disabled,no,7,8192,59.5947
2,jemalloc,batch,4096,256,1,disabled,no,7,8192,384.277
2,standard,mixed_lifetime,4096,256,1,disabled,no,7,8192,89.0381
2,mimalloc,mixed_lifetime,4096,256,1,disabled,no,7,8192,33.1177
2,jemalloc,mixed_lifetime,4096,256,1,disabled,no,7,8192,119.214
2,standard,owned_block,4096,256,1,disabled,no,7,8192,169.373
2,mimalloc,owned_block,4096,256,1,disabled,no,7,8192,142.383
2,jemalloc,owned_block,4096,256,1,disabled,no,7,8192,179.639
2,mimalloc,raw,4096,256,1,disabled,yes,7,8192,34.6313
2,jemalloc,raw,4096,256,1,disabled,yes,7,8192,322.534
2,mimalloc,zeroed,4096,256,1,disabled,yes,7,8192,62.793
2,jemalloc,zeroed,4096,256,1,disabled,yes,7,8192,363.855
2,mimalloc,reallocate,4096,256,1,disabled,yes,7,8192,107.666
2,jemalloc,reallocate,4096,256,1,disabled,yes,7,8192,756.958
2,mimalloc,reallocate_zeroed,4096,256,1,disabled,yes,7,8192,147.534
2,jemalloc,reallocate_zeroed,4096,256,1,disabled,yes,7,8192,799.365
2,mimalloc,batch,4096,256,1,disabled,yes,7,8192,61.0962
2,jemalloc,batch,4096,256,1,disabled,yes,7,8192,562.219
2,mimalloc,mixed_lifetime,4096,256,1,disabled,yes,7,8192,32.5928
2,jemalloc,mixed_lifetime,4096,256,1,disabled,yes,7,8192,301.318
2,mimalloc,owned_block,4096,256,1,disabled,yes,7,8192,112.402
2,jemalloc,owned_block,4096,256,1,disabled,yes,7,8192,761.841
2,mimalloc,raw,4096,256,1,basic,yes,7,8192,39.5752
2,jemalloc,raw,4096,256,1,basic,yes,7,8192,331.506
2,mimalloc,zeroed,4096,256,1,basic,yes,7,8192,68.2007
2,jemalloc,zeroed,4096,256,1,basic,yes,7,8192,372.192
2,mimalloc,reallocate,4096,256,1,basic,yes,7,8192,113.513
2,jemalloc,reallocate,4096,256,1,basic,yes,7,8192,768.347
2,mimalloc,reallocate_zeroed,4096,256,1,basic,yes,7,8192,154.517
2,jemalloc,reallocate_zeroed,4096,256,1,basic,yes,7,8192,813.464
2,mimalloc,batch,4096,256,1,basic,yes,7,8192,69.1772
2,jemalloc,batch,4096,256,1,basic,yes,7,8192,572.998
2,mimalloc,mixed_lifetime,4096,256,1,basic,yes,7,8192,34.79
2,jemalloc,mixed_lifetime,4096,256,1,basic,yes,7,8192,307.764
2,mimalloc,owned_block,4096,256,1,basic,yes,7,8192,117.102
2,jemalloc,owned_block,4096,256,1,basic,yes,7,8192,776.221
2,standard,raw,65536,16,1,disabled,no,7,8192,171.667
2,mimalloc,raw,65536,16,1,disabled,no,7,8192,38.3911
2,jemalloc,raw,65536,16,1,disabled,no,7,8192,350.684
2,standard,zeroed,65536,16,1,disabled,no,7,8192,866.821
2,mimalloc,zeroed,65536,16,1,disabled,no,7,8192,874.304
2,jemalloc,zeroed,65536,16,1,disabled,no,7,8192,1060.83
2,standard,reallocate,65536,16,1,disabled,no,7,8192,2461.99
2,mimalloc,reallocate,65536,16,1,disabled,no,7,8192,1723.77
2,jemalloc,reallocate,65536,16,1,disabled,no,7,8192,2921.59
2,standard,reallocate_zeroed,65536,16,1,disabled,no,7,8192,3497.28
2,mimalloc,reallocate_zeroed,65536,16,1,disabled,no,7,8192,2448.28
2,jemalloc,reallocate_zeroed,65536,16,1,disabled,no,7,8192,3644.24
2,standard,batch,65536,16,1,disabled,no,7,8192,3014.93
2,mimalloc,batch,65536,16,1,disabled,no,7,8192,111.597
2,jemalloc,batch,65536,16,1,disabled,no,7,8192,593.811
2,standard,mixed_lifetime,65536,16,1,disabled,no,7,8192,490.381
2,mimalloc,mixed_lifetime,65536,16,1,disabled,no,7,8192,48.9014
2,jemalloc,mixed_lifetime,65536,16,1,disabled,no,7,8192,302.734
2,standard,owned_block,65536,16,1,disabled,no,7,8192,1741.55
2,mimalloc,owned_block,65536,16,1,disabled,no,7,8192,2523.45
2,jemalloc,owned_block,65536,16,1,disabled,no,7,8192,3390.7
2,standard,typed_raw,65536,1,1,disabled,no,7,8192,162.427
2,mimalloc,typed_raw,65536,1,1,disabled,no,7,8192,26.6113
2,jemalloc,typed_raw,65536,1,1,disabled,no,7,8192,610.693
2,standard,array,65536,1,1,disabled,no,7,8192,875.903
2,mimalloc,array,65536,1,1,disabled,no,7,8192,700.305
2,jemalloc,array,65536,1,1,disabled,no,7,8192,1324.78
2,mimalloc,raw,65536,16,1,disabled,yes,7,8192,36.1694
2,jemalloc,raw,65536,16,1,disabled,yes,7,8192,393.066
2,mimalloc,zeroed,65536,16,1,disabled,yes,7,8192,888.672
2,jemalloc,zeroed,65536,16,1,disabled,yes,7,8192,1096.46
2,mimalloc,reallocate,65536,16,1,disabled,yes,7,8192,1721.04
2,jemalloc,reallocate,65536,16,1,disabled,yes,7,8192,2977.32
2,mimalloc,reallocate_zeroed,65536,16,1,disabled,yes,7,8192,2475.84
2,jemalloc,reallocate_zeroed,65536,16,1,disabled,yes,7,8192,3792.15
2,mimalloc,batch,65536,16,1,disabled,yes,7,8192,111.389
2,jemalloc,batch,65536,16,1,disabled,yes,7,8192,643.677
2,mimalloc,mixed_lifetime,65536,16,1,disabled,yes,7,8192,43.6279
2,jemalloc,mixed_lifetime,65536,16,1,disabled,yes,7,8192,330.322
2,mimalloc,owned_block,65536,16,1,disabled,yes,7,8192,1728.43
2,jemalloc,owned_block,65536,16,1,disabled,yes,7,8192,2999.45
2,mimalloc,typed_raw,65536,1,1,disabled,yes,7,8192,26.3062
2,jemalloc,typed_raw,65536,1,1,disabled,yes,7,8192,400.854
2,mimalloc,array,65536,1,1,disabled,yes,7,8192,703.32
2,jemalloc,array,65536,1,1,disabled,yes,7,8192,1092.36
2,mimalloc,raw,65536,16,1,basic,yes,7,8192,43.2739
2,jemalloc,raw,65536,16,1,basic,yes,7,8192,399.609
2,mimalloc,zeroed,65536,16,1,basic,yes,7,8192,883.093
2,jemalloc,zeroed,65536,16,1,basic,yes,7,8192,1113.66
2,mimalloc,reallocate,65536,16,1,basic,yes,7,8192,1739.94
2,jemalloc,reallocate,65536,16,1,basic,yes,7,8192,3128.72
2,mimalloc,reallocate_zeroed,65536,16,1,basic,yes,7,8192,2457.39
2,jemalloc,reallocate_zeroed,65536,16,1,basic,yes,7,8192,4067.25
2,mimalloc,batch,65536,16,1,basic,yes,7,8192,117.029
2,jemalloc,batch,65536,16,1,basic,yes,7,8192,655.31
2,mimalloc,mixed_lifetime,65536,16,1,basic,yes,7,8192,45.5444
2,jemalloc,mixed_lifetime,65536,16,1,basic,yes,7,8192,337.256
2,mimalloc,owned_block,65536,16,1,basic,yes,7,8192,1740.49
2,jemalloc,owned_block,65536,16,1,basic,yes,7,8192,3122.86
2,mimalloc,typed_raw,65536,1,1,basic,yes,7,8192,28.7842
2,jemalloc,typed_raw,65536,1,1,basic,yes,7,8192,406.775
2,mimalloc,array,65536,1,1,basic,yes,7,8192,725.647
2,jemalloc,array,65536,1,1,basic,yes,7,8192,1112.62
2,standard,raw,65536,64,1,disabled,no,7,8192,164.026
2,mimalloc,raw,65536,64,1,disabled,no,7,8192,37.6709
2,jemalloc,raw,65536,64,1,disabled,no,7,8192,598.804
2,standard,zeroed,65536,64,1,disabled,no,7,8192,876.05
2,mimalloc,zeroed,65536,64,1,disabled,no,7,8192,878.394
2,jemalloc,zeroed,65536,64,1,disabled,no,7,8192,1305.04
2,standard,reallocate,65536,64,1,disabled,no,7,8192,1725.57
2,mimalloc,reallocate,65536,64,1,disabled,no,7,8192,1724.16
2,jemalloc,reallocate,65536,64,1,disabled,no,7,8192,3284.18
2,standard,reallocate_zeroed,65536,64,1,disabled,no,7,8192,2538.99
2,mimalloc,reallocate_zeroed,65536,64,1,disabled,no,7,8192,2439.77
2,jemalloc,reallocate_zeroed,65536,64,1,disabled,no,7,8192,4186.46
2,standard,batch,65536,64,1,disabled,no,7,8192,289.685
2,mimalloc,batch,65536,64,1,disabled,no,7,8192,110.449
2,jemalloc,batch,65536,64,1,disabled,no,7,8192,588.77
2,standard,mixed_lifetime,65536,64,1,disabled,no,7,8192,449.426
2,mimalloc,mixed_lifetime,65536,64,1,disabled,no,7,8192,45.6421
2,jemalloc,mixed_lifetime,65536,64,1,disabled,no,7,8192,302.356
2,standard,owned_block,65536,64,1,disabled,no,7,8192,1716.91
2,mimalloc,owned_block,65536,64,1,disabled,no,7,8192,2608.72
2,jemalloc,owned_block,65536,64,1,disabled,no,7,8192,3402.47
2,mimalloc,raw,65536,64,1,disabled,yes,7,8192,37.439
2,jemalloc,raw,65536,64,1,disabled,yes,7,8192,406.335
2,mimalloc,zeroed,65536,64,1,disabled,yes,7,8192,881.018
2,jemalloc,zeroed,65536,64,1,disabled,yes,7,8192,1102.12
2,mimalloc,reallocate,65536,64,1,disabled,yes,7,8192,1729.31
2,jemalloc,reallocate,65536,64,1,disabled,yes,7,8192,3316.7
2,mimalloc,reallocate_zeroed,65536,64,1,disabled,yes,7,8192,2457.73
2,jemalloc,reallocate_zeroed,65536,64,1,disabled,yes,7,8192,4122.69
2,mimalloc,batch,65536,64,1,disabled,yes,7,8192,112.476
2,jemalloc,batch,65536,64,1,disabled,yes,7,8192,646.033
2,mimalloc,mixed_lifetime,65536,64,1,disabled,yes,7,8192,43.811
2,jemalloc,mixed_lifetime,65536,64,1,disabled,yes,7,8192,328.882
2,mimalloc,owned_block,65536,64,1,disabled,yes,7,8192,1732.89
2,jemalloc,owned_block,65536,64,1,disabled,yes,7,8192,2965.47
2,mimalloc,raw,65536,64,1,basic,yes,7,8192,43.75
2,jemalloc,raw,65536,64,1,basic,yes,7,8192,402.673
2,mimalloc,zeroed,65536,64,1,basic,yes,7,8192,883.423
2,jemalloc,zeroed,65536,64,1,basic,yes,7,8192,1120.14
2,mimalloc,reallocate,65536,64,1,basic,yes,7,8192,1741.89
2,jemalloc,reallocate,65536,64,1,basic,yes,7,8192,2987.83
2,mimalloc,reallocate_zeroed,65536,64,1,basic,yes,7,8192,2474.98
2,jemalloc,reallocate_zeroed,65536,64,1,basic,yes,7,8192,3874.29
2,mimalloc,batch,65536,64,1,basic,yes,7,8192,115.601
2,jemalloc,batch,65536,64,1,basic,yes,7,8192,651.27
2,mimalloc,mixed_lifetime,65536,64,1,basic,yes,7,8192,45.0684
2,jemalloc,mixed_lifetime,65536,64,1,basic,yes,7,8192,336.658
2,mimalloc,owned_block,65536,64,1,basic,yes,7,8192,1745.21
2,jemalloc,owned_block,65536,64,1,basic,yes,7,8192,3003.48
2,standard,raw,65536,256,1,disabled,no,7,8192,163.745
2,mimalloc,raw,65536,256,1,disabled,no,7,8192,40.5029
2,jemalloc,raw,65536,256,1,disabled,no,7,8192,534.509
2,standard,zeroed,65536,256,1,disabled,no,7,8192,880.273
2,mimalloc,zeroed,65536,256,1,disabled,no,7,8192,995.52
2,jemalloc,zeroed,65536,256,1,disabled,no,7,8192,1242.38
2,standard,reallocate,65536,256,1,disabled,no,7,8192,1698.46
2,mimalloc,reallocate,65536,256,1,disabled,no,7,8192,1816.58
2,jemalloc,reallocate,65536,256,1,disabled,no,7,8192,3176.15
2,standard,reallocate_zeroed,65536,256,1,disabled,no,7,8192,2422.9
2,mimalloc,reallocate_zeroed,65536,256,1,disabled,no,7,8192,2572.16
2,jemalloc,reallocate_zeroed,65536,256,1,disabled,no,7,8192,3907.32
2,standard,batch,65536,256,1,disabled,no,7,8192,259.717
2,mimalloc,batch,65536,256,1,disabled,no,7,8192,110.168
2,jemalloc,batch,65536,256,1,disabled,no,7,8192,584.729
2,standard,mixed_lifetime,65536,256,1,disabled,no,7,8192,394.568
2,mimalloc,mixed_lifetime,65536,256,1,disabled,no,7,8192,44.0918
2,jemalloc,mixed_lifetime,65536,256,1,disabled,no,7,8192,301.001
2,standard,owned_block,65536,256,1,disabled,no,7,8192,1695.08
2,mimalloc,owned_block,65536,256,1,disabled,no,7,8192,2441.65
2,jemalloc,owned_block,65536,256,1,disabled,no,7,8192,3385.94
2,mimalloc,raw,65536,256,1,disabled,yes,7,8192,37.4146
2,jemalloc,raw,65536,256,1,disabled,yes,7,8192,381.726
2,mimalloc,zeroed,65536,256,1,disabled,yes,7,8192,883.24
2,jemalloc,zeroed,65536,256,1,disabled,yes,7,8192,1091.75
2,mimalloc,reallocate,65536,256,1,disabled,yes,7,8192,1727.25
2,jemalloc,reallocate,65536,256,1,disabled,yes,7,8192,2974.68
2,mimalloc,reallocate_zeroed,65536,256,1,disabled,yes,7,8192,2462.32
2,jemalloc,reallocate_zeroed,65536,256,1,disabled,yes,7,8192,3788.35
2,mimalloc,batch,65536,256,1,disabled,yes,7,8192,112.183
2,jemalloc,batch,65536,256,1,disabled,yes,7,8192,628.882
2,mimalloc,mixed_lifetime,65536,256,1,disabled,yes,7,8192,44.2261
2,jemalloc,mixed_lifetime,65536,256,1,disabled,yes,7,8192,318.298
2,mimalloc,owned_block,65536,256,1,disabled,yes,7,8192,1732.32
2,jemalloc,owned_block,65536,256,1,disabled,yes,7,8192,3052.93
2,mimalloc,raw,65536,256,1,basic,yes,7,8192,43.2129
2,jemalloc,raw,65536,256,1,basic,yes,7,8192,393.433
2,mimalloc,zeroed,65536,256,1,basic,yes,7,8192,887.769
2,jemalloc,zeroed,65536,256,1,basic,yes,7,8192,1113.49
2,mimalloc,reallocate,65536,256,1,basic,yes,7,8192,1740.72
2,jemalloc,reallocate,65536,256,1,basic,yes,7,8192,3054.06
2,mimalloc,reallocate_zeroed,65536,256,1,basic,yes,7,8192,2474.74
2,jemalloc,reallocate_zeroed,65536,256,1,basic,yes,7,8192,3885.49
2,mimalloc,batch,65536,256,1,basic,yes,7,8192,115.869
2,jemalloc,batch,65536,256,1,basic,yes,7,8192,639.209
2,mimalloc,mixed_lifetime,65536,256,1,basic,yes,7,8192,45.3979
2,jemalloc,mixed_lifetime,65536,256,1,basic,yes,7,8192,334.167
2,mimalloc,owned_block,65536,256,1,basic,yes,7,8192,1746.33
2,jemalloc,owned_block,65536,256,1,basic,yes,7,8192,3044.14
2,standard,cross_thread,64,16,2,disabled,no,7,8192,84.1309
2,mimalloc,cross_thread,64,16,2,disabled,no,7,8192,32.2266
2,jemalloc,cross_thread,64,16,2,disabled,no,7,8192,95.2393
2,mimalloc,cross_thread,64,16,2,disabled,yes,7,8192,34.3994
2,jemalloc,cross_thread,64,16,2,disabled,yes,7,8192,138.635
2,standard,cross_thread,64,16,4,disabled,no,7,8192,91.9922
2,mimalloc,cross_thread,64,16,4,disabled,no,7,8192,39.2456
2,jemalloc,cross_thread,64,16,4,disabled,no,7,8192,102.209
2,mimalloc,cross_thread,64,16,4,disabled,yes,7,8192,39.502
2,jemalloc,cross_thread,64,16,4,disabled,yes,7,8192,273.279
2,standard,cross_thread,64,16,8,disabled,no,7,8192,100.781
2,mimalloc,cross_thread,64,16,8,disabled,no,7,8192,52.2705
2,jemalloc,cross_thread,64,16,8,disabled,no,7,8192,117.273
2,mimalloc,cross_thread,64,16,8,disabled,yes,7,8192,51.709
2,jemalloc,cross_thread,64,16,8,disabled,yes,7,8192,260.046
2,mimalloc,detailed_statistics,0,0,1,disabled,no,7,512,791.797
2,jemalloc,detailed_statistics,0,0,1,disabled,no,7,512,45694.3
2,mimalloc,detailed_statistics,0,0,1,disabled,yes,7,512,2.92969
2,jemalloc,detailed_statistics,0,0,1,disabled,yes,7,512,55841.4
2,fixed_buffer,stack_mark_rewind,64,16,1,disabled,no,7,8192,4.00391
2,fixed_buffer,stack_mark_rewind,64,64,1,disabled,no,7,8192,4.00391
2,fixed_buffer,stack_mark_rewind,64,256,1,disabled,no,7,8192,4.01611
2,fixed_buffer,stack_mark_rewind,256,16,1,disabled,no,7,8192,4.00391
2,fixed_buffer,stack_mark_rewind,256,64,1,disabled,no,7,8192,4.01611
2,fixed_buffer,stack_mark_rewind,256,256,1,disabled,no,7,8192,4.01611
2,fixed_buffer,stack_mark_rewind,4096,16,1,disabled,no,7,8192,4.01611
2,fixed_buffer,stack_mark_rewind,4096,64,1,disabled,no,7,8192,4.00391
2,fixed_buffer,stack_mark_rewind,4096,256,1,disabled,no,7,8192,4.01611
2,fixed_buffer,stack_mark_rewind,65536,16,1,disabled,no,7,8192,4.00391
2,fixed_buffer,stack_mark_rewind,65536,64,1,disabled,no,7,8192,4.01611
2,fixed_buffer,stack_mark_rewind,65536,256,1,disabled,no,7,8192,4.01611
3,standard,raw,64,16,1,disabled,no,7,8192,51.2939
3,mimalloc,raw,64,16,1,disabled,no,7,8192,12.8052
3,jemalloc,raw,64,16,1,disabled,no,7,8192,44.4824
3,standard,zeroed,64,16,1,disabled,no,7,8192,57.8003
3,mimalloc,zeroed,64,16,1,disabled,no,7,8192,39.0015
3,jemalloc,zeroed,64,16,1,disabled,no,7,8192,42.2485
3,standard,reallocate,64,16,1,disabled,no,7,8192,108.545
3,mimalloc,reallocate,64,16,1,disabled,no,7,8192,33.0566
3,jemalloc,reallocate,64,16,1,disabled,no,7,8192,117.981
3,standard,reallocate_zeroed,64,16,1,disabled,no,7,8192,116.968
3,mimalloc,reallocate_zeroed,64,16,1,disabled,no,7,8192,39.4409
3,jemalloc,reallocate_zeroed,64,16,1,disabled,no,7,8192,129.224
3,standard,batch,64,16,1,disabled,no,7,8192,55.4077
3,mimalloc,batch,64,16,1,disabled,no,7,8192,12.6465
3,jemalloc,batch,64,16,1,disabled,no,7,8192,47.937
3,standard,mixed_lifetime,64,16,1,disabled,no,7,8192,33.4961
3,mimalloc,mixed_lifetime,64,16,1,disabled,no,7,8192,12.5488
3,jemalloc,mixed_lifetime,64,16,1,disabled,no,7,8192,25.7568
3,standard,owned_block,64,16,1,disabled,no,7,8192,110.388
3,mimalloc,owned_block,64,16,1,disabled,no,7,8192,36.0962
3,jemalloc,owned_block,64,16,1,disabled,no,7,8192,124.744
3,standard,typed_raw,64,1,1,disabled,no,7,8192,48.0835
3,mimalloc,typed_raw,64,1,1,disabled,no,7,8192,11.792
3,jemalloc,typed_raw,64,1,1,disabled,no,7,8192,36.4258
3,standard,create_destroy,64,1,1,disabled,no,7,8192,48.999
3,mimalloc,create_destroy,64,1,1,disabled,no,7,8192,11.5112
3,jemalloc,create_destroy,64,1,1,disabled,no,7,8192,39.3188
3,standard,object,64,1,1,disabled,no,7,8192,48.7549
3,mimalloc,object,64,1,1,disabled,no,7,8192,12.7197
3,jemalloc,object,64,1,1,disabled,no,7,8192,40.0024
3,standard,shared_object,64,1,1,disabled,no,7,8192,55.5786
3,mimalloc,shared_object,64,1,1,disabled,no,7,8192,16.6626
3,jemalloc,shared_object,64,1,1,disabled,no,7,8192,46.0205
3,standard,array,64,1,1,disabled,no,7,8192,66.1377
3,mimalloc,array,64,1,1,disabled,no,7,8192,18.4692
3,jemalloc,array,64,1,1,disabled,no,7,8192,43.6523
3,standard,std_vector,256,8,1,disabled,no,7,8192,597.522
3,mimalloc,std_vector,256,8,1,disabled,no,7,8192,206.165
3,jemalloc,std_vector,256,8,1,disabled,no,7,8192,516.162
3,standard,pmr_vector,256,8,1,disabled,no,7,8192,603.101
3,mimalloc,pmr_vector,256,8,1,disabled,no,7,8192,206.201
3,jemalloc,pmr_vector,256,8,1,disabled,no,7,8192,528.455
3,mimalloc,raw,64,16,1,disabled,yes,7,8192,12.8174
3,jemalloc,raw,64,16,1,disabled,yes,7,8192,312.866
3,mimalloc,zeroed,64,16,1,disabled,yes,7,8192,39.5142
3,jemalloc,zeroed,64,16,1,disabled,yes,7,8192,317.236
3,mimalloc,reallocate,64,16,1,disabled,yes,7,8192,33.2153
3,jemalloc,reallocate,64,16,1,disabled,yes,7,8192,663.403
3,mimalloc,reallocate_zeroed,64,16,1,disabled,yes,7,8192,39.3433
3,jemalloc,reallocate_zeroed,64,16,1,disabled,yes,7,8192,677.808
3,mimalloc,batch,64,16,1,disabled,yes,7,8192,11.7065
3,jemalloc,batch,64,16,1,disabled,yes,7,8192,133.337
3,mimalloc,mixed_lifetime,64,16,1,disabled,yes,7,8192,12.9883
3,jemalloc,mixed_lifetime,64,16,1,disabled,yes,7,8192,77.2949
3,mimalloc,owned_block,64,16,1,disabled,yes,7,8192,37.9028
3,jemalloc,owned_block,64,16,1,disabled,yes,7,8192,680.432
3,mimalloc,typed_raw,64,1,1,disabled,yes,7,8192,10.2539
3,jemalloc,typed_raw,64,1,1,disabled,yes,7,8192,312.219
3,mimalloc,create_destroy,64,1,1,disabled,yes,7,8192,11.8042
3,jemalloc,create_destroy,64,1,1,disabled,yes,7,8192,314.49
3,mimalloc,object,64,1,1,disabled,yes,7,8192,12.1338
3,jemalloc,object,64,1,1,disabled,yes,7,8192,315.088
3,mimalloc,shared_object,64,1,1,disabled,yes,7,8192,15.7471
3,jemalloc,shared_object,64,1,1,disabled,yes,7,8192,348.828
3,mimalloc,array,64,1,1,disabled,yes,7,8192,16.748
3,jemalloc,array,64,1,1,disabled,yes,7,8192,320.618
3,mimalloc,std_vector,256,8,1,disabled,yes,7,8192,202.808
3,jemalloc,std_vector,256,8,1,disabled,yes,7,8192,3645.26
3,mimalloc,pmr_vector,256,8,1,disabled,yes,7,8192,192.822
3,jemalloc,pmr_vector,256,8,1,disabled,yes,7,8192,3541.52
3,mimalloc,raw,64,16,1,basic,yes,7,8192,17.4438
3,jemalloc,raw,64,16,1,basic,yes,7,8192,324.39
3,mimalloc,zeroed,64,16,1,basic,yes,7,8192,44.2017
3,jemalloc,zeroed,64,16,1,basic,yes,7,8192,329.773
3,mimalloc,reallocate,64,16,1,basic,yes,7,8192,39.6484
3,jemalloc,reallocate,64,16,1,basic,yes,7,8192,676.917
3,mimalloc,reallocate_zeroed,64,16,1,basic,yes,7,8192,44.8242
3,jemalloc,reallocate_zeroed,64,16,1,basic,yes,7,8192,691.797
3,mimalloc,batch,64,16,1,basic,yes,7,8192,15.21
3,jemalloc,batch,64,16,1,basic,yes,7,8192,137.659
3,mimalloc,mixed_lifetime,64,16,1,basic,yes,7,8192,15.2222
3,jemalloc,mixed_lifetime,64,16,1,basic,yes,7,8192,81.2012
3,mimalloc,owned_block,64,16,1,basic,yes,7,8192,43.8477
3,jemalloc,owned_block,64,16,1,basic,yes,7,8192,687.964
3,mimalloc,typed_raw,64,1,1,basic,yes,7,8192,13.9771
3,jemalloc,typed_raw,64,1,1,basic,yes,7,8192,317.529
3,mimalloc,create_destroy,64,1,1,basic,yes,7,8192,15.5029
3,jemalloc,create_destroy,64,1,1,basic,yes,7,8192,319.788
3,mimalloc,object,64,1,1,basic,yes,7,8192,15.8325
3,jemalloc,object,64,1,1,basic,yes,7,8192,319.812
3,mimalloc,shared_object,64,1,1,basic,yes,7,8192,22.29
3,jemalloc,shared_object,64,1,1,basic,yes,7,8192,355.42
3,mimalloc,array,64,1,1,basic,yes,7,8192,22.29
3,jemalloc,array,64,1,1,basic,yes,7,8192,323.523
3,mimalloc,std_vector,256,8,1,basic,yes,7,8192,250.208
3,jemalloc,std_vector,256,8,1,basic,yes,7,8192,3695.18
3,mimalloc,pmr_vector,256,8,1,basic,yes,7,8192,231.763
3,jemalloc,pmr_vector,256,8,1,basic,yes,7,8192,3594.24
3,standard,raw,64,64,1,disabled,no,7,8192,51.5991
3,mimalloc,raw,64,64,1,disabled,no,7,8192,12.5122
3,jemalloc,raw,64,64,1,disabled,no,7,8192,44.9829
3,standard,zeroed,64,64,1,disabled,no,7,8192,58.0811
3,mimalloc,zeroed,64,64,1,disabled,no,7,8192,39.0991
3,jemalloc,zeroed,64,64,1,disabled,no,7,8192,42.1753
3,standard,reallocate,64,64,1,disabled,no,7,8192,107.629
3,mimalloc,reallocate,64,64,1,disabled,no,7,8192,32.6538
3,jemalloc,reallocate,64,64,1,disabled,no,7,8192,118.762
3,standard,reallocate_zeroed,64,64,1,disabled,no,7,8192,116.467
3,mimalloc,reallocate_zeroed,64,64,1,disabled,no,7,8192,39.1357
3,jemalloc,reallocate_zeroed,64,64,1,disabled,no,7,8192,127.917
3,standard,batch,64,64,1,disabled,no,7,8192,54.9072
3,mimalloc,batch,64,64,1,disabled,no,7,8192,11.6943
3,jemalloc,batch,64,64,1,disabled,no,7,8192,48.7793
3,standard,mixed_lifetime,64,64,1,disabled,no,7,8192,34.1431
3,mimalloc,mixed_lifetime,64,64,1,disabled,no,7,8192,12.439
3,jemalloc,mixed_lifetime,64,64,1,disabled,no,7,8192,26.0132
3,standard,owned_block,64,64,1,disabled,no,7,8192,112.183
3,mimalloc,owned_block,64,64,1,disabled,no,7,8192,36.1572
3,jemalloc,owned_block,64,64,1,disabled,no,7,8192,124.5
3,mimalloc,raw,64,64,1,disabled,yes,7,8192,13.1348
3,jemalloc,raw,64,64,1,disabled,yes,7,8192,314.478
3,mimalloc,zeroed,64,64,1,disabled,yes,7,8192,39.5386
3,jemalloc,zeroed,64,64,1,disabled,yes,7,8192,316.675
3,mimalloc,reallocate,64,64,1,disabled,yes,7,8192,33.3252
3,jemalloc,reallocate,64,64,1,disabled,yes,7,8192,665.247
3,mimalloc,reallocate_zeroed,64,64,1,disabled,yes,7,8192,38.623
3,jemalloc,reallocate_zeroed,64,64,1,disabled,yes,7,8192,687.061
3,mimalloc,batch,64,64,1,disabled,yes,7,8192,11.7065
3,jemalloc,batch,64,64,1,disabled,yes,7,8192,133.301
3,mimalloc,mixed_lifetime,64,64,1,disabled,yes,7,8192,12.9761
3,jemalloc,mixed_lifetime,64,64,1,disabled,yes,7,8192,77.6733
3,mimalloc,owned_block,64,64,1,disabled,yes,7,8192,38.0615
3,jemalloc,owned_block,64,64,1,disabled,yes,7,8192,673.853
3,mimalloc,raw,64,64,1,basic,yes,7,8192,15.918
3,jemalloc,raw,64,64,1,basic,yes,7,8192,325.464
3,mimalloc,zeroed,64,64,1,basic,yes,7,8192,44.2993
3,jemalloc,zeroed,64,64,1,basic,yes,7,8192,329.431
3,mimalloc,reallocate,64,64,1,basic,yes,7,8192,39.6484
3,jemalloc,reallocate,64,64,1,basic,yes,7,8192,678.931
3,mimalloc,reallocate_zeroed,64,64,1,basic,yes,7,8192,44.751
3,jemalloc,reallocate_zeroed,64,64,1,basic,yes,7,8192,693.628
3,mimalloc,batch,64,64,1,basic,yes,7,8192,14.9292
3,jemalloc,batch,64,64,1,basic,yes,7,8192,137.048
3,mimalloc,mixed_lifetime,64,64,1,basic,yes,7,8192,15.4663
3,jemalloc,mixed_lifetime,64,64,1,basic,yes,7,8192,81.5674
3,mimalloc,owned_block,64,64,1,basic,yes,7,8192,44.0063
3,jemalloc,owned_block,64,64,1,basic,yes,7,8192,692.163
3,standard,raw,64,256,1,disabled,no,7,8192,51.8188
3,mimalloc,raw,64,256,1,disabled,no,7,8192,26.1963
3,jemalloc,raw,64,256,1,disabled,no,7,8192,45.6543
3,standard,zeroed,64,256,1,disabled,no,7,8192,59.0576
3,mimalloc,zeroed,64,256,1,disabled,no,7,8192,28.9062
3,jemalloc,zeroed,64,256,1,disabled,no,7,8192,45.0562
3,standard,reallocate,64,256,1,disabled,no,7,8192,108.826
3,mimalloc,reallocate,64,256,1,disabled,no,7,8192,45.0562
3,jemalloc,reallocate,64,256,1,disabled,no,7,8192,109.338
3,standard,reallocate_zeroed,64,256,1,disabled,no,7,8192,116.516
3,mimalloc,reallocate_zeroed,64,256,1,disabled,no,7,8192,52.356
3,jemalloc,reallocate_zeroed,64,256,1,disabled,no,7,8192,113.733
3,standard,batch,64,256,1,disabled,no,7,8192,66.2231
3,mimalloc,batch,64,256,1,disabled,no,7,8192,24.2554
3,jemalloc,batch,64,256,1,disabled,no,7,8192,68.4204
3,standard,mixed_lifetime,64,256,1,disabled,no,7,8192,35.8398
3,mimalloc,mixed_lifetime,64,256,1,disabled,no,7,8192,18.6035
3,jemalloc,mixed_lifetime,64,256,1,disabled,no,7,8192,27.002
3,standard,owned_block,64,256,1,disabled,no,7,8192,111.963
3,mimalloc,owned_block,64,256,1,disabled,no,7,8192,49.292
3,jemalloc,owned_block,64,256,1,disabled,no,7,8192,116.26
3,mimalloc,raw,64,256,1,disabled,yes,7,8192,26.2085
3,jemalloc,raw,64,256,1,disabled,yes,7,8192,312.952
3,mimalloc,zeroed,64,256,1,disabled,yes,7,8192,29.8584
3,jemalloc,zeroed,64,256,1,disabled,yes,7,8192,320.85
3,mimalloc,reallocate,64,256,1,disabled,yes,7,8192,44.7754
3,jemalloc,reallocate,64,256,1,disabled,yes,7,8192,401.001
3,mimalloc,reallocate_zeroed,64,256,1,disabled,yes,7,8192,51.5747
3,jemalloc,reallocate_zeroed,64,256,1,disabled,yes,7,8192,408.337
3,mimalloc,batch,64,256,1,disabled,yes,7,8192,22.7905
3,jemalloc,batch,64,256,1,disabled,yes,7,8192,144.995
3,mimalloc,mixed_lifetime,64,256,1,disabled,yes,7,8192,18.7134
3,jemalloc,mixed_lifetime,64,256,1,disabled,yes,7,8192,81.8237
3,mimalloc,owned_block,64,256,1,disabled,yes,7,8192,47.8882
3,jemalloc,owned_block,64,256,1,disabled,yes,7,8192,407.971
3,mimalloc,raw,64,256,1,basic,yes,7,8192,30.3101
3,jemalloc,raw,64,256,1,basic,yes,7,8192,324.353
3,mimalloc,zeroed,64,256,1,basic,yes,7,8192,33.252
3,jemalloc,zeroed,64,256,1,basic,yes,7,8192,330.884
3,mimalloc,reallocate,64,256,1,basic,yes,7,8192,50.2686
3,jemalloc,reallocate,64,256,1,basic,yes,7,8192,412.756
3,mimalloc,reallocate_zeroed,64,256,1,basic,yes,7,8192,57.605
3,jemalloc,reallocate_zeroed,64,256,1,basic,yes,7,8192,421.228
3,mimalloc,batch,64,256,1,basic,yes,7,8192,28.125
3,jemalloc,batch,64,256,1,basic,yes,7,8192,147.412
3,mimalloc,mixed_lifetime,64,256,1,basic,yes,7,8192,20.6299
3,jemalloc,mixed_lifetime,64,256,1,basic,yes,7,8192,85.9497
3,mimalloc,owned_block,64,256,1,basic,yes,7,8192,51.9287
3,jemalloc,owned_block,64,256,1,basic,yes,7,8192,417.285
3,standard,raw,256,16,1,disabled,no,7,8192,52.4902
3,mimalloc,raw,256,16,1,disabled,no,7,8192,12.9272
3,jemalloc,raw,256,16,1,disabled,no,7,8192,44.9219
3,standard,zeroed,256,16,1,disabled,no,7,8192,61.9263
3,mimalloc,zeroed,256,16,1,disabled,no,7,8192,18.7256
3,jemalloc,zeroed,256,16,1,disabled,no,7,8192,44.5679
3,standard,reallocate,256,16,1,disabled,no,7,8192,109.131
3,mimalloc,reallocate,256,16,1,disabled,no,7,8192,41.1377
3,jemalloc,reallocate,256,16,1,disabled,no,7,8192,121.936
3,standard,reallocate_zeroed,256,16,1,disabled,no,7,8192,118.054
3,mimalloc,reallocate_zeroed,256,16,1,disabled,no,7,8192,47.7539
3,jemalloc,reallocate_zeroed,256,16,1,disabled,no,7,8192,130.92
3,standard,batch,256,16,1,disabled,no,7,8192,60.3882
3,mimalloc,batch,256,16,1,disabled,no,7,8192,11.2793
3,jemalloc,batch,256,16,1,disabled,no,7,8192,68.0786
3,standard,mixed_lifetime,256,16,1,disabled,no,7,8192,38.6719
3,mimalloc,mixed_lifetime,256,16,1,disabled,no,7,8192,12.4146
3,jemalloc,mixed_lifetime,256,16,1,disabled,no,7,8192,27.7222
3,standard,owned_block,256,16,1,disabled,no,7,8192,112.146
3,mimalloc,owned_block,256,16,1,disabled,no,7,8192,37.0483
3,jemalloc,owned_block,256,16,1,disabled,no,7,8192,127.905
3,standard,typed_raw,256,1,1,disabled,no,7,8192,48.8892
3,mimalloc,typed_raw,256,1,1,disabled,no,7,8192,11.6333
3,jemalloc,typed_raw,256,1,1,disabled,no,7,8192,36.9019
3,standard,array,256,1,1,disabled,no,7,8192,68.2129
3,mimalloc,array,256,1,1,disabled,no,7,8192,19.6655
3,jemalloc,array,256,1,1,disabled,no,7,8192,43.335
3,mimalloc,raw,256,16,1,disabled,yes,7,8192,13.8306
3,jemalloc,raw,256,16,1,disabled,yes,7,8192,314.6
3,mimalloc,zeroed,256,16,1,disabled,yes,7,8192,20.7031
3,jemalloc,zeroed,256,16,1,disabled,yes,7,8192,319.763
3,mimalloc,reallocate,256,16,1,disabled,yes,7,8192,43.0786
3,jemalloc,reallocate,256,16,1,disabled,yes,7,8192,665.125
3,mimalloc,reallocate_zeroed,256,16,1,disabled,yes,7,8192,49.9756
3,jemalloc,reallocate_zeroed,256,16,1,disabled,yes,7,8192,680.017
3,mimalloc,batch,256,16,1,disabled,yes,7,8192,11.7188
3,jemalloc,batch,256,16,1,disabled,yes,7,8192,144.91
3,mimalloc,mixed_lifetime,256,16,1,disabled,yes,7,8192,13.6597
3,jemalloc,mixed_lifetime,256,16,1,disabled,yes,7,8192,88.8428
3,mimalloc,owned_block,256,16,1,disabled,yes,7,8192,43.811
3,jemalloc,owned_block,256,16,1,disabled,yes,7,8192,681.006
3,mimalloc,typed_raw,256,1,1,disabled,yes,7,8192,12.561
3,jemalloc,typed_raw,256,1,1,disabled,yes,7,8192,311.768
3,mimalloc,array,256,1,1,disabled,yes,7,8192,21.1304
3,jemalloc,array,256,1,1,disabled,yes,7,8192,318.445
3,mimalloc,raw,256,16,1,basic,yes,7,8192,17.6636
3,jemalloc,raw,256,16,1,basic,yes,7,8192,324.719
3,mimalloc,zeroed,256,16,1,basic,yes,7,8192,23.1567
3,jemalloc,zeroed,256,16,1,basic,yes,7,8192,331.946
3,mimalloc,reallocate,256,16,1,basic,yes,7,8192,46.2158
3,jemalloc,reallocate,256,16,1,basic,yes,7,8192,681.592
3,mimalloc,reallocate_zeroed,256,16,1,basic,yes,7,8192,51.4404
3,jemalloc,reallocate_zeroed,256,16,1,basic,yes,7,8192,702.881
3,mimalloc,batch,256,16,1,basic,yes,7,8192,14.8926
3,jemalloc,batch,256,16,1,basic,yes,7,8192,147.314
3,mimalloc,mixed_lifetime,256,16,1,basic,yes,7,8192,16.3452
3,jemalloc,mixed_lifetime,256,16,1,basic,yes,7,8192,92.4316
3,mimalloc,owned_block,256,16,1,basic,yes,7,8192,48.7671
3,jemalloc,owned_block,256,16,1,basic,yes,7,8192,693.628
3,mimalloc,typed_raw,256,1,1,basic,yes,7,8192,16.8945
3,jemalloc,typed_raw,256,1,1,basic,yes,7,8192,317.334
3,mimalloc,array,256,1,1,basic,yes,7,8192,24.8779
3,jemalloc,array,256,1,1,basic,yes,7,8192,323.157
3,standard,raw,256,64,1,disabled,no,7,8192,53.0029
3,mimalloc,raw,256,64,1,disabled,no,7,8192,13.8428
3,jemalloc,raw,256,64,1,disabled,no,7,8192,46.1182
3,standard,zeroed,256,64,1,disabled,no,7,8192,61.4014
3,mimalloc,zeroed,256,64,1,disabled,no,7,8192,19.7754
3,jemalloc,zeroed,256,64,1,disabled,no,7,8192,44.4214
3,standard,reallocate,256,64,1,disabled,no,7,8192,109.644
3,mimalloc,reallocate,256,64,1,disabled,no,7,8192,35.0464
3,jemalloc,reallocate,256,64,1,disabled,no,7,8192,121.228
3,standard,reallocate_zeroed,256,64,1,disabled,no,7,8192,118.018
3,mimalloc,reallocate_zeroed,256,64,1,disabled,no,7,8192,42.2852
3,jemalloc,reallocate_zeroed,256,64,1,disabled,no,7,8192,131.982
3,standard,batch,256,64,1,disabled,no,7,8192,48.6938
3,mimalloc,batch,256,64,1,disabled,no,7,8192,11.0718
3,jemalloc,batch,256,64,1,disabled,no,7,8192,71.6919
3,standard,mixed_lifetime,256,64,1,disabled,no,7,8192,37.6953
3,mimalloc,mixed_lifetime,256,64,1,disabled,no,7,8192,12.4268
3,jemalloc,mixed_lifetime,256,64,1,disabled,no,7,8192,27.9663
3,standard,owned_block,256,64,1,disabled,no,7,8192,113.232
3,mimalloc,owned_block,256,64,1,disabled,no,7,8192,41.3452
3,jemalloc,owned_block,256,64,1,disabled,no,7,8192,127.039
3,mimalloc,raw,256,64,1,disabled,yes,7,8192,13.8916
3,jemalloc,raw,256,64,1,disabled,yes,7,8192,315.796
3,mimalloc,zeroed,256,64,1,disabled,yes,7,8192,17.3096
3,jemalloc,zeroed,256,64,1,disabled,yes,7,8192,319.287
3,mimalloc,reallocate,256,64,1,disabled,yes,7,8192,40.3076
3,jemalloc,reallocate,256,64,1,disabled,yes,7,8192,667.664
3,mimalloc,reallocate_zeroed,256,64,1,disabled,yes,7,8192,46.0449
3,jemalloc,reallocate_zeroed,256,64,1,disabled,yes,7,8192,684.753
3,mimalloc,batch,256,64,1,disabled,yes,7,8192,10.8032
3,jemalloc,batch,256,64,1,disabled,yes,7,8192,144.885
3,mimalloc,mixed_lifetime,256,64,1,disabled,yes,7,8192,13.6475
3,jemalloc,mixed_lifetime,256,64,1,disabled,yes,7,8192,89.2456
3,mimalloc,owned_block,256,64,1,disabled,yes,7,8192,41.687
3,jemalloc,owned_block,256,64,1,disabled,yes,7,8192,682.544
3,mimalloc,raw,256,64,1,basic,yes,7,8192,19.4214
3,jemalloc,raw,256,64,1,basic,yes,7,8192,324.28
3,mimalloc,zeroed,256,64,1,basic,yes,7,8192,24.5483
3,jemalloc,zeroed,256,64,1,basic,yes,7,8192,330.664
3,mimalloc,reallocate,256,64,1,basic,yes,7,8192,48.0591
3,jemalloc,reallocate,256,64,1,basic,yes,7,8192,678.186
3,mimalloc,reallocate_zeroed,256,64,1,basic,yes,7,8192,54.8218
3,jemalloc,reallocate_zeroed,256,64,1,basic,yes,7,8192,697.424
3,mimalloc,batch,256,64,1,basic,yes,7,8192,14.978
3,jemalloc,batch,256,64,1,basic,yes,7,8192,147.571
3,mimalloc,mixed_lifetime,256,64,1,basic,yes,7,8192,16.3086
3,jemalloc,mixed_lifetime,256,64,1,basic,yes,7,8192,92.8955
3,mimalloc,owned_block,256,64,1,basic,yes,7,8192,48.7549
3,jemalloc,owned_block,256,64,1,basic,yes,7,8192,693.726
3,standard,raw,256,256,1,disabled,no,7,8192,53.4424
3,mimalloc,raw,256,256,1,disabled,no,7,8192,12.9883
3,jemalloc,raw,256,256,1,disabled,no,7,8192,46.2402
3,standard,zeroed,256,256,1,disabled,no,7,8192,60.8521
3,mimalloc,zeroed,256,256,1,disabled,no,7,8192,18.1396
3,jemalloc,zeroed,256,256,1,disabled,no,7,8192,44.4214
3,standard,reallocate,256,256,1,disabled,no,7,8192,110.315
3,mimalloc,reallocate,256,256,1,disabled,no,7,8192,37.085
3,jemalloc,reallocate,256,256,1,disabled,no,7,8192,120.837
3,standard,reallocate_zeroed,256,256,1,disabled,no,7,8192,118.762
3,mimalloc,reallocate_zeroed,256,256,1,disabled,no,7,8192,45.7764
3,jemalloc,reallocate_zeroed,256,256,1,disabled,no,7,8192,132.043
3,standard,batch,256,256,1,disabled,no,7,8192,130.103
3,mimalloc,batch,256,256,1,disabled,no,7,8192,11.8896
3,jemalloc,batch,256,256,1,disabled,no,7,8192,71.8628
3,standard,mixed_lifetime,256,256,1,disabled,no,7,8192,40.8447
3,mimalloc,mixed_lifetime,256,256,1,disabled,no,7,8192,13.6108
3,jemalloc,mixed_lifetime,256,256,1,disabled,no,7,8192,27.8198
3,standard,owned_block,256,256,1,disabled,no,7,8192,111.719
3,mimalloc,owned_block,256,256,1,disabled,no,7,8192,40.1367
3,jemalloc,owned_block,256,256,1,disabled,no,7,8192,128.979
3,mimalloc,raw,256,256,1,disabled,yes,7,8192,13.2568
3,jemalloc,raw,256,256,1,disabled,yes,7,8192,313.379
3,mimalloc,zeroed,256,256,1,disabled,yes,7,8192,19.6533
3,jemalloc,zeroed,256,256,1,disabled,yes,7,8192,320.935
3,mimalloc,reallocate,256,256,1,disabled,yes,7,8192,39.3921
3,jemalloc,reallocate,256,256,1,disabled,yes,7,8192,666.406
3,mimalloc,reallocate_zeroed,256,256,1,disabled,yes,7,8192,47.168
3,jemalloc,reallocate_zeroed,256,256,1,disabled,yes,7,8192,680.53
3,mimalloc,batch,256,256,1,disabled,yes,7,8192,10.791
3,jemalloc,batch,256,256,1,disabled,yes,7,8192,144.983
3,mimalloc,mixed_lifetime,256,256,1,disabled,yes,7,8192,14.4165
3,jemalloc,mixed_lifetime,256,256,1,disabled,yes,7,8192,88.6841
3,mimalloc,owned_block,256,256,1,disabled,yes,7,8192,43.7256
3,jemalloc,owned_block,256,256,1,disabled,yes,7,8192,683.081
3,mimalloc,raw,256,256,1,basic,yes,7,8192,16.5527
3,jemalloc,raw,256,256,1,basic,yes,7,8192,323.535
3,mimalloc,zeroed,256,256,1,basic,yes,7,8192,23.6694
3,jemalloc,zeroed,256,256,1,basic,yes,7,8192,330.823
3,mimalloc,reallocate,256,256,1,basic,yes,7,8192,45.3613
3,jemalloc,reallocate,256,256,1,basic,yes,7,8192,681.97
3,mimalloc,reallocate_zeroed,256,256,1,basic,yes,7,8192,54.7485
3,jemalloc,reallocate_zeroed,256,256,1,basic,yes,7,8192,702.014
3,mimalloc,batch,256,256,1,basic,yes,7,8192,14.9414
3,jemalloc,batch,256,256,1,basic,yes,7,8192,147.449
3,mimalloc,mixed_lifetime,256,256,1,basic,yes,7,8192,16.9434
3,jemalloc,mixed_lifetime,256,256,1,basic,yes,7,8192,93.4204
3,mimalloc,owned_block,256,256,1,basic,yes,7,8192,48.7549
3,jemalloc,owned_block,256,256,1,basic,yes,7,8192,693.86
3,standard,raw,4096,16,1,disabled,no,7,8192,54.6875
3,mimalloc,raw,4096,16,1,disabled,no,7,8192,34.5947
3,jemalloc,raw,4096,16,1,disabled,no,7,8192,47.998
3,standard,zeroed,4096,16,1,disabled,no,7,8192,94.9707
3,mimalloc,zeroed,4096,16,1,disabled,no,7,8192,65.1733
3,jemalloc,zeroed,4096,16,1,disabled,no,7,8192,83.6426
3,standard,reallocate,4096,16,1,disabled,no,7,8192,167.944
3,mimalloc,reallocate,4096,16,1,disabled,no,7,8192,108.997
3,jemalloc,reallocate,4096,16,1,disabled,no,7,8192,176.721
3,standard,reallocate_zeroed,4096,16,1,disabled,no,7,8192,221.814
3,mimalloc,reallocate_zeroed,4096,16,1,disabled,no,7,8192,149.133
3,jemalloc,reallocate_zeroed,4096,16,1,disabled,no,7,8192,215.271
3,standard,batch,4096,16,1,disabled,no,7,8192,496.448
3,mimalloc,batch,4096,16,1,disabled,no,7,8192,59.9121
3,jemalloc,batch,4096,16,1,disabled,no,7,8192,378.369
3,standard,mixed_lifetime,4096,16,1,disabled,no,7,8192,109.814
3,mimalloc,mixed_lifetime,4096,16,1,disabled,no,7,8192,33.2642
3,jemalloc,mixed_lifetime,4096,16,1,disabled,no,7,8192,119.788
3,standard,owned_block,4096,16,1,disabled,no,7,8192,171.411
3,mimalloc,owned_block,4096,16,1,disabled,no,7,8192,143.03
3,jemalloc,owned_block,4096,16,1,disabled,no,7,8192,181.641
3,standard,typed_raw,4096,1,1,disabled,no,7,8192,50.7568
3,mimalloc,typed_raw,4096,1,1,disabled,no,7,8192,28.0029
3,jemalloc,typed_raw,4096,1,1,disabled,no,7,8192,41.2476
3,standard,array,4096,1,1,disabled,no,7,8192,94.4946
3,mimalloc,array,4096,1,1,disabled,no,7,8192,62.8906
3,jemalloc,array,4096,1,1,disabled,no,7,8192,81.4453
3,mimalloc,raw,4096,16,1,disabled,yes,7,8192,36.4746
3,jemalloc,raw,4096,16,1,disabled,yes,7,8192,322.681
3,mimalloc,zeroed,4096,16,1,disabled,yes,7,8192,62.854
3,jemalloc,zeroed,4096,16,1,disabled,yes,7,8192,362.183
3,mimalloc,reallocate,4096,16,1,disabled,yes,7,8192,108.496
3,jemalloc,reallocate,4096,16,1,disabled,yes,7,8192,754.407
3,mimalloc,reallocate_zeroed,4096,16,1,disabled,yes,7,8192,148.633
3,jemalloc,reallocate_zeroed,4096,16,1,disabled,yes,7,8192,797.559
3,mimalloc,batch,4096,16,1,disabled,yes,7,8192,60.9253
3,jemalloc,batch,4096,16,1,disabled,yes,7,8192,560.84
3,mimalloc,mixed_lifetime,4096,16,1,disabled,yes,7,8192,33.7158
3,jemalloc,mixed_lifetime,4096,16,1,disabled,yes,7,8192,305.225
3,mimalloc,owned_block,4096,16,1,disabled,yes,7,8192,112.268
3,jemalloc,owned_block,4096,16,1,disabled,yes,7,8192,762.817
3,mimalloc,typed_raw,4096,1,1,disabled,yes,7,8192,27.2339
3,jemalloc,typed_raw,4096,1,1,disabled,yes,7,8192,317.212
3,mimalloc,array,4096,1,1,disabled,yes,7,8192,57.5195
3,jemalloc,array,4096,1,1,disabled,yes,7,8192,356.274
3,mimalloc,raw,4096,16,1,basic,yes,7,8192,37.4146
3,jemalloc,raw,4096,16,1,basic,yes,7,8192,331.238
3,mimalloc,zeroed,4096,16,1,basic,yes,7,8192,67.9688
3,jemalloc,zeroed,4096,16,1,basic,yes,7,8192,369.446
3,mimalloc,reallocate,4096,16,1,basic,yes,7,8192,114.355
3,jemalloc,reallocate,4096,16,1,basic,yes,7,8192,766.174
3,mimalloc,reallocate_zeroed,4096,16,1,basic,yes,7,8192,154.834
3,jemalloc,reallocate_zeroed,4096,16,1,basic,yes,7,8192,810.706
3,mimalloc,batch,4096,16,1,basic,yes,7,8192,69.5557
3,jemalloc,batch,4096,16,1,basic,yes,7,8192,571.729
3,mimalloc,mixed_lifetime,4096,16,1,basic,yes,7,8192,34.7534
3,jemalloc,mixed_lifetime,4096,16,1,basic,yes,7,8192,308.301
3,mimalloc,owned_block,4096,16,1,basic,yes,7,8192,117.407
3,jemalloc,owned_block,4096,16,1,basic,yes,7,8192,774.561
3,mimalloc,typed_raw,4096,1,1,basic,yes,7,8192,29.0771
3,jemalloc,typed_raw,4096,1,1,basic,yes,7,8192,325.635
3,mimalloc,array,4096,1,1,basic,yes,7,8192,63.1104
3,jemalloc,array,4096,1,1,basic,yes,7,8192,361.633
3,standard,raw,4096,64,1,disabled,no,7,8192,54.4434
3,mimalloc,raw,4096,64,1,disabled,no,7,8192,35.6567
3,jemalloc,raw,4096,64,1,disabled,no,7,8192,48.2178
3,standard,zeroed,4096,64,1,disabled,no,7,8192,87.1338
3,mimalloc,zeroed,4096,64,1,disabled,no,7,8192,67.1753
3,jemalloc,zeroed,4096,64,1,disabled,no,7,8192,83.2397
3,standard,reallocate,4096,64,1,disabled,no,7,8192,156.531
3,mimalloc,reallocate,4096,64,1,disabled,no,7,8192,115.955
3,jemalloc,reallocate,4096,64,1,disabled,no,7,8192,174.487
3,standard,reallocate_zeroed,4096,64,1,disabled,no,7,8192,204.797
3,mimalloc,reallocate_zeroed,4096,64,1,disabled,no,7,8192,155.225
3,jemalloc,reallocate_zeroed,4096,64,1,disabled,no,7,8192,215.259
3,standard,batch,4096,64,1,disabled,no,7,8192,58.252
3,mimalloc,batch,4096,64,1,disabled,no,7,8192,59.9976
3,jemalloc,batch,4096,64,1,disabled,no,7,8192,373.462
3,standard,mixed_lifetime,4096,64,1,disabled,no,7,8192,99.4385
3,mimalloc,mixed_lifetime,4096,64,1,disabled,no,7,8192,33.2764
3,jemalloc,mixed_lifetime,4096,64,1,disabled,no,7,8192,120.691
3,standard,owned_block,4096,64,1,disabled,no,7,8192,165.149
3,mimalloc,owned_block,4096,64,1,disabled,no,7,8192,142.297
3,jemalloc,owned_block,4096,64,1,disabled,no,7,8192,183.472
3,mimalloc,raw,4096,64,1,disabled,yes,7,8192,35.8521
3,jemalloc,raw,4096,64,1,disabled,yes,7,8192,321.436
3,mimalloc,zeroed,4096,64,1,disabled,yes,7,8192,62.7563
3,jemalloc,zeroed,4096,64,1,disabled,yes,7,8192,361.597
3,mimalloc,reallocate,4096,64,1,disabled,yes,7,8192,108.801
3,jemalloc,reallocate,4096,64,1,disabled,yes,7,8192,753.125
3,mimalloc,reallocate_zeroed,4096,64,1,disabled,yes,7,8192,148.926
3,jemalloc,reallocate_zeroed,4096,64,1,disabled,yes,7,8192,800.22
3,mimalloc,batch,4096,64,1,disabled,yes,7,8192,59.8877
3,jemalloc,batch,4096,64,1,disabled,yes,7,8192,561.548
3,mimalloc,mixed_lifetime,4096,64,1,disabled,yes,7,8192,32.4463
3,jemalloc,mixed_lifetime,4096,64,1,disabled,yes,7,8192,304.712
3,mimalloc,owned_block,4096,64,1,disabled,yes,7,8192,111.609
3,jemalloc,owned_block,4096,64,1,disabled,yes,7,8192,765.845
3,mimalloc,raw,4096,64,1,basic,yes,7,8192,39.5508
3,jemalloc,raw,4096,64,1,basic,yes,7,8192,332.361
3,mimalloc,zeroed,4096,64,1,basic,yes,7,8192,68.1641
3,jemalloc,zeroed,4096,64,1,basic,yes,7,8192,370.3
3,mimalloc,reallocate,4096,64,1,basic,yes,7,8192,113.22
3,jemalloc,reallocate,4096,64,1,basic,yes,7,8192,768.628
3,mimalloc,reallocate_zeroed,4096,64,1,basic,yes,7,8192,153.503
3,jemalloc,reallocate_zeroed,4096,64,1,basic,yes,7,8192,812.146
3,mimalloc,batch,4096,64,1,basic,yes,7,8192,69.3115
3,jemalloc,batch,4096,64,1,basic,yes,7,8192,569.421
3,mimalloc,mixed_lifetime,4096,64,1,basic,yes,7,8192,34.7412
3,jemalloc,mixed_lifetime,4096,64,1,basic,yes,7,8192,308.179
3,mimalloc,owned_block,4096,64,1,basic,yes,7,8192,116.846
3,jemalloc,owned_block,4096,64,1,basic,yes,7,8192,775.342
3,standard,raw,4096,256,1,disabled,no,7,8192,53.7476
3,mimalloc,raw,4096,256,1,disabled,no,7,8192,36.0718
3,jemalloc,raw,4096,256,1,disabled,no,7,8192,48.0103
3,standard,zeroed,4096,256,1,disabled,no,7,8192,88.2202
3,mimalloc,zeroed,4096,256,1,disabled,no,7,8192,67.1509
3,jemalloc,zeroed,4096,256,1,disabled,no,7,8192,82.0679
3,standard,reallocate,4096,256,1,disabled,no,7,8192,161.414
3,mimalloc,reallocate,4096,256,1,disabled,no,7,8192,116.003
3,jemalloc,reallocate,4096,256,1,disabled,no,7,8192,173.682
3,standard,reallocate_zeroed,4096,256,1,disabled,no,7,8192,209.399
3,mimalloc,reallocate_zeroed,4096,256,1,disabled,no,7,8192,155.017
3,jemalloc,reallocate_zeroed,4096,256,1,disabled,no,7,8192,215.71
3,standard,batch,4096,256,1,disabled,no,7,8192,58.2031
3,mimalloc,batch,4096,256,1,disabled,no,7,8192,60.0952
3,jemalloc,batch,4096,256,1,disabled,no,7,8192,380.469
3,standard,mixed_lifetime,4096,256,1,disabled,no,7,8192,93.6646
3,mimalloc,mixed_lifetime,4096,256,1,disabled,no,7,8192,33.2764
3,jemalloc,mixed_lifetime,4096,256,1,disabled,no,7,8192,119.543
3,standard,owned_block,4096,256,1,disabled,no,7,8192,162.085
3,mimalloc,owned_block,4096,256,1,disabled,no,7,8192,142.236
3,jemalloc,owned_block,4096,256,1,disabled,no,7,8192,182.69
3,mimalloc,raw,4096,256,1,disabled,yes,7,8192,34.6313
3,jemalloc,raw,4096,256,1,disabled,yes,7,8192,323.23
3,mimalloc,zeroed,4096,256,1,disabled,yes,7,8192,62.7686
3,jemalloc,zeroed,4096,256,1,disabled,yes,7,8192,363.782
3,mimalloc,reallocate,4096,256,1,disabled,yes,7,8192,107.617
3,jemalloc,reallocate,4096,256,1,disabled,yes,7,8192,754.272
3,mimalloc,reallocate_zeroed,4096,256,1,disabled,yes,7,8192,147.888
3,jemalloc,reallocate_zeroed,4096,256,1,disabled,yes,7,8192,801.55
3,mimalloc,batch,4096,256,1,disabled,yes,7,8192,59.8389
3,jemalloc,batch,4096,256,1,disabled,yes,7,8192,559.436
3,mimalloc,mixed_lifetime,4096,256,1,disabled,yes,7,8192,32.4341
3,jemalloc,mixed_lifetime,4096,256,1,disabled,yes,7,8192,300.903
3,mimalloc,owned_block,4096,256,1,disabled,yes,7,8192,112.036
3,jemalloc,owned_block,4096,256,1,disabled,yes,7,8192,759.705
3,mimalloc,raw,4096,256,1,basic,yes,7,8192,38.3301
3,jemalloc,raw,4096,256,1,basic,yes,7,8192,331.592
3,mimalloc,zeroed,4096,256,1,basic,yes,7,8192,68.396
3,jemalloc,zeroed,4096,256,1,basic,yes,7,8192,370.544
3,mimalloc,reallocate,4096,256,1,basic,yes,7,8192,113.208
3,jemalloc,reallocate,4096,256,1,basic,yes,7,8192,763.879
3,mimalloc,reallocate_zeroed,4096,256,1,basic,yes,7,8192,153.394
3,jemalloc,reallocate_zeroed,4096,256,1,basic,yes,7,8192,813.464
3,mimalloc,batch,4096,256,1,basic,yes,7,8192,68.8354
3,jemalloc,batch,4096,256,1,basic,yes,7,8192,567.334
3,mimalloc,mixed_lifetime,4096,256,1,basic,yes,7,8192,34.6924
3,jemalloc,mixed_lifetime,4096,256,1,basic,yes,7,8192,305.359
3,mimalloc,owned_block,4096,256,1,basic,yes,7,8192,116.772
3,jemalloc,owned_block,4096,256,1,basic,yes,7,8192,778.333
3,standard,raw,65536,16,1,disabled,no,7,8192,168.408
3,mimalloc,raw,65536,16,1,disabled,no,7,8192,38.3423
3,jemalloc,raw,65536,16,1,disabled,no,7,8192,351.99
3,standard,zeroed,65536,16,1,disabled,no,7,8192,866.479
3,mimalloc,zeroed,65536,16,1,disabled,no,7,8192,874.023
3,jemalloc,zeroed,65536,16,1,disabled,no,7,8192,1072.03
3,standard,reallocate,65536,16,1,disabled,no,7,8192,2533.62
3,mimalloc,reallocate,65536,16,1,disabled,no,7,8192,1722.91
3,jemalloc,reallocate,65536,16,1,disabled,no,7,8192,2915.32
3,standard,reallocate_zeroed,65536,16,1,disabled,no,7,8192,3575.1
3,mimalloc,reallocate_zeroed,65536,16,1,disabled,no,7,8192,2454.1
3,jemalloc,reallocate_zeroed,65536,16,1,disabled,no,7,8192,3689.45
3,standard,batch,65536,16,1,disabled,no,7,8192,2905.24
3,mimalloc,batch,65536,16,1,disabled,no,7,8192,111.646
3,jemalloc,batch,65536,16,1,disabled,no,7,8192,592.615
3,standard,mixed_lifetime,65536,16,1,disabled,no,7,8192,485.608
3,mimalloc,mixed_lifetime,65536,16,1,disabled,no,7,8192,47.3755
3,jemalloc,mixed_lifetime,65536,16,1,disabled,no,7,8192,306.421
3,standard,owned_block,65536,16,1,disabled,no,7,8192,1722.12
3,mimalloc,owned_block,65536,16,1,disabled,no,7,8192,2360.86
3,jemalloc,owned_block,65536,16,1,disabled,no,7,8192,3420.23
3,standard,typed_raw,65536,1,1,disabled,no,7,8192,157.996
3,mimalloc,typed_raw,65536,1,1,disabled,no,7,8192,27.002
3,jemalloc,typed_raw,65536,1,1,disabled,no,7,8192,603.748
3,standard,array,65536,1,1,disabled,no,7,8192,873.865
3,mimalloc,array,65536,1,1,disabled,no,7,8192,698.218
3,jemalloc,array,65536,1,1,disabled,no,7,8192,1314.17
3,mimalloc,raw,65536,16,1,disabled,yes,7,8192,38.3423
3,jemalloc,raw,65536,16,1,disabled,yes,7,8192,385.4
3,mimalloc,zeroed,65536,16,1,disabled,yes,7,8192,880.457
3,jemalloc,zeroed,65536,16,1,disabled,yes,7,8192,1091.44
3,mimalloc,reallocate,65536,16,1,disabled,yes,7,8192,1720.95
3,jemalloc,reallocate,65536,16,1,disabled,yes,7,8192,2979.44
3,mimalloc,reallocate_zeroed,65536,16,1,disabled,yes,7,8192,2503.17
3,jemalloc,reallocate_zeroed,65536,16,1,disabled,yes,7,8192,3724.29
3,mimalloc,batch,65536,16,1,disabled,yes,7,8192,110.51
3,jemalloc,batch,65536,16,1,disabled,yes,7,8192,647.058
3,mimalloc,mixed_lifetime,65536,16,1,disabled,yes,7,8192,43.9331
3,jemalloc,mixed_lifetime,65536,16,1,disabled,yes,7,8192,334.326
3,mimalloc,owned_block,65536,16,1,disabled,yes,7,8192,1728.72
3,jemalloc,owned_block,65536,16,1,disabled,yes,7,8192,2991.55
3,mimalloc,typed_raw,65536,1,1,disabled,yes,7,8192,25.3906
3,jemalloc,typed_raw,65536,1,1,disabled,yes,7,8192,398.926
3,mimalloc,array,65536,1,1,disabled,yes,7,8192,706.384
3,jemalloc,array,65536,1,1,disabled,yes,7,8192,1098.91
3,mimalloc,raw,65536,16,1,basic,yes,7,8192,45.2271
3,jemalloc,raw,65536,16,1,basic,yes,7,8192,404.443
3,mimalloc,zeroed,65536,16,1,basic,yes,7,8192,883.337
3,jemalloc,zeroed,65536,16,1,basic,yes,7,8192,1118.05
3,mimalloc,reallocate,65536,16,1,basic,yes,7,8192,1737.84
3,jemalloc,reallocate,65536,16,1,basic,yes,7,8192,3003.34
3,mimalloc,reallocate_zeroed,65536,16,1,basic,yes,7,8192,2457.8
3,jemalloc,reallocate_zeroed,65536,16,1,basic,yes,7,8192,3765.5
3,mimalloc,batch,65536,16,1,basic,yes,7,8192,116.113
3,jemalloc,batch,65536,16,1,basic,yes,7,8192,656.677
3,mimalloc,mixed_lifetime,65536,16,1,basic,yes,7,8192,45.6299
3,jemalloc,mixed_lifetime,65536,16,1,basic,yes,7,8192,335.095
3,mimalloc,owned_block,65536,16,1,basic,yes,7,8192,1741.97
3,jemalloc,owned_block,65536,16,1,basic,yes,7,8192,3009.72
3,mimalloc,typed_raw,65536,1,1,basic,yes,7,8192,29.0771
3,jemalloc,typed_raw,65536,1,1,basic,yes,7,8192,410.229
3,mimalloc,array,65536,1,1,basic,yes,7,8192,729.773
3,jemalloc,array,65536,1,1,basic,yes,7,8192,1108.78
3,standard,raw,65536,64,1,disabled,no,7,8192,165.344
3,mimalloc,raw,65536,64,1,disabled,no,7,8192,38.623
3,jemalloc,raw,65536,64,1,disabled,no,7,8192,597.327
3,standard,zeroed,65536,64,1,disabled,no,7,8192,874.451
3,mimalloc,zeroed,65536,64,1,disabled,no,7,8192,870.264
3,jemalloc,zeroed,65536,64,1,disabled,no,7,8192,1304.44
3,standard,reallocate,65536,64,1,disabled,no,7,8192,1733.62
3,mimalloc,reallocate,65536,64,1,disabled,no,7,8192,1721.9
3,jemalloc,reallocate,65536,64,1,disabled,no,7,8192,3346.81
3,standard,reallocate_zeroed,65536,64,1,disabled,no,7,8192,2481.04
3,mimalloc,reallocate_zeroed,65536,64,1,disabled,no,7,8192,2446.33
3,jemalloc,reallocate_zeroed,65536,64,1,disabled,no,7,8192,4004.55
3,standard,batch,65536,64,1,disabled,no,7,8192,274.292
3,mimalloc,batch,65536,64,1,disabled,no,7,8192,111.67
3,jemalloc,batch,65536,64,1,disabled,no,7,8192,592.09
3,standard,mixed_lifetime,65536,64,1,disabled,no,7,8192,366.37
3,mimalloc,mixed_lifetime,65536,64,1,disabled,no,7,8192,46.9849
3,jemalloc,mixed_lifetime,65536,64,1,disabled,no,7,8192,301.917
3,standard,owned_block,65536,64,1,disabled,no,7,8192,1713.31
3,mimalloc,owned_block,65536,64,1,disabled,no,7,8192,2338.34
3,jemalloc,owned_block,65536,64,1,disabled,no,7,8192,3398.77
3,mimalloc,raw,65536,64,1,disabled,yes,7,8192,37.4512
3,jemalloc,raw,65536,64,1,disabled,yes,7,8192,392.261
3,mimalloc,zeroed,65536,64,1,disabled,yes,7,8192,877.466
3,jemalloc,zeroed,65536,64,1,disabled,yes,7,8192,1100.67
3,mimalloc,reallocate,65536,64,1,disabled,yes,7,8192,1726.11
3,jemalloc,reallocate,65536,64,1,disabled,yes,7,8192,2989.39
3,mimalloc,reallocate_zeroed,65536,64,1,disabled,yes,7,8192,2438.51
3,jemalloc,reallocate_zeroed,65536,64,1,disabled,yes,7,8192,3931.3
3,mimalloc,batch,65536,64,1,disabled,yes,7,8192,110.901
3,jemalloc,batch,65536,64,1,disabled,yes,7,8192,643.286
3,mimalloc,mixed_lifetime,65536,64,1,disabled,yes,7,8192,43.396
3,jemalloc,mixed_lifetime,65536,64,1,disabled,yes,7,8192,334.277
3,mimalloc,owned_block,65536,64,1,disabled,yes,7,8192,1725.16
3,jemalloc,owned_block,65536,64,1,disabled,yes,7,8192,3004.82
3,mimalloc,raw,65536,64,1,basic,yes,7,8192,42.9932
3,jemalloc,raw,65536,64,1,basic,yes,7,8192,405.481
3,mimalloc,zeroed,65536,64,1,basic,yes,7,8192,883.655
3,jemalloc,zeroed,65536,64,1,basic,yes,7,8192,1127.17
3,mimalloc,reallocate,65536,64,1,basic,yes,7,8192,1735.12
3,jemalloc,reallocate,65536,64,1,basic,yes,7,8192,3079.41
3,mimalloc,reallocate_zeroed,65536,64,1,basic,yes,7,8192,2457.2
3,jemalloc,reallocate_zeroed,65536,64,1,basic,yes,7,8192,3830.33
3,mimalloc,batch,65536,64,1,basic,yes,7,8192,118.066
3,jemalloc,batch,65536,64,1,basic,yes,7,8192,647.229
3,mimalloc,mixed_lifetime,65536,64,1,basic,yes,7,8192,45.6543
3,jemalloc,mixed_lifetime,65536,64,1,basic,yes,7,8192,336.328
3,mimalloc,owned_block,65536,64,1,basic,yes,7,8192,1739.67
3,jemalloc,owned_block,65536,64,1,basic,yes,7,8192,3026.88
3,standard,raw,65536,256,1,disabled,no,7,8192,166.284
3,mimalloc,raw,65536,256,1,disabled,no,7,8192,40.4663
3,jemalloc,raw,65536,256,1,disabled,no,7,8192,536.67
3,standard,zeroed,65536,256,1,disabled,no,7,8192,875.671
3,mimalloc,zeroed,65536,256,1,disabled,no,7,8192,997.632
3,jemalloc,zeroed,65536,256,1,disabled,no,7,8192,1246.36
3,standard,reallocate,65536,256,1,disabled,no,7,8192,1688
3,mimalloc,reallocate,65536,256,1,disabled,no,7,8192,1801.89
3,jemalloc,reallocate,65536,256,1,disabled,no,7,8192,3201.4
3,standard,reallocate_zeroed,65536,256,1,disabled,no,7,8192,2439.43
3,mimalloc,reallocate_zeroed,65536,256,1,disabled,no,7,8192,2541.27
3,jemalloc,reallocate_zeroed,65536,256,1,disabled,no,7,8192,3921.03
3,standard,batch,65536,256,1,disabled,no,7,8192,250.012
3,mimalloc,batch,65536,256,1,disabled,no,7,8192,111.218
3,jemalloc,batch,65536,256,1,disabled,no,7,8192,594.348
3,standard,mixed_lifetime,65536,256,1,disabled,no,7,8192,345.813
3,mimalloc,mixed_lifetime,65536,256,1,disabled,no,7,8192,46.2402
3,jemalloc,mixed_lifetime,65536,256,1,disabled,no,7,8192,301.685
3,standard,owned_block,65536,256,1,disabled,no,7,8192,1695.54
3,mimalloc,owned_block,65536,256,1,disabled,no,7,8192,2597.62
3,jemalloc,owned_block,65536,256,1,disabled,no,7,8192,3404.28
3,mimalloc,raw,65536,256,1,disabled,yes,7,8192,37.5
3,jemalloc,raw,65536,256,1,disabled,yes,7,8192,377.649
3,mimalloc,zeroed,65536,256,1,disabled,yes,7,8192,881.311
3,jemalloc,zeroed,65536,256,1,disabled,yes,7,8192,1086.15
3,mimalloc,reallocate,65536,256,1,disabled,yes,7,8192,1724.62
3,jemalloc,reallocate,65536,256,1,disabled,yes,7,8192,3064.05
3,mimalloc,reallocate_zeroed,65536,256,1,disabled,yes,7,8192,2441.06
3,jemalloc,reallocate_zeroed,65536,256,1,disabled,yes,7,8192,3740.93
3,mimalloc,batch,65536,256,1,disabled,yes,7,8192,111.523
3,jemalloc,batch,65536,256,1,disabled,yes,7,8192,627.673
3,mimalloc,mixed_lifetime,65536,256,1,disabled,yes,7,8192,43.811
3,jemalloc,mixed_lifetime,65536,256,1,disabled,yes,7,8192,319.885
3,mimalloc,owned_block,65536,256,1,disabled,yes,7,8192,1727.21
3,jemalloc,owned_block,65536,256,1,disabled,yes,7,8192,2988.17
3,mimalloc,raw,65536,256,1,basic,yes,7,8192,43.3594
3,jemalloc,raw,65536,256,1,basic,yes,7,8192,395.178
3,mimalloc,zeroed,65536,256,1,basic,yes,7,8192,882.263
3,jemalloc,zeroed,65536,256,1,basic,yes,7,8192,1110.55
3,mimalloc,reallocate,65536,256,1,basic,yes,7,8192,1739.09
3,jemalloc,reallocate,65536,256,1,basic,yes,7,8192,3064.62
3,mimalloc,reallocate_zeroed,65536,256,1,basic,yes,7,8192,2450.31
3,jemalloc,reallocate_zeroed,65536,256,1,basic,yes,7,8192,3844.36
3,mimalloc,batch,65536,256,1,basic,yes,7,8192,116.772
3,jemalloc,batch,65536,256,1,basic,yes,7,8192,639.38
3,mimalloc,mixed_lifetime,65536,256,1,basic,yes,7,8192,45.166
3,jemalloc,mixed_lifetime,65536,256,1,basic,yes,7,8192,325.757
3,mimalloc,owned_block,65536,256,1,basic,yes,7,8192,1756.54
3,jemalloc,owned_block,65536,256,1,basic,yes,7,8192,3025.42
3,standard,cross_thread,64,16,2,disabled,no,7,8192,84.6802
3,mimalloc,cross_thread,64,16,2,disabled,no,7,8192,32.2144
3,jemalloc,cross_thread,64,16,2,disabled,no,7,8192,94.104
3,mimalloc,cross_thread,64,16,2,disabled,yes,7,8192,34.4604
3,jemalloc,cross_thread,64,16,2,disabled,yes,7,8192,194.739
3,standard,cross_thread,64,16,4,disabled,no,7,8192,90.5518
3,mimalloc,cross_thread,64,16,4,disabled,no,7,8192,39.7095
3,jemalloc,cross_thread,64,16,4,disabled,no,7,8192,101.892
3,mimalloc,cross_thread,64,16,4,disabled,yes,7,8192,41.2109
3,jemalloc,cross_thread,64,16,4,disabled,yes,7,8192,282.751
3,standard,cross_thread,64,16,8,disabled,no,7,8192,101.379
3,mimalloc,cross_thread,64,16,8,disabled,no,7,8192,51.3184
3,jemalloc,cross_thread,64,16,8,disabled,no,7,8192,119.116
3,mimalloc,cross_thread,64,16,8,disabled,yes,7,8192,51.709
3,jemalloc,cross_thread,64,16,8,disabled,yes,7,8192,255.151
3,mimalloc,detailed_statistics,0,0,1,disabled,no,7,512,785.742
3,jemalloc,detailed_statistics,0,0,1,disabled,no,7,512,46441.6
3,mimalloc,detailed_statistics,0,0,1,disabled,yes,7,512,2.92969
3,jemalloc,detailed_statistics,0,0,1,disabled,yes,7,512,55839.8
3,fixed_buffer,stack_mark_rewind,64,16,1,disabled,no,7,8192,4.01611
3,fixed_buffer,stack_mark_rewind,64,64,1,disabled,no,7,8192,4.01611
3,fixed_buffer,stack_mark_rewind,64,256,1,disabled,no,7,8192,4.01611
3,fixed_buffer,stack_mark_rewind,256,16,1,disabled,no,7,8192,4.01611
3,fixed_buffer,stack_mark_rewind,256,64,1,disabled,no,7,8192,4.00391
3,fixed_buffer,stack_mark_rewind,256,256,1,disabled,no,7,8192,4.01611
3,fixed_buffer,stack_mark_rewind,4096,16,1,disabled,no,7,8192,4.01611
3,fixed_buffer,stack_mark_rewind,4096,64,1,disabled,no,7,8192,4.00391
3,fixed_buffer,stack_mark_rewind,4096,256,1,disabled,no,7,8192,4.01611
3,fixed_buffer,stack_mark_rewind,65536,16,1,disabled,no,7,8192,4.01611
3,fixed_buffer,stack_mark_rewind,65536,64,1,disabled,no,7,8192,4.01611
3,fixed_buffer,stack_mark_rewind,65536,256,1,disabled,no,7,8192,4.00391
3,standard,raw,64,16,1,basic,no,7,8192,54.2358
3,mimalloc,raw,64,16,1,basic,no,7,8192,16.5161
3,jemalloc,raw,64,16,1,basic,no,7,8192,47.7295
3,standard,zeroed,64,16,1,basic,no,7,8192,62.7319
3,mimalloc,zeroed,64,16,1,basic,no,7,8192,43.2739
3,jemalloc,zeroed,64,16,1,basic,no,7,8192,49.1333
3,standard,reallocate,64,16,1,basic,no,7,8192,112.537
3,mimalloc,reallocate,64,16,1,basic,no,7,8192,39.5996
3,jemalloc,reallocate,64,16,1,basic,no,7,8192,132.239
3,standard,reallocate_zeroed,64,16,1,basic,no,7,8192,120.667
3,mimalloc,reallocate_zeroed,64,16,1,basic,no,7,8192,46.4722
3,jemalloc,reallocate_zeroed,64,16,1,basic,no,7,8192,138.696
3,standard,batch,64,16,1,basic,no,7,8192,59.7534
3,mimalloc,batch,64,16,1,basic,no,7,8192,16.3696
3,jemalloc,batch,64,16,1,basic,no,7,8192,53.5645
3,standard,mixed_lifetime,64,16,1,basic,no,7,8192,35.9131
3,mimalloc,mixed_lifetime,64,16,1,basic,no,7,8192,14.9536
3,jemalloc,mixed_lifetime,64,16,1,basic,no,7,8192,29.7852
3,standard,owned_block,64,16,1,basic,no,7,8192,117.126
3,mimalloc,owned_block,64,16,1,basic,no,7,8192,42.5659
3,jemalloc,owned_block,64,16,1,basic,no,7,8192,136.987
3,standard,typed_raw,64,1,1,basic,no,7,8192,50.8545
3,mimalloc,typed_raw,64,1,1,basic,no,7,8192,16.4185
3,jemalloc,typed_raw,64,1,1,basic,no,7,8192,42.7856
3,standard,create_destroy,64,1,1,basic,no,7,8192,51.6968
3,mimalloc,create_destroy,64,1,1,basic,no,7,8192,17.1143
3,jemalloc,create_destroy,64,1,1,basic,no,7,8192,44.6533
3,standard,object,64,1,1,basic,no,7,8192,52.0996
3,mimalloc,object,64,1,1,basic,no,7,8192,17.3828
3,jemalloc,object,64,1,1,basic,no,7,8192,44.7266
3,standard,shared_object,64,1,1,basic,no,7,8192,59.7046
3,mimalloc,shared_object,64,1,1,basic,no,7,8192,23.5107
3,jemalloc,shared_object,64,1,1,basic,no,7,8192,55.4077
3,standard,array,64,1,1,basic,no,7,8192,70.6177
3,mimalloc,array,64,1,1,basic,no,7,8192,24.7559
3,jemalloc,array,64,1,1,basic,no,7,8192,44.873
3,standard,std_vector,256,8,1,basic,no,7,8192,641.235
3,mimalloc,std_vector,256,8,1,basic,no,7,8192,264.49
3,jemalloc,std_vector,256,8,1,basic,no,7,8192,602.222
3,standard,pmr_vector,256,8,1,basic,no,7,8192,658.154
3,mimalloc,pmr_vector,256,8,1,basic,no,7,8192,233.447
3,jemalloc,pmr_vector,256,8,1,basic,no,7,8192,591.162
3,standard,raw,64,64,1,basic,no,7,8192,55.2246
3,mimalloc,raw,64,64,1,basic,no,7,8192,16.8335
3,jemalloc,raw,64,64,1,basic,no,7,8192,48.3276
3,standard,zeroed,64,64,1,basic,no,7,8192,62.5244
3,mimalloc,zeroed,64,64,1,basic,no,7,8192,43.2617
3,jemalloc,zeroed,64,64,1,basic,no,7,8192,50.2197
3,standard,reallocate,64,64,1,basic,no,7,8192,113.403
3,mimalloc,reallocate,64,64,1,basic,no,7,8192,39.1235
3,jemalloc,reallocate,64,64,1,basic,no,7,8192,132.349
3,standard,reallocate_zeroed,64,64,1,basic,no,7,8192,121.631
3,mimalloc,reallocate_zeroed,64,64,1,basic,no,7,8192,46.2769
3,jemalloc,reallocate_zeroed,64,64,1,basic,no,7,8192,139.856
3,standard,batch,64,64,1,basic,no,7,8192,58.8257
3,mimalloc,batch,64,64,1,basic,no,7,8192,16.3696
3,jemalloc,batch,64,64,1,basic,no,7,8192,53.4546
3,standard,mixed_lifetime,64,64,1,basic,no,7,8192,36.6821
3,mimalloc,mixed_lifetime,64,64,1,basic,no,7,8192,15.8447
3,jemalloc,mixed_lifetime,64,64,1,basic,no,7,8192,29.8584
3,standard,owned_block,64,64,1,basic,no,7,8192,114.746
3,mimalloc,owned_block,64,64,1,basic,no,7,8192,42.3462
3,jemalloc,owned_block,64,64,1,basic,no,7,8192,138.94
3,standard,raw,64,256,1,basic,no,7,8192,55.2612
3,mimalloc,raw,64,256,1,basic,no,7,8192,29.0283
3,jemalloc,raw,64,256,1,basic,no,7,8192,48.0713
3,standard,zeroed,64,256,1,basic,no,7,8192,63.2446
3,mimalloc,zeroed,64,256,1,basic,no,7,8192,34.1553
3,jemalloc,zeroed,64,256,1,basic,no,7,8192,51.709
3,standard,reallocate,64,256,1,basic,no,7,8192,113.44
3,mimalloc,reallocate,64,256,1,basic,no,7,8192,50.5493
3,jemalloc,reallocate,64,256,1,basic,no,7,8192,120.325
3,standard,reallocate_zeroed,64,256,1,basic,no,7,8192,121.741
3,mimalloc,reallocate_zeroed,64,256,1,basic,no,7,8192,56.8726
3,jemalloc,reallocate_zeroed,64,256,1,basic,no,7,8192,126.587
3,standard,batch,64,256,1,basic,no,7,8192,64.0991
3,mimalloc,batch,64,256,1,basic,no,7,8192,27.7832
3,jemalloc,batch,64,256,1,basic,no,7,8192,74.2065
3,standard,mixed_lifetime,64,256,1,basic,no,7,8192,37.9395
3,mimalloc,mixed_lifetime,64,256,1,basic,no,7,8192,20.0928
3,jemalloc,mixed_lifetime,64,256,1,basic,no,7,8192,30.8472
3,standard,owned_block,64,256,1,basic,no,7,8192,117.188
3,mimalloc,owned_block,64,256,1,basic,no,7,8192,54.3701
3,jemalloc,owned_block,64,256,1,basic,no,7,8192,124.78
3,standard,raw,256,16,1,basic,no,7,8192,55.2246
3,mimalloc,raw,256,16,1,basic,no,7,8192,17.1753
3,jemalloc,raw,256,16,1,basic,no,7,8192,48.0347
3,standard,zeroed,256,16,1,basic,no,7,8192,65.2954
3,mimalloc,zeroed,256,16,1,basic,no,7,8192,23.0469
3,jemalloc,zeroed,256,16,1,basic,no,7,8192,52.8564
3,standard,reallocate,256,16,1,basic,no,7,8192,115.063
3,mimalloc,reallocate,256,16,1,basic,no,7,8192,48.4375
3,jemalloc,reallocate,256,16,1,basic,no,7,8192,133.386
3,standard,reallocate_zeroed,256,16,1,basic,no,7,8192,126.306
3,mimalloc,reallocate_zeroed,256,16,1,basic,no,7,8192,56.1157
3,jemalloc,reallocate_zeroed,256,16,1,basic,no,7,8192,141.37
3,standard,batch,256,16,1,basic,no,7,8192,62.085
3,mimalloc,batch,256,16,1,basic,no,7,8192,16.7114
3,jemalloc,batch,256,16,1,basic,no,7,8192,74.5972
3,standard,mixed_lifetime,256,16,1,basic,no,7,8192,37.7319
3,mimalloc,mixed_lifetime,256,16,1,basic,no,7,8192,16.3208
3,jemalloc,mixed_lifetime,256,16,1,basic,no,7,8192,31.4331
3,standard,owned_block,256,16,1,basic,no,7,8192,120.837
3,mimalloc,owned_block,256,16,1,basic,no,7,8192,47.1313
3,jemalloc,owned_block,256,16,1,basic,no,7,8192,138.684
3,standard,typed_raw,256,1,1,basic,no,7,8192,51.9287
3,mimalloc,typed_raw,256,1,1,basic,no,7,8192,13.7085
3,jemalloc,typed_raw,256,1,1,basic,no,7,8192,43.0664
3,standard,array,256,1,1,basic,no,7,8192,71.2524
3,mimalloc,array,256,1,1,basic,no,7,8192,22.3022
3,jemalloc,array,256,1,1,basic,no,7,8192,50.8301
3,standard,raw,256,64,1,basic,no,7,8192,57.2754
3,mimalloc,raw,256,64,1,basic,no,7,8192,15.9424
3,jemalloc,raw,256,64,1,basic,no,7,8192,48.2666
3,standard,zeroed,256,64,1,basic,no,7,8192,64.3066
3,mimalloc,zeroed,256,64,1,basic,no,7,8192,21.814
3,jemalloc,zeroed,256,64,1,basic,no,7,8192,52.2949
3,standard,reallocate,256,64,1,basic,no,7,8192,114.233
3,mimalloc,reallocate,256,64,1,basic,no,7,8192,41.5283
3,jemalloc,reallocate,256,64,1,basic,no,7,8192,134.082
3,standard,reallocate_zeroed,256,64,1,basic,no,7,8192,125.989
3,mimalloc,reallocate_zeroed,256,64,1,basic,no,7,8192,50.5371
3,jemalloc,reallocate_zeroed,256,64,1,basic,no,7,8192,141.223
3,standard,batch,256,64,1,basic,no,7,8192,64.2578
3,mimalloc,batch,256,64,1,basic,no,7,8192,14.9536
3,jemalloc,batch,256,64,1,basic,no,7,8192,78.2471
3,standard,mixed_lifetime,256,64,1,basic,no,7,8192,37.1216
3,mimalloc,mixed_lifetime,256,64,1,basic,no,7,8192,15.1245
3,jemalloc,mixed_lifetime,256,64,1,basic,no,7,8192,31.6284
3,standard,owned_block,256,64,1,basic,no,7,8192,116.98
3,mimalloc,owned_block,256,64,1,basic,no,7,8192,45.4834
3,jemalloc,owned_block,256,64,1,basic,no,7,8192,142.383
3,standard,raw,256,256,1,basic,no,7,8192,56.1401
3,mimalloc,raw,256,256,1,basic,no,7,8192,15.3442
3,jemalloc,raw,256,256,1,basic,no,7,8192,48.8892
3,standard,zeroed,256,256,1,basic,no,7,8192,65.332
3,mimalloc,zeroed,256,256,1,basic,no,7,8192,23.0469
3,jemalloc,zeroed,256,256,1,basic,no,7,8192,52.063
3,standard,reallocate,256,256,1,basic,no,7,8192,116.821
3,mimalloc,reallocate,256,256,1,basic,no,7,8192,43.0298
3,jemalloc,reallocate,256,256,1,basic,no,7,8192,134.46
3,standard,reallocate_zeroed,256,256,1,basic,no,7,8192,122.266
3,mimalloc,reallocate_zeroed,256,256,1,basic,no,7,8192,50.6104
3,jemalloc,reallocate_zeroed,256,256,1,basic,no,7,8192,141.895
3,standard,batch,256,256,1,basic,no,7,8192,64.4531
3,mimalloc,batch,256,256,1,basic,no,7,8192,16.4062
3,jemalloc,batch,256,256,1,basic,no,7,8192,78.1982
3,standard,mixed_lifetime,256,256,1,basic,no,7,8192,44.0186
3,mimalloc,mixed_lifetime,256,256,1,basic,no,7,8192,16.7603
3,jemalloc,mixed_lifetime,256,256,1,basic,no,7,8192,31.665
3,standard,owned_block,256,256,1,basic,no,7,8192,116.333
3,mimalloc,owned_block,256,256,1,basic,no,7,8192,47.9126
3,jemalloc,owned_block,256,256,1,basic,no,7,8192,141.272
3,standard,raw,4096,16,1,basic,no,7,8192,57.5562
3,mimalloc,raw,4096,16,1,basic,no,7,8192,39.6118
3,jemalloc,raw,4096,16,1,basic,no,7,8192,51.8677
3,standard,zeroed,4096,16,1,basic,no,7,8192,98.9502
3,mimalloc,zeroed,4096,16,1,basic,no,7,8192,67.1997
3,jemalloc,zeroed,4096,16,1,basic,no,7,8192,89.624
3,standard,reallocate,4096,16,1,basic,no,7,8192,173.694
3,mimalloc,reallocate,4096,16,1,basic,no,7,8192,115.356
3,jemalloc,reallocate,4096,16,1,basic,no,7,8192,184.07
3,standard,reallocate_zeroed,4096,16,1,basic,no,7,8192,230.151
3,mimalloc,reallocate_zeroed,4096,16,1,basic,no,7,8192,153.308
3,jemalloc,reallocate_zeroed,4096,16,1,basic,no,7,8192,226.306
3,standard,batch,4096,16,1,basic,no,7,8192,913.55
3,mimalloc,batch,4096,16,1,basic,no,7,8192,69.4336
3,jemalloc,batch,4096,16,1,basic,no,7,8192,385.474
3,standard,mixed_lifetime,4096,16,1,basic,no,7,8192,112.866
3,mimalloc,mixed_lifetime,4096,16,1,basic,no,7,8192,35.5835
3,jemalloc,mixed_lifetime,4096,16,1,basic,no,7,8192,125.037
3,standard,owned_block,4096,16,1,basic,no,7,8192,176.575
3,mimalloc,owned_block,4096,16,1,basic,no,7,8192,148.34
3,jemalloc,owned_block,4096,16,1,basic,no,7,8192,191.956
3,standard,typed_raw,4096,1,1,basic,no,7,8192,54.3457
3,mimalloc,typed_raw,4096,1,1,basic,no,7,8192,32.605
3,jemalloc,typed_raw,4096,1,1,basic,no,7,8192,46.4844
3,standard,array,4096,1,1,basic,no,7,8192,100.745
3,mimalloc,array,4096,1,1,basic,no,7,8192,66.5649
3,jemalloc,array,4096,1,1,basic,no,7,8192,87.5732
3,standard,raw,4096,64,1,basic,no,7,8192,58.606
3,mimalloc,raw,4096,64,1,basic,no,7,8192,41.7358
3,jemalloc,raw,4096,64,1,basic,no,7,8192,51.2817
3,standard,zeroed,4096,64,1,basic,no,7,8192,94.9219
3,mimalloc,zeroed,4096,64,1,basic,no,7,8192,71.6675
3,jemalloc,zeroed,4096,64,1,basic,no,7,8192,89.8071
3,standard,reallocate,4096,64,1,basic,no,7,8192,163.379
3,mimalloc,reallocate,4096,64,1,basic,no,7,8192,119.934
3,jemalloc,reallocate,4096,64,1,basic,no,7,8192,185.791
3,standard,reallocate_zeroed,4096,64,1,basic,no,7,8192,212.488
3,mimalloc,reallocate_zeroed,4096,64,1,basic,no,7,8192,159.558
3,jemalloc,reallocate_zeroed,4096,64,1,basic,no,7,8192,228.394
3,standard,batch,4096,64,1,basic,no,7,8192,62.9028
3,mimalloc,batch,4096,64,1,basic,no,7,8192,69.3726
3,jemalloc,batch,4096,64,1,basic,no,7,8192,392.822
3,standard,mixed_lifetime,4096,64,1,basic,no,7,8192,101.111
3,mimalloc,mixed_lifetime,4096,64,1,basic,no,7,8192,35.5103
3,jemalloc,mixed_lifetime,4096,64,1,basic,no,7,8192,125.256
3,standard,owned_block,4096,64,1,basic,no,7,8192,169.58
3,mimalloc,owned_block,4096,64,1,basic,no,7,8192,148.23
3,jemalloc,owned_block,4096,64,1,basic,no,7,8192,189.563
3,standard,raw,4096,256,1,basic,no,7,8192,58.0444
3,mimalloc,raw,4096,256,1,basic,no,7,8192,41.7969
3,jemalloc,raw,4096,256,1,basic,no,7,8192,51.1475
3,standard,zeroed,4096,256,1,basic,no,7,8192,92.2974
3,mimalloc,zeroed,4096,256,1,basic,no,7,8192,71.5576
3,jemalloc,zeroed,4096,256,1,basic,no,7,8192,89.4165
3,standard,reallocate,4096,256,1,basic,no,7,8192,165.43
3,mimalloc,reallocate,4096,256,1,basic,no,7,8192,120.276
3,jemalloc,reallocate,4096,256,1,basic,no,7,8192,185.498
3,standard,reallocate_zeroed,4096,256,1,basic,no,7,8192,214.453
3,mimalloc,reallocate_zeroed,4096,256,1,basic,no,7,8192,161.243
3,jemalloc,reallocate_zeroed,4096,256,1,basic,no,7,8192,228.052
3,standard,batch,4096,256,1,basic,no,7,8192,62.7319
3,mimalloc,batch,4096,256,1,basic,no,7,8192,69.3848
3,jemalloc,batch,4096,256,1,basic,no,7,8192,378.65
3,standard,mixed_lifetime,4096,256,1,basic,no,7,8192,99.2676
3,mimalloc,mixed_lifetime,4096,256,1,basic,no,7,8192,35.376
3,jemalloc,mixed_lifetime,4096,256,1,basic,no,7,8192,124.475
3,standard,owned_block,4096,256,1,basic,no,7,8192,169.373
3,mimalloc,owned_block,4096,256,1,basic,no,7,8192,148.389
3,jemalloc,owned_block,4096,256,1,basic,no,7,8192,190.308
3,standard,raw,65536,16,1,basic,no,7,8192,174.744
3,mimalloc,raw,65536,16,1,basic,no,7,8192,44.104
3,jemalloc,raw,65536,16,1,basic,no,7,8192,364.087
3,standard,zeroed,65536,16,1,basic,no,7,8192,867.126
3,mimalloc,zeroed,65536,16,1,basic,no,7,8192,874.634
3,jemalloc,zeroed,65536,16,1,basic,no,7,8192,1062.99
3,standard,reallocate,65536,16,1,basic,no,7,8192,2725.05
3,mimalloc,reallocate,65536,16,1,basic,no,7,8192,1737.45
3,jemalloc,reallocate,65536,16,1,basic,no,7,8192,2939.17
3,standard,reallocate_zeroed,65536,16,1,basic,no,7,8192,3784.44
3,mimalloc,reallocate_zeroed,65536,16,1,basic,no,7,8192,2613.78
3,jemalloc,reallocate_zeroed,65536,16,1,basic,no,7,8192,3757.02
3,standard,batch,65536,16,1,basic,no,7,8192,2945.08
3,mimalloc,batch,65536,16,1,basic,no,7,8192,116.614
3,jemalloc,batch,65536,16,1,basic,no,7,8192,594.653
3,standard,mixed_lifetime,65536,16,1,basic,no,7,8192,444.348
3,mimalloc,mixed_lifetime,65536,16,1,basic,no,7,8192,49.0845
3,jemalloc,mixed_lifetime,65536,16,1,basic,no,7,8192,306.543
3,standard,owned_block,65536,16,1,basic,no,7,8192,1702.67
3,mimalloc,owned_block,65536,16,1,basic,no,7,8192,2612.66
3,jemalloc,owned_block,65536,16,1,basic,no,7,8192,3452.1
3,standard,typed_raw,65536,1,1,basic,no,7,8192,163.965
3,mimalloc,typed_raw,65536,1,1,basic,no,7,8192,29.3701
3,jemalloc,typed_raw,65536,1,1,basic,no,7,8192,619.47
3,standard,array,65536,1,1,basic,no,7,8192,901.282
3,mimalloc,array,65536,1,1,basic,no,7,8192,721.265
3,jemalloc,array,65536,1,1,basic,no,7,8192,1325.07
3,standard,raw,65536,64,1,basic,no,7,8192,172.278
3,mimalloc,raw,65536,64,1,basic,no,7,8192,40.6738
3,jemalloc,raw,65536,64,1,basic,no,7,8192,624.194
3,standard,zeroed,65536,64,1,basic,no,7,8192,905.176
3,mimalloc,zeroed,65536,64,1,basic,no,7,8192,881.848
3,jemalloc,zeroed,65536,64,1,basic,no,7,8192,1310.34
3,standard,reallocate,65536,64,1,basic,no,7,8192,1695.46
3,mimalloc,reallocate,65536,64,1,basic,no,7,8192,1795.92
3,jemalloc,reallocate,65536,64,1,basic,no,7,8192,3407.91
3,standard,reallocate_zeroed,65536,64,1,basic,no,7,8192,2455.2
3,mimalloc,reallocate_zeroed,65536,64,1,basic,no,7,8192,2631.86
3,jemalloc,reallocate_zeroed,65536,64,1,basic,no,7,8192,4244.69
3,standard,batch,65536,64,1,basic,no,7,8192,263.892
3,mimalloc,batch,65536,64,1,basic,no,7,8192,116.711
3,jemalloc,batch,65536,64,1,basic,no,7,8192,594.995
3,standard,mixed_lifetime,65536,64,1,basic,no,7,8192,418.469
3,mimalloc,mixed_lifetime,65536,64,1,basic,no,7,8192,47.6929
3,jemalloc,mixed_lifetime,65536,64,1,basic,no,7,8192,310.828
3,standard,owned_block,65536,64,1,basic,no,7,8192,1695.19
3,mimalloc,owned_block,65536,64,1,basic,no,7,8192,2630.71
3,jemalloc,owned_block,65536,64,1,basic,no,7,8192,3428.09
3,standard,raw,65536,256,1,basic,no,7,8192,166.907
3,mimalloc,raw,65536,256,1,basic,no,7,8192,44.873
3,jemalloc,raw,65536,256,1,basic,no,7,8192,616.028
3,standard,zeroed,65536,256,1,basic,no,7,8192,893.518
3,mimalloc,zeroed,65536,256,1,basic,no,7,8192,1022.74
3,jemalloc,zeroed,65536,256,1,basic,no,7,8192,1308.22
3,standard,reallocate,65536,256,1,basic,no,7,8192,1693.09
3,mimalloc,reallocate,65536,256,1,basic,no,7,8192,1853.6
3,jemalloc,reallocate,65536,256,1,basic,no,7,8192,3408.37
3,standard,reallocate_zeroed,65536,256,1,basic,no,7,8192,2451.38
3,mimalloc,reallocate_zeroed,65536,256,1,basic,no,7,8192,2579.58
3,jemalloc,reallocate_zeroed,65536,256,1,basic,no,7,8192,4248.95
3,standard,batch,65536,256,1,basic,no,7,8192,253.247
3,mimalloc,batch,65536,256,1,basic,no,7,8192,115.93
3,jemalloc,batch,65536,256,1,basic,no,7,8192,589.978
3,standard,mixed_lifetime,65536,256,1,basic,no,7,8192,391.052
3,mimalloc,mixed_lifetime,65536,256,1,basic,no,7,8192,46.6064
3,jemalloc,mixed_lifetime,65536,256,1,basic,no,7,8192,303.613
3,standard,owned_block,65536,256,1,basic,no,7,8192,1712.56
3,mimalloc,owned_block,65536,256,1,basic,no,7,8192,2290.05
3,jemalloc,owned_block,65536,256,1,basic,no,7,8192,3425.52
