trial,backend,workload,bytes,alignment,threads,statistics,heap,repetitions,operations,median_ns_per_operation
1,standard,raw,64,16,1,disabled,no,7,8192,26.3074
1,mimalloc,raw,64,16,1,disabled,no,7,8192,12.5856
1,jemalloc,raw,64,16,1,disabled,no,7,8192,27.6919
1,standard,zeroed,64,16,1,disabled,no,7,8192,28.8768
1,mimalloc,zeroed,64,16,1,disabled,no,7,8192,40.8718
1,jemalloc,zeroed,64,16,1,disabled,no,7,8192,27.0143
1,standard,reallocate,64,16,1,disabled,no,7,8192,51.2622
1,mimalloc,reallocate,64,16,1,disabled,no,7,8192,28.5577
1,jemalloc,reallocate,64,16,1,disabled,no,7,8192,62.5895
1,standard,reallocate_zeroed,64,16,1,disabled,no,7,8192,68.0719
1,mimalloc,reallocate_zeroed,64,16,1,disabled,no,7,8192,53.9442
1,jemalloc,reallocate_zeroed,64,16,1,disabled,no,7,8192,87.8794
1,standard,batch,64,16,1,disabled,no,7,8192,24.4877
1,mimalloc,batch,64,16,1,disabled,no,7,8192,10.668
1,jemalloc,batch,64,16,1,disabled,no,7,8192,24.5989
1,standard,mixed_lifetime,64,16,1,disabled,no,7,8192,22.1517
1,mimalloc,mixed_lifetime,64,16,1,disabled,no,7,8192,11.5913
1,jemalloc,mixed_lifetime,64,16,1,disabled,no,7,8192,19.8196
1,standard,owned_block,64,16,1,disabled,no,7,8192,55.5292
1,mimalloc,owned_block,64,16,1,disabled,no,7,8192,33.2086
1,jemalloc,owned_block,64,16,1,disabled,no,7,8192,75.4343
1,standard,typed_raw,64,1,1,disabled,no,7,8192,19.7327
1,mimalloc,typed_raw,64,1,1,disabled,no,7,8192,10.1886
1,jemalloc,typed_raw,64,1,1,disabled,no,7,8192,20.4054
1,standard,create_destroy,64,1,1,disabled,no,7,8192,19.4244
1,mimalloc,create_destroy,64,1,1,disabled,no,7,8192,9.87305
1,jemalloc,create_destroy,64,1,1,disabled,no,7,8192,20.0984
1,standard,object,64,1,1,disabled,no,7,8192,19.4233
1,mimalloc,object,64,1,1,disabled,no,7,8192,9.86816
1,jemalloc,object,64,1,1,disabled,no,7,8192,20.0996
1,standard,shared_object,64,1,1,disabled,no,7,8192,21.2957
1,mimalloc,shared_object,64,1,1,disabled,no,7,8192,13.7646
1,jemalloc,shared_object,64,1,1,disabled,no,7,8192,26.0225
1,standard,array,64,1,1,disabled,no,7,8192,22.2153
1,mimalloc,array,64,1,1,disabled,no,7,8192,12.6345
1,jemalloc,array,64,1,1,disabled,no,7,8192,22.8881
1,standard,std_vector,256,8,1,disabled,no,7,8192,149.396
1,mimalloc,std_vector,256,8,1,disabled,no,7,8192,91.7158
1,jemalloc,std_vector,256,8,1,disabled,no,7,8192,175.315
1,standard,pmr_vector,256,8,1,disabled,no,7,8192,152.526
1,mimalloc,pmr_vector,256,8,1,disabled,no,7,8192,99.0414
1,jemalloc,pmr_vector,256,8,1,disabled,no,7,8192,180.542
1,mimalloc,raw,64,16,1,disabled,yes,7,8192,11.7662
1,jemalloc,raw,64,16,1,disabled,yes,7,8192,204.935
1,mimalloc,zeroed,64,16,1,disabled,yes,7,8192,37.4341
1,jemalloc,zeroed,64,16,1,disabled,yes,7,8192,206.661
1,mimalloc,reallocate,64,16,1,disabled,yes,7,8192,29.6266
1,jemalloc,reallocate,64,16,1,disabled,yes,7,8192,459.822
1,mimalloc,reallocate_zeroed,64,16,1,disabled,yes,7,8192,31.3743
1,jemalloc,reallocate_zeroed,64,16,1,disabled,yes,7,8192,468.475
1,mimalloc,batch,64,16,1,disabled,yes,7,8192,10.6606
1,jemalloc,batch,64,16,1,disabled,yes,7,8192,56.949
1,mimalloc,mixed_lifetime,64,16,1,disabled,yes,7,8192,11.6648
1,jemalloc,mixed_lifetime,64,16,1,disabled,yes,7,8192,36.5767
1,mimalloc,owned_block,64,16,1,disabled,yes,7,8192,34.2861
1,jemalloc,owned_block,64,16,1,disabled,yes,7,8192,472.981
1,mimalloc,typed_raw,64,1,1,disabled,yes,7,8192,10.1875
1,jemalloc,typed_raw,64,1,1,disabled,yes,7,8192,195.599
1,mimalloc,create_destroy,64,1,1,disabled,yes,7,8192,9.90002
1,jemalloc,create_destroy,64,1,1,disabled,yes,7,8192,193.65
1,mimalloc,object,64,1,1,disabled,yes,7,8192,9.88281
1,jemalloc,object,64,1,1,disabled,yes,7,8192,198.098
1,mimalloc,shared_object,64,1,1,disabled,yes,7,8192,12.851
1,jemalloc,shared_object,64,1,1,disabled,yes,7,8192,224.439
1,mimalloc,array,64,1,1,disabled,yes,7,8192,13.5702
1,jemalloc,array,64,1,1,disabled,yes,7,8192,197.649
1,mimalloc,std_vector,256,8,1,disabled,yes,7,8192,100.227
1,jemalloc,std_vector,256,8,1,disabled,yes,7,8192,1280.55
1,mimalloc,pmr_vector,256,8,1,disabled,yes,7,8192,97.7976
1,jemalloc,pmr_vector,256,8,1,disabled,yes,7,8192,1299.69
1,mimalloc,raw,64,16,1,basic,yes,7,8192,14.5791
1,jemalloc,raw,64,16,1,basic,yes,7,8192,217.098
1,mimalloc,zeroed,64,16,1,basic,yes,7,8192,42.5363
1,jemalloc,zeroed,64,16,1,basic,yes,7,8192,216.879
1,mimalloc,reallocate,64,16,1,basic,yes,7,8192,35.843
1,jemalloc,reallocate,64,16,1,basic,yes,7,8192,475.142
1,mimalloc,reallocate_zeroed,64,16,1,basic,yes,7,8192,39.9277
1,jemalloc,reallocate_zeroed,64,16,1,basic,yes,7,8192,476.773
1,mimalloc,batch,64,16,1,basic,yes,7,8192,13.6777
1,jemalloc,batch,64,16,1,basic,yes,7,8192,60.7404
1,mimalloc,mixed_lifetime,64,16,1,basic,yes,7,8192,13.8281
1,jemalloc,mixed_lifetime,64,16,1,basic,yes,7,8192,38.1691
1,mimalloc,owned_block,64,16,1,basic,yes,7,8192,41.6753
1,jemalloc,owned_block,64,16,1,basic,yes,7,8192,487.469
1,mimalloc,typed_raw,64,1,1,basic,yes,7,8192,13.0295
1,jemalloc,typed_raw,64,1,1,basic,yes,7,8192,210.898
1,mimalloc,create_destroy,64,1,1,basic,yes,7,8192,12.7178
1,jemalloc,create_destroy,64,1,1,basic,yes,7,8192,209.288
1,mimalloc,object,64,1,1,basic,yes,7,8192,12.741
1,jemalloc,object,64,1,1,basic,yes,7,8192,212.831
1,mimalloc,shared_object,64,1,1,basic,yes,7,8192,15.6406
1,jemalloc,shared_object,64,1,1,basic,yes,7,8192,237.008
1,mimalloc,array,64,1,1,basic,yes,7,8192,15.4388
1,jemalloc,array,64,1,1,basic,yes,7,8192,213.78
1,mimalloc,std_vector,256,8,1,basic,yes,7,8192,109.98
1,jemalloc,std_vector,256,8,1,basic,yes,7,8192,1349.69
1,mimalloc,pmr_vector,256,8,1,basic,yes,7,8192,112.994
1,jemalloc,pmr_vector,256,8,1,basic,yes,7,8192,1350.26
1,standard,raw,64,64,1,disabled,no,7,8192,23.8345
1,mimalloc,raw,64,64,1,disabled,no,7,8192,11.7772
1,jemalloc,raw,64,64,1,disabled,no,7,8192,23.2867
1,standard,zeroed,64,64,1,disabled,no,7,8192,27.1354
1,mimalloc,zeroed,64,64,1,disabled,no,7,8192,38.9457
1,jemalloc,zeroed,64,64,1,disabled,no,7,8192,25.0857
1,standard,reallocate,64,64,1,disabled,no,7,8192,87.8904
1,mimalloc,reallocate,64,64,1,disabled,no,7,8192,28.2568
1,jemalloc,reallocate,64,64,1,disabled,no,7,8192,61.3848
1,standard,reallocate_zeroed,64,64,1,disabled,no,7,8192,91.207
1,mimalloc,reallocate_zeroed,64,64,1,disabled,no,7,8192,30.8826
1,jemalloc,reallocate_zeroed,64,64,1,disabled,no,7,8192,66.0321
1,standard,batch,64,64,1,disabled,no,7,8192,78.6666
1,mimalloc,batch,64,64,1,disabled,no,7,8192,11.6023
1,jemalloc,batch,64,64,1,disabled,no,7,8192,24.83
1,standard,mixed_lifetime,64,64,1,disabled,no,7,8192,42.293
1,mimalloc,mixed_lifetime,64,64,1,disabled,no,7,8192,12.056
1,jemalloc,mixed_lifetime,64,64,1,disabled,no,7,8192,19.2911
1,standard,owned_block,64,64,1,disabled,no,7,8192,80.9658
1,mimalloc,owned_block,64,64,1,disabled,no,7,8192,33.3174
1,jemalloc,owned_block,64,64,1,disabled,no,7,8192,75.6593
1,mimalloc,raw,64,64,1,disabled,yes,7,8192,12.6907
1,jemalloc,raw,64,64,1,disabled,yes,7,8192,202.799
1,mimalloc,zeroed,64,64,1,disabled,yes,7,8192,37.4207
1,jemalloc,zeroed,64,64,1,disabled,yes,7,8192,205.029
1,mimalloc,reallocate,64,64,1,disabled,yes,7,8192,29.4297
1,jemalloc,reallocate,64,64,1,disabled,yes,7,8192,458.958
1,mimalloc,reallocate_zeroed,64,64,1,disabled,yes,7,8192,31.3816
1,jemalloc,reallocate_zeroed,64,64,1,disabled,yes,7,8192,464.957
1,mimalloc,batch,64,64,1,disabled,yes,7,8192,11.5925
1,jemalloc,batch,64,64,1,disabled,yes,7,8192,55.2736
1,mimalloc,mixed_lifetime,64,64,1,disabled,yes,7,8192,11.7711
1,jemalloc,mixed_lifetime,64,64,1,disabled,yes,7,8192,36.37
1,mimalloc,owned_block,64,64,1,disabled,yes,7,8192,34.1565
1,jemalloc,owned_block,64,64,1,disabled,yes,7,8192,473.933
1,mimalloc,raw,64,64,1,basic,yes,7,8192,17.9435
1,jemalloc,raw,64,64,1,basic,yes,7,8192,217.542
1,mimalloc,zeroed,64,64,1,basic,yes,7,8192,43.1453
1,jemalloc,zeroed,64,64,1,basic,yes,7,8192,215.921
1,mimalloc,reallocate,64,64,1,basic,yes,7,8192,35.8258
1,jemalloc,reallocate,64,64,1,basic,yes,7,8192,472.185
1,mimalloc,reallocate_zeroed,64,64,1,basic,yes,7,8192,38.5629
1,jemalloc,reallocate_zeroed,64,64,1,basic,yes,7,8192,479.29
1,mimalloc,batch,64,64,1,basic,yes,7,8192,15.9402
1,jemalloc,batch,64,64,1,basic,yes,7,8192,62.1626
1,mimalloc,mixed_lifetime,64,64,1,basic,yes,7,8192,14.8396
1,jemalloc,mixed_lifetime,64,64,1,basic,yes,7,8192,38.3403
1,mimalloc,owned_block,64,64,1,basic,yes,7,8192,41.9811
1,jemalloc,owned_block,64,64,1,basic,yes,7,8192,488.471
1,standard,raw,64,256,1,disabled,no,7,8192,23.7391
1,mimalloc,raw,64,256,1,disabled,no,7,8192,16.361
1,jemalloc,raw,64,256,1,disabled,no,7,8192,23.4884
1,standard,zeroed,64,256,1,disabled,no,7,8192,26.8468
1,mimalloc,zeroed,64,256,1,disabled,no,7,8192,20.2721
1,jemalloc,zeroed,64,256,1,disabled,no,7,8192,26.0702
1,standard,reallocate,64,256,1,disabled,no,7,8192,92.6978
1,mimalloc,reallocate,64,256,1,disabled,no,7,8192,28.7815
1,jemalloc,reallocate,64,256,1,disabled,no,7,8192,54.6902
1,standard,reallocate_zeroed,64,256,1,disabled,no,7,8192,96.6493
1,mimalloc,reallocate_zeroed,64,256,1,disabled,no,7,8192,33.1194
1,jemalloc,reallocate_zeroed,64,256,1,disabled,no,7,8192,57.1068
1,standard,batch,64,256,1,disabled,no,7,8192,81.0294
1,mimalloc,batch,64,256,1,disabled,no,7,8192,17.3857
1,jemalloc,batch,64,256,1,disabled,no,7,8192,37.7913
1,standard,mixed_lifetime,64,256,1,disabled,no,7,8192,50.4954
1,mimalloc,mixed_lifetime,64,256,1,disabled,no,7,8192,16.6827
1,jemalloc,mixed_lifetime,64,256,1,disabled,no,7,8192,20.0885
1,standard,owned_block,64,256,1,disabled,no,7,8192,99.1356
1,mimalloc,owned_block,64,256,1,disabled,no,7,8192,36.4471
1,jemalloc,owned_block,64,256,1,disabled,no,7,8192,70.2635
1,mimalloc,raw,64,256,1,disabled,yes,7,8192,18.9121
1,jemalloc,raw,64,256,1,disabled,yes,7,8192,206.202
1,mimalloc,zeroed,64,256,1,disabled,yes,7,8192,22.4918
1,jemalloc,zeroed,64,256,1,disabled,yes,7,8192,205.783
1,mimalloc,reallocate,64,256,1,disabled,yes,7,8192,32.6339
1,jemalloc,reallocate,64,256,1,disabled,yes,7,8192,258.779
1,mimalloc,reallocate_zeroed,64,256,1,disabled,yes,7,8192,38.5298
1,jemalloc,reallocate_zeroed,64,256,1,disabled,yes,7,8192,262.322
1,mimalloc,batch,64,256,1,disabled,yes,7,8192,18.8339
1,jemalloc,batch,64,256,1,disabled,yes,7,8192,67.0239
1,mimalloc,mixed_lifetime,64,256,1,disabled,yes,7,8192,16.1383
1,jemalloc,mixed_lifetime,64,256,1,disabled,yes,7,8192,43.0048
1,mimalloc,owned_block,64,256,1,disabled,yes,7,8192,38.075
1,jemalloc,owned_block,64,256,1,disabled,yes,7,8192,272.334
1,mimalloc,raw,64,256,1,basic,yes,7,8192,24.1586
1,jemalloc,raw,64,256,1,basic,yes,7,8192,216.906
1,mimalloc,zeroed,64,256,1,basic,yes,7,8192,26.4443
1,jemalloc,zeroed,64,256,1,basic,yes,7,8192,217.942
1,mimalloc,reallocate,64,256,1,basic,yes,7,8192,41.5151
1,jemalloc,reallocate,64,256,1,basic,yes,7,8192,266.801
1,mimalloc,reallocate_zeroed,64,256,1,basic,yes,7,8192,45.5521
1,jemalloc,reallocate_zeroed,64,256,1,basic,yes,7,8192,272.681
1,mimalloc,batch,64,256,1,basic,yes,7,8192,21.5807
1,jemalloc,batch,64,256,1,basic,yes,7,8192,71.5955
1,mimalloc,mixed_lifetime,64,256,1,basic,yes,7,8192,18.8828
1,jemalloc,mixed_lifetime,64,256,1,basic,yes,7,8192,46.4535
1,mimalloc,owned_block,64,256,1,basic,yes,7,8192,46.2333
1,jemalloc,owned_block,64,256,1,basic,yes,7,8192,281.596
1,standard,raw,256,16,1,disabled,no,7,8192,22.6018
1,mimalloc,raw,256,16,1,disabled,no,7,8192,11.0068
1,jemalloc,raw,256,16,1,disabled,no,7,8192,23.3993
1,standard,zeroed,256,16,1,disabled,no,7,8192,26.2305
1,mimalloc,zeroed,256,16,1,disabled,no,7,8192,13.8196
1,jemalloc,zeroed,256,16,1,disabled,no,7,8192,26.0212
1,standard,reallocate,256,16,1,disabled,no,7,8192,50.5834
1,mimalloc,reallocate,256,16,1,disabled,no,7,8192,28.8854
1,jemalloc,reallocate,256,16,1,disabled,no,7,8192,64.4214
1,standard,reallocate_zeroed,256,16,1,disabled,no,7,8192,56.647
1,mimalloc,reallocate_zeroed,256,16,1,disabled,no,7,8192,33.6979
1,jemalloc,reallocate_zeroed,256,16,1,disabled,no,7,8192,69.7035
1,standard,batch,256,16,1,disabled,no,7,8192,41.7279
1,mimalloc,batch,256,16,1,disabled,no,7,8192,11.3921
1,jemalloc,batch,256,16,1,disabled,no,7,8192,37.703
1,standard,mixed_lifetime,256,16,1,disabled,no,7,8192,22.5211
1,mimalloc,mixed_lifetime,256,16,1,disabled,no,7,8192,12.4976
1,jemalloc,mixed_lifetime,256,16,1,disabled,no,7,8192,20.2109
1,standard,owned_block,256,16,1,disabled,no,7,8192,56.1578
1,mimalloc,owned_block,256,16,1,disabled,no,7,8192,32.651
1,jemalloc,owned_block,256,16,1,disabled,no,7,8192,69.8466
1,standard,typed_raw,256,1,1,disabled,no,7,8192,19.4282
1,mimalloc,typed_raw,256,1,1,disabled,no,7,8192,10.5066
1,jemalloc,typed_raw,256,1,1,disabled,no,7,8192,19.6532
1,standard,array,256,1,1,disabled,no,7,8192,22.5236
1,mimalloc,array,256,1,1,disabled,no,7,8192,13.5763
1,jemalloc,array,256,1,1,disabled,no,7,8192,22.7535
1,mimalloc,raw,256,16,1,disabled,yes,7,8192,13.3195
1,jemalloc,raw,256,16,1,disabled,yes,7,8192,204.009
1,mimalloc,zeroed,256,16,1,disabled,yes,7,8192,16.0088
1,jemalloc,zeroed,256,16,1,disabled,yes,7,8192,207.375
1,mimalloc,reallocate,256,16,1,disabled,yes,7,8192,31.0807
1,jemalloc,reallocate,256,16,1,disabled,yes,7,8192,470.587
1,mimalloc,reallocate_zeroed,256,16,1,disabled,yes,7,8192,36.4716
1,jemalloc,reallocate_zeroed,256,16,1,disabled,yes,7,8192,477.963
1,mimalloc,batch,256,16,1,disabled,yes,7,8192,12.7727
1,jemalloc,batch,256,16,1,disabled,yes,7,8192,65.176
1,mimalloc,mixed_lifetime,256,16,1,disabled,yes,7,8192,13.7755
1,jemalloc,mixed_lifetime,256,16,1,disabled,yes,7,8192,45.8445
1,mimalloc,owned_block,256,16,1,disabled,yes,7,8192,37.2739
1,jemalloc,owned_block,256,16,1,disabled,yes,7,8192,483.123
1,mimalloc,typed_raw,256,1,1,disabled,yes,7,8192,11.4716
1,jemalloc,typed_raw,256,1,1,disabled,yes,7,8192,195.418
1,mimalloc,array,256,1,1,disabled,yes,7,8192,15.083
1,jemalloc,array,256,1,1,disabled,yes,7,8192,197.528
1,mimalloc,raw,256,16,1,basic,yes,7,8192,18.5586
1,jemalloc,raw,256,16,1,basic,yes,7,8192,218.477
1,mimalloc,zeroed,256,16,1,basic,yes,7,8192,21.5586
1,jemalloc,zeroed,256,16,1,basic,yes,7,8192,217.724
1,mimalloc,reallocate,256,16,1,basic,yes,7,8192,36.3762
1,jemalloc,reallocate,256,16,1,basic,yes,7,8192,479.636
1,mimalloc,reallocate_zeroed,256,16,1,basic,yes,7,8192,41.9187
1,jemalloc,reallocate_zeroed,256,16,1,basic,yes,7,8192,484.386
1,mimalloc,batch,256,16,1,basic,yes,7,8192,14.7649
1,jemalloc,batch,256,16,1,basic,yes,7,8192,71.3594
1,mimalloc,mixed_lifetime,256,16,1,basic,yes,7,8192,16.257
1,jemalloc,mixed_lifetime,256,16,1,basic,yes,7,8192,47.7217
1,mimalloc,owned_block,256,16,1,basic,yes,7,8192,43.769
1,jemalloc,owned_block,256,16,1,basic,yes,7,8192,486.964
1,mimalloc,typed_raw,256,1,1,basic,yes,7,8192,16.0918
1,jemalloc,typed_raw,256,1,1,basic,yes,7,8192,209.782
1,mimalloc,array,256,1,1,basic,yes,7,8192,19.7535
1,jemalloc,array,256,1,1,basic,yes,7,8192,215.597
1,standard,raw,256,64,1,disabled,no,7,8192,22.8146
1,mimalloc,raw,256,64,1,disabled,no,7,8192,12.0549
1,jemalloc,raw,256,64,1,disabled,no,7,8192,23.4946
1,standard,zeroed,256,64,1,disabled,no,7,8192,26.5349
1,mimalloc,zeroed,256,64,1,disabled,no,7,8192,14.7467
1,jemalloc,zeroed,256,64,1,disabled,no,7,8192,26.2927
1,standard,reallocate,256,64,1,disabled,no,7,8192,51.2134
1,mimalloc,reallocate,256,64,1,disabled,no,7,8192,27.2258
1,jemalloc,reallocate,256,64,1,disabled,no,7,8192,64.2147
1,standard,reallocate_zeroed,256,64,1,disabled,no,7,8192,56.1602
1,mimalloc,reallocate_zeroed,256,64,1,disabled,no,7,8192,32.958
1,jemalloc,reallocate_zeroed,256,64,1,disabled,no,7,8192,70.2404
1,standard,batch,256,64,1,disabled,no,7,8192,80.9596
1,mimalloc,batch,256,64,1,disabled,no,7,8192,12.2457
1,jemalloc,batch,256,64,1,disabled,no,7,8192,37.5503
1,standard,mixed_lifetime,256,64,1,disabled,no,7,8192,40.1172
1,mimalloc,mixed_lifetime,256,64,1,disabled,no,7,8192,14.2893
1,jemalloc,mixed_lifetime,256,64,1,disabled,no,7,8192,21.8938
1,standard,owned_block,256,64,1,disabled,no,7,8192,57.9592
1,mimalloc,owned_block,256,64,1,disabled,no,7,8192,32.6144
1,jemalloc,owned_block,256,64,1,disabled,no,7,8192,70.1816
1,mimalloc,raw,256,64,1,disabled,yes,7,8192,12.3972
1,jemalloc,raw,256,64,1,disabled,yes,7,8192,203.856
1,mimalloc,zeroed,256,64,1,disabled,yes,7,8192,16.937
1,jemalloc,zeroed,256,64,1,disabled,yes,7,8192,207.344
1,mimalloc,reallocate,256,64,1,disabled,yes,7,8192,29.7477
1,jemalloc,reallocate,256,64,1,disabled,yes,7,8192,470.062
1,mimalloc,reallocate_zeroed,256,64,1,disabled,yes,7,8192,35.2241
1,jemalloc,reallocate_zeroed,256,64,1,disabled,yes,7,8192,476.804
1,mimalloc,batch,256,64,1,disabled,yes,7,8192,11.6036
1,jemalloc,batch,256,64,1,disabled,yes,7,8192,66.9286
1,mimalloc,mixed_lifetime,256,64,1,disabled,yes,7,8192,13.186
1,jemalloc,mixed_lifetime,256,64,1,disabled,yes,7,8192,45.9008
1,mimalloc,owned_block,256,64,1,disabled,yes,7,8192,35.267
1,jemalloc,owned_block,256,64,1,disabled,yes,7,8192,481.977
1,mimalloc,raw,256,64,1,basic,yes,7,8192,18.7091
1,jemalloc,raw,256,64,1,basic,yes,7,8192,216.857
1,mimalloc,zeroed,256,64,1,basic,yes,7,8192,20.6659
1,jemalloc,zeroed,256,64,1,basic,yes,7,8192,220.63
1,mimalloc,reallocate,256,64,1,basic,yes,7,8192,37.642
1,jemalloc,reallocate,256,64,1,basic,yes,7,8192,476.505
1,mimalloc,reallocate_zeroed,256,64,1,basic,yes,7,8192,43.6577
1,jemalloc,reallocate_zeroed,256,64,1,basic,yes,7,8192,487.229
1,mimalloc,batch,256,64,1,basic,yes,7,8192,13.7548
1,jemalloc,batch,256,64,1,basic,yes,7,8192,69.7819
1,mimalloc,mixed_lifetime,256,64,1,basic,yes,7,8192,15.2944
1,jemalloc,mixed_lifetime,256,64,1,basic,yes,7,8192,49.4131
1,mimalloc,owned_block,256,64,1,basic,yes,7,8192,42.3688
1,jemalloc,owned_block,256,64,1,basic,yes,7,8192,485.968
1,standard,raw,256,256,1,disabled,no,7,8192,56.433
1,mimalloc,raw,256,256,1,disabled,no,7,8192,12.05
1,jemalloc,raw,256,256,1,disabled,no,7,8192,24.7762
1,standard,zeroed,256,256,1,disabled,no,7,8192,58.5402
1,mimalloc,zeroed,256,256,1,disabled,no,7,8192,13.8771
1,jemalloc,zeroed,256,256,1,disabled,no,7,8192,26.579
1,standard,reallocate,256,256,1,disabled,no,7,8192,120.907
1,mimalloc,reallocate,256,256,1,disabled,no,7,8192,28.1627
1,jemalloc,reallocate,256,256,1,disabled,no,7,8192,63.7793
1,standard,reallocate_zeroed,256,256,1,disabled,no,7,8192,123.478
1,mimalloc,reallocate_zeroed,256,256,1,disabled,no,7,8192,32.9004
1,jemalloc,reallocate_zeroed,256,256,1,disabled,no,7,8192,71.319
1,standard,batch,256,256,1,disabled,no,7,8192,82.0923
1,mimalloc,batch,256,256,1,disabled,no,7,8192,12.2482
1,jemalloc,batch,256,256,1,disabled,no,7,8192,38.0957
1,standard,mixed_lifetime,256,256,1,disabled,no,7,8192,63.3062
1,mimalloc,mixed_lifetime,256,256,1,disabled,no,7,8192,14.1559
1,jemalloc,mixed_lifetime,256,256,1,disabled,no,7,8192,20.8884
1,standard,owned_block,256,256,1,disabled,no,7,8192,130.588
1,mimalloc,owned_block,256,256,1,disabled,no,7,8192,33.8446
1,jemalloc,owned_block,256,256,1,disabled,no,7,8192,69.1691
1,mimalloc,raw,256,256,1,disabled,yes,7,8192,13.6006
1,jemalloc,raw,256,256,1,disabled,yes,7,8192,204.596
1,mimalloc,zeroed,256,256,1,disabled,yes,7,8192,16.9309
1,jemalloc,zeroed,256,256,1,disabled,yes,7,8192,207.332
1,mimalloc,reallocate,256,256,1,disabled,yes,7,8192,30.0742
1,jemalloc,reallocate,256,256,1,disabled,yes,7,8192,470.209
1,mimalloc,reallocate_zeroed,256,256,1,disabled,yes,7,8192,35.6913
1,jemalloc,reallocate_zeroed,256,256,1,disabled,yes,7,8192,477.578
1,mimalloc,batch,256,256,1,disabled,yes,7,8192,12.5453
1,jemalloc,batch,256,256,1,disabled,yes,7,8192,66.4614
1,mimalloc,mixed_lifetime,256,256,1,disabled,yes,7,8192,14.3688
1,jemalloc,mixed_lifetime,256,256,1,disabled,yes,7,8192,47.3254
1,mimalloc,owned_block,256,256,1,disabled,yes,7,8192,36.2502
1,jemalloc,owned_block,256,256,1,disabled,yes,7,8192,481.661
1,mimalloc,raw,256,256,1,basic,yes,7,8192,17.7283
1,jemalloc,raw,256,256,1,basic,yes,7,8192,216.772
1,mimalloc,zeroed,256,256,1,basic,yes,7,8192,20.4714
1,jemalloc,zeroed,256,256,1,basic,yes,7,8192,218.522
1,mimalloc,reallocate,256,256,1,basic,yes,7,8192,39.0692
1,jemalloc,reallocate,256,256,1,basic,yes,7,8192,480.368
1,mimalloc,reallocate_zeroed,256,256,1,basic,yes,7,8192,44.5652
1,jemalloc,reallocate_zeroed,256,256,1,basic,yes,7,8192,487.233
1,mimalloc,batch,256,256,1,basic,yes,7,8192,17.8323
1,jemalloc,batch,256,256,1,basic,yes,7,8192,70.3529
1,mimalloc,mixed_lifetime,256,256,1,basic,yes,7,8192,18.6589
1,jemalloc,mixed_lifetime,256,256,1,basic,yes,7,8192,48.9655
1,mimalloc,owned_block,256,256,1,basic,yes,7,8192,46.3556
1,jemalloc,owned_block,256,256,1,basic,yes,7,8192,487.313
1,standard,raw,4096,16,1,disabled,no,7,8192,44.1433
1,mimalloc,raw,4096,16,1,disabled,no,7,8192,26.9213
1,jemalloc,raw,4096,16,1,disabled,no,7,8192,26.7771
1,standard,zeroed,4096,16,1,disabled,no,7,8192,120.144
1,mimalloc,zeroed,4096,16,1,disabled,no,7,8192,88.3881
1,jemalloc,zeroed,4096,16,1,disabled,no,7,8192,94.0321
1,standard,reallocate,4096,16,1,disabled,no,7,8192,155.753
1,mimalloc,reallocate,4096,16,1,disabled,no,7,8192,106.945
1,jemalloc,reallocate,4096,16,1,disabled,no,7,8192,135.651
1,standard,reallocate_zeroed,4096,16,1,disabled,no,7,8192,220.101
1,mimalloc,reallocate_zeroed,4096,16,1,disabled,no,7,8192,170.094
1,jemalloc,reallocate_zeroed,4096,16,1,disabled,no,7,8192,203.04
1,standard,batch,4096,16,1,disabled,no,7,8192,670.98
1,mimalloc,batch,4096,16,1,disabled,no,7,8192,51.8591
1,jemalloc,batch,4096,16,1,disabled,no,7,8192,181.515
1,standard,mixed_lifetime,4096,16,1,disabled,no,7,8192,141.536
1,mimalloc,mixed_lifetime,4096,16,1,disabled,no,7,8192,29.9092
1,jemalloc,mixed_lifetime,4096,16,1,disabled,no,7,8192,86.7749
1,standard,owned_block,4096,16,1,disabled,no,7,8192,162.107
1,mimalloc,owned_block,4096,16,1,disabled,no,7,8192,135.352
1,jemalloc,owned_block,4096,16,1,disabled,no,7,8192,144.906
1,standard,typed_raw,4096,1,1,disabled,no,7,8192,38.547
1,mimalloc,typed_raw,4096,1,1,disabled,no,7,8192,22.2618
1,jemalloc,typed_raw,4096,1,1,disabled,no,7,8192,23.8309
1,standard,array,4096,1,1,disabled,no,7,8192,115.8
1,mimalloc,array,4096,1,1,disabled,no,7,8192,85.0139
1,jemalloc,array,4096,1,1,disabled,no,7,8192,83.7286
1,mimalloc,raw,4096,16,1,disabled,yes,7,8192,26.9298
1,jemalloc,raw,4096,16,1,disabled,yes,7,8192,213.867
1,mimalloc,zeroed,4096,16,1,disabled,yes,7,8192,90.8193
1,jemalloc,zeroed,4096,16,1,disabled,yes,7,8192,274.503
1,mimalloc,reallocate,4096,16,1,disabled,yes,7,8192,108.936
1,jemalloc,reallocate,4096,16,1,disabled,yes,7,8192,543.841
1,mimalloc,reallocate_zeroed,4096,16,1,disabled,yes,7,8192,172.821
1,jemalloc,reallocate_zeroed,4096,16,1,disabled,yes,7,8192,604.826
1,mimalloc,batch,4096,16,1,disabled,yes,7,8192,52.6246
1,jemalloc,batch,4096,16,1,disabled,yes,7,8192,230.723
1,mimalloc,mixed_lifetime,4096,16,1,disabled,yes,7,8192,30.3921
1,jemalloc,mixed_lifetime,4096,16,1,disabled,yes,7,8192,190.341
1,mimalloc,owned_block,4096,16,1,disabled,yes,7,8192,112.715
1,jemalloc,owned_block,4096,16,1,disabled,yes,7,8192,545.008
1,mimalloc,typed_raw,4096,1,1,disabled,yes,7,8192,21.1012
1,jemalloc,typed_raw,4096,1,1,disabled,yes,7,8192,204.534
1,mimalloc,array,4096,1,1,disabled,yes,7,8192,83.0033
1,jemalloc,array,4096,1,1,disabled,yes,7,8192,261.998
1,mimalloc,raw,4096,16,1,basic,yes,7,8192,31.2593
1,jemalloc,raw,4096,16,1,basic,yes,7,8192,225.809
1,mimalloc,zeroed,4096,16,1,basic,yes,7,8192,95.5057
1,jemalloc,zeroed,4096,16,1,basic,yes,7,8192,282.877
1,mimalloc,reallocate,4096,16,1,basic,yes,7,8192,115.711
1,jemalloc,reallocate,4096,16,1,basic,yes,7,8192,554.272
1,mimalloc,reallocate_zeroed,4096,16,1,basic,yes,7,8192,178.853
1,jemalloc,reallocate_zeroed,4096,16,1,basic,yes,7,8192,613.805
1,mimalloc,batch,4096,16,1,basic,yes,7,8192,61.0961
1,jemalloc,batch,4096,16,1,basic,yes,7,8192,233.506
1,mimalloc,mixed_lifetime,4096,16,1,basic,yes,7,8192,32.3086
1,jemalloc,mixed_lifetime,4096,16,1,basic,yes,7,8192,194.595
1,mimalloc,owned_block,4096,16,1,basic,yes,7,8192,121.21
1,jemalloc,owned_block,4096,16,1,basic,yes,7,8192,558.283
1,mimalloc,typed_raw,4096,1,1,basic,yes,7,8192,23.3636
1,jemalloc,typed_raw,4096,1,1,basic,yes,7,8192,216.829
1,mimalloc,array,4096,1,1,basic,yes,7,8192,84.8855
1,jemalloc,array,4096,1,1,basic,yes,7,8192,279.576
1,standard,raw,4096,64,1,disabled,no,7,8192,66.1422
1,mimalloc,raw,4096,64,1,disabled,no,7,8192,27.5267
1,jemalloc,raw,4096,64,1,disabled,no,7,8192,27.1207
1,standard,zeroed,4096,64,1,disabled,no,7,8192,127.039
1,mimalloc,zeroed,4096,64,1,disabled,no,7,8192,91.1582
1,jemalloc,zeroed,4096,64,1,disabled,no,7,8192,92.6979
1,standard,reallocate,4096,64,1,disabled,no,7,8192,189.672
1,mimalloc,reallocate,4096,64,1,disabled,no,7,8192,108.809
1,jemalloc,reallocate,4096,64,1,disabled,no,7,8192,141.385
1,standard,reallocate_zeroed,4096,64,1,disabled,no,7,8192,250.361
1,mimalloc,reallocate_zeroed,4096,64,1,disabled,no,7,8192,172.207
1,jemalloc,reallocate_zeroed,4096,64,1,disabled,no,7,8192,208.559
1,standard,batch,4096,64,1,disabled,no,7,8192,740.037
1,mimalloc,batch,4096,64,1,disabled,no,7,8192,52.8276
1,jemalloc,batch,4096,64,1,disabled,no,7,8192,196.44
1,standard,mixed_lifetime,4096,64,1,disabled,no,7,8192,182.463
1,mimalloc,mixed_lifetime,4096,64,1,disabled,no,7,8192,30.4093
1,jemalloc,mixed_lifetime,4096,64,1,disabled,no,7,8192,84.2667
1,standard,owned_block,4096,64,1,disabled,no,7,8192,198.25
1,mimalloc,owned_block,4096,64,1,disabled,no,7,8192,135.363
1,jemalloc,owned_block,4096,64,1,disabled,no,7,8192,148.188
1,mimalloc,raw,4096,64,1,disabled,yes,7,8192,26.9409
1,jemalloc,raw,4096,64,1,disabled,yes,7,8192,212.148
1,mimalloc,zeroed,4096,64,1,disabled,yes,7,8192,92.1915
1,jemalloc,zeroed,4096,64,1,disabled,yes,7,8192,272.641
1,mimalloc,reallocate,4096,64,1,disabled,yes,7,8192,109.052
1,jemalloc,reallocate,4096,64,1,disabled,yes,7,8192,546.677
1,mimalloc,reallocate_zeroed,4096,64,1,disabled,yes,7,8192,172.045
1,jemalloc,reallocate_zeroed,4096,64,1,disabled,yes,7,8192,607.146
1,mimalloc,batch,4096,64,1,disabled,yes,7,8192,51.2231
1,jemalloc,batch,4096,64,1,disabled,yes,7,8192,229.283
1,mimalloc,mixed_lifetime,4096,64,1,disabled,yes,7,8192,29.7318
1,jemalloc,mixed_lifetime,4096,64,1,disabled,yes,7,8192,192.061
1,mimalloc,owned_block,4096,64,1,disabled,yes,7,8192,113.43
1,jemalloc,owned_block,4096,64,1,disabled,yes,7,8192,547.229
1,mimalloc,raw,4096,64,1,basic,yes,7,8192,32.1692
1,jemalloc,raw,4096,64,1,basic,yes,7,8192,224.73
1,mimalloc,zeroed,4096,64,1,basic,yes,7,8192,93.6016
1,jemalloc,zeroed,4096,64,1,basic,yes,7,8192,280.317
1,mimalloc,reallocate,4096,64,1,basic,yes,7,8192,116.205
1,jemalloc,reallocate,4096,64,1,basic,yes,7,8192,556.802
1,mimalloc,reallocate_zeroed,4096,64,1,basic,yes,7,8192,177.523
1,jemalloc,reallocate_zeroed,4096,64,1,basic,yes,7,8192,616.902
1,mimalloc,batch,4096,64,1,basic,yes,7,8192,61.4105
1,jemalloc,batch,4096,64,1,basic,yes,7,8192,233.395
1,mimalloc,mixed_lifetime,4096,64,1,basic,yes,7,8192,33.0497
1,jemalloc,mixed_lifetime,4096,64,1,basic,yes,7,8192,195.846
1,mimalloc,owned_block,4096,64,1,basic,yes,7,8192,121.616
1,jemalloc,owned_block,4096,64,1,basic,yes,7,8192,559.197
1,standard,raw,4096,256,1,disabled,no,7,8192,65.2054
1,mimalloc,raw,4096,256,1,disabled,no,7,8192,27.5719
1,jemalloc,raw,4096,256,1,disabled,no,7,8192,27.1195
1,standard,zeroed,4096,256,1,disabled,no,7,8192,126.413
1,mimalloc,zeroed,4096,256,1,disabled,no,7,8192,91.2731
1,jemalloc,zeroed,4096,256,1,disabled,no,7,8192,93
1,standard,reallocate,4096,256,1,disabled,no,7,8192,188.82
1,mimalloc,reallocate,4096,256,1,disabled,no,7,8192,108.709
1,jemalloc,reallocate,4096,256,1,disabled,no,7,8192,137.643
1,standard,reallocate_zeroed,4096,256,1,disabled,no,7,8192,250.545
1,mimalloc,reallocate_zeroed,4096,256,1,disabled,no,7,8192,170.803
1,jemalloc,reallocate_zeroed,4096,256,1,disabled,no,7,8192,201.799
1,standard,batch,4096,256,1,disabled,no,7,8192,797.396
1,mimalloc,batch,4096,256,1,disabled,no,7,8192,52.1439
1,jemalloc,batch,4096,256,1,disabled,no,7,8192,200.16
1,standard,mixed_lifetime,4096,256,1,disabled,no,7,8192,163.638
1,mimalloc,mixed_lifetime,4096,256,1,disabled,no,7,8192,30.0999
1,jemalloc,mixed_lifetime,4096,256,1,disabled,no,7,8192,86.6245
1,standard,owned_block,4096,256,1,disabled,no,7,8192,199.087
1,mimalloc,owned_block,4096,256,1,disabled,no,7,8192,133.896
1,jemalloc,owned_block,4096,256,1,disabled,no,7,8192,145.434
1,mimalloc,raw,4096,256,1,disabled,yes,7,8192,26.0334
1,jemalloc,raw,4096,256,1,disabled,yes,7,8192,212.5
1,mimalloc,zeroed,4096,256,1,disabled,yes,7,8192,92.2161
1,jemalloc,zeroed,4096,256,1,disabled,yes,7,8192,271.998
1,mimalloc,reallocate,4096,256,1,disabled,yes,7,8192,108.477
1,jemalloc,reallocate,4096,256,1,disabled,yes,7,8192,546.121
1,mimalloc,reallocate_zeroed,4096,256,1,disabled,yes,7,8192,173.344
1,jemalloc,reallocate_zeroed,4096,256,1,disabled,yes,7,8192,609.006
1,mimalloc,batch,4096,256,1,disabled,yes,7,8192,50.6984
1,jemalloc,batch,4096,256,1,disabled,yes,7,8192,231.082
1,mimalloc,mixed_lifetime,4096,256,1,disabled,yes,7,8192,29.5936
1,jemalloc,mixed_lifetime,4096,256,1,disabled,yes,7,8192,192.8
1,mimalloc,owned_block,4096,256,1,disabled,yes,7,8192,112.943
1,jemalloc,owned_block,4096,256,1,disabled,yes,7,8192,548.502
1,mimalloc,raw,4096,256,1,basic,yes,7,8192,30.0363
1,jemalloc,raw,4096,256,1,basic,yes,7,8192,226.165
1,mimalloc,zeroed,4096,256,1,basic,yes,7,8192,94.9138
1,jemalloc,zeroed,4096,256,1,basic,yes,7,8192,281.31
1,mimalloc,reallocate,4096,256,1,basic,yes,7,8192,115.634
1,jemalloc,reallocate,4096,256,1,basic,yes,7,8192,556.168
1,mimalloc,reallocate_zeroed,4096,256,1,basic,yes,7,8192,179.609
1,jemalloc,reallocate_zeroed,4096,256,1,basic,yes,7,8192,613.97
1,mimalloc,batch,4096,256,1,basic,yes,7,8192,59.2422
1,jemalloc,batch,4096,256,1,basic,yes,7,8192,232.878
1,mimalloc,mixed_lifetime,4096,256,1,basic,yes,7,8192,31.505
1,jemalloc,mixed_lifetime,4096,256,1,basic,yes,7,8192,197.486
1,mimalloc,owned_block,4096,256,1,basic,yes,7,8192,121.335
1,jemalloc,owned_block,4096,256,1,basic,yes,7,8192,559.559
1,standard,raw,65536,16,1,disabled,no,7,8192,36.6904
1,mimalloc,raw,65536,16,1,disabled,no,7,8192,28.1578
1,jemalloc,raw,65536,16,1,disabled,no,7,8192,393.663
1,standard,zeroed,65536,16,1,disabled,no,7,8192,778.599
1,mimalloc,zeroed,65536,16,1,disabled,no,7,8192,933.474
1,jemalloc,zeroed,65536,16,1,disabled,no,7,8192,1136.5
1,standard,reallocate,65536,16,1,disabled,no,7,8192,30841.6
1,mimalloc,reallocate,65536,16,1,disabled,no,7,8192,1734.2
1,jemalloc,reallocate,65536,16,1,disabled,no,7,8192,581.419
1,standard,reallocate_zeroed,65536,16,1,disabled,no,7,8192,59393.9
1,mimalloc,reallocate_zeroed,65536,16,1,disabled,no,7,8192,2486.29
1,jemalloc,reallocate_zeroed,65536,16,1,disabled,no,7,8192,1313.88
1,standard,batch,65536,16,1,disabled,no,7,8192,2253.61
1,mimalloc,batch,65536,16,1,disabled,no,7,8192,97.8784
1,jemalloc,batch,65536,16,1,disabled,no,7,8192,385.979
1,standard,mixed_lifetime,65536,16,1,disabled,no,7,8192,196.53
1,mimalloc,mixed_lifetime,65536,16,1,disabled,no,7,8192,40.7166
1,jemalloc,mixed_lifetime,65536,16,1,disabled,no,7,8192,269.745
1,standard,owned_block,65536,16,1,disabled,no,7,8192,21684.8
1,mimalloc,owned_block,65536,16,1,disabled,no,7,8192,2491.4
1,jemalloc,owned_block,65536,16,1,disabled,no,7,8192,721.46
1,standard,typed_raw,65536,1,1,disabled,no,7,8192,32.6803
1,mimalloc,typed_raw,65536,1,1,disabled,no,7,8192,21.5917
1,jemalloc,typed_raw,65536,1,1,disabled,no,7,8192,410.768
1,standard,array,65536,1,1,disabled,no,7,8192,770.449
1,mimalloc,array,65536,1,1,disabled,no,7,8192,764.466
1,jemalloc,array,65536,1,1,disabled,no,7,8192,1155.79
1,mimalloc,raw,65536,16,1,disabled,yes,7,8192,28.1688
1,jemalloc,raw,65536,16,1,disabled,yes,7,8192,394.376
1,mimalloc,zeroed,65536,16,1,disabled,yes,7,8192,934.687
1,jemalloc,zeroed,65536,16,1,disabled,yes,7,8192,1134.16
1,mimalloc,reallocate,65536,16,1,disabled,yes,7,8192,1719.14
1,jemalloc,reallocate,65536,16,1,disabled,yes,7,8192,729.622
1,mimalloc,reallocate_zeroed,65536,16,1,disabled,yes,7,8192,2499.18
1,jemalloc,reallocate_zeroed,65536,16,1,disabled,yes,7,8192,1473
1,mimalloc,batch,65536,16,1,disabled,yes,7,8192,100.516
1,jemalloc,batch,65536,16,1,disabled,yes,7,8192,413.889
1,mimalloc,mixed_lifetime,65536,16,1,disabled,yes,7,8192,39.9778
1,jemalloc,mixed_lifetime,65536,16,1,disabled,yes,7,8192,291.797
1,mimalloc,owned_block,65536,16,1,disabled,yes,7,8192,1728.03
1,jemalloc,owned_block,65536,16,1,disabled,yes,7,8192,746.854
1,mimalloc,typed_raw,65536,1,1,disabled,yes,7,8192,22.9283
1,jemalloc,typed_raw,65536,1,1,disabled,yes,7,8192,415.569
1,mimalloc,array,65536,1,1,disabled,yes,7,8192,759.033
1,jemalloc,array,65536,1,1,disabled,yes,7,8192,1156.26
1,mimalloc,raw,65536,16,1,basic,yes,7,8192,32.9091
1,jemalloc,raw,65536,16,1,basic,yes,7,8192,404.093
1,mimalloc,zeroed,65536,16,1,basic,yes,7,8192,943.629
1,jemalloc,zeroed,65536,16,1,basic,yes,7,8192,1146.29
1,mimalloc,reallocate,65536,16,1,basic,yes,7,8192,1738.45
1,jemalloc,reallocate,65536,16,1,basic,yes,7,8192,743.557
1,mimalloc,reallocate_zeroed,65536,16,1,basic,yes,7,8192,2503.27
1,jemalloc,reallocate_zeroed,65536,16,1,basic,yes,7,8192,1489.06
1,mimalloc,batch,65536,16,1,basic,yes,7,8192,107.061
1,jemalloc,batch,65536,16,1,basic,yes,7,8192,419.724
1,mimalloc,mixed_lifetime,65536,16,1,basic,yes,7,8192,43.6663
1,jemalloc,mixed_lifetime,65536,16,1,basic,yes,7,8192,307.161
1,mimalloc,owned_block,65536,16,1,basic,yes,7,8192,1744.74
1,jemalloc,owned_block,65536,16,1,basic,yes,7,8192,760.256
1,mimalloc,typed_raw,65536,1,1,basic,yes,7,8192,24.4741
1,jemalloc,typed_raw,65536,1,1,basic,yes,7,8192,421.339
1,mimalloc,array,65536,1,1,basic,yes,7,8192,759.344
1,jemalloc,array,65536,1,1,basic,yes,7,8192,1166.01
1,standard,raw,65536,64,1,disabled,no,7,8192,50.3914
1,mimalloc,raw,65536,64,1,disabled,no,7,8192,27.3763
1,jemalloc,raw,65536,64,1,disabled,no,7,8192,393.487
1,standard,zeroed,65536,64,1,disabled,no,7,8192,782.063
1,mimalloc,zeroed,65536,64,1,disabled,no,7,8192,933.286
1,jemalloc,zeroed,65536,64,1,disabled,no,7,8192,1135.3
1,standard,reallocate,65536,64,1,disabled,no,7,8192,1433.28
1,mimalloc,reallocate,65536,64,1,disabled,no,7,8192,1721.83
1,jemalloc,reallocate,65536,64,1,disabled,no,7,8192,706.744
1,standard,reallocate_zeroed,65536,64,1,disabled,no,7,8192,2294.24
1,mimalloc,reallocate_zeroed,65536,64,1,disabled,no,7,8192,2482.04
1,jemalloc,reallocate_zeroed,65536,64,1,disabled,no,7,8192,1461.86
1,standard,batch,65536,64,1,disabled,no,7,8192,2333.33
1,mimalloc,batch,65536,64,1,disabled,no,7,8192,97.6056
1,jemalloc,batch,65536,64,1,disabled,no,7,8192,379.267
1,standard,mixed_lifetime,65536,64,1,disabled,no,7,8192,234.479
1,mimalloc,mixed_lifetime,65536,64,1,disabled,no,7,8192,41.1287
1,jemalloc,mixed_lifetime,65536,64,1,disabled,no,7,8192,256.771
1,standard,owned_block,65536,64,1,disabled,no,7,8192,1444.83
1,mimalloc,owned_block,65536,64,1,disabled,no,7,8192,2461.6
1,jemalloc,owned_block,65536,64,1,disabled,no,7,8192,723.283
1,mimalloc,raw,65536,64,1,disabled,yes,7,8192,27.2467
1,jemalloc,raw,65536,64,1,disabled,yes,7,8192,395.427
1,mimalloc,zeroed,65536,64,1,disabled,yes,7,8192,937.747
1,jemalloc,zeroed,65536,64,1,disabled,yes,7,8192,1137.14
1,mimalloc,reallocate,65536,64,1,disabled,yes,7,8192,1718.17
1,jemalloc,reallocate,65536,64,1,disabled,yes,7,8192,728.284
1,mimalloc,reallocate_zeroed,65536,64,1,disabled,yes,7,8192,2486.15
1,jemalloc,reallocate_zeroed,65536,64,1,disabled,yes,7,8192,1471.25
1,mimalloc,batch,65536,64,1,disabled,yes,7,8192,101.14
1,jemalloc,batch,65536,64,1,disabled,yes,7,8192,414.568
1,mimalloc,mixed_lifetime,65536,64,1,disabled,yes,7,8192,39.9081
1,jemalloc,mixed_lifetime,65536,64,1,disabled,yes,7,8192,290.794
1,mimalloc,owned_block,65536,64,1,disabled,yes,7,8192,1727.79
1,jemalloc,owned_block,65536,64,1,disabled,yes,7,8192,743.281
1,mimalloc,raw,65536,64,1,basic,yes,7,8192,33.4032
1,jemalloc,raw,65536,64,1,basic,yes,7,8192,403.133
1,mimalloc,zeroed,65536,64,1,basic,yes,7,8192,944.651
1,jemalloc,zeroed,65536,64,1,basic,yes,7,8192,1144.15
1,mimalloc,reallocate,65536,64,1,basic,yes,7,8192,1734.66
1,jemalloc,reallocate,65536,64,1,basic,yes,7,8192,743.264
1,mimalloc,reallocate_zeroed,65536,64,1,basic,yes,7,8192,2494.16
1,jemalloc,reallocate_zeroed,65536,64,1,basic,yes,7,8192,1489.01
1,mimalloc,batch,65536,64,1,basic,yes,7,8192,105.006
1,jemalloc,batch,65536,64,1,basic,yes,7,8192,419.783
1,mimalloc,mixed_lifetime,65536,64,1,basic,yes,7,8192,42.3431
1,jemalloc,mixed_lifetime,65536,64,1,basic,yes,7,8192,294.831
1,mimalloc,owned_block,65536,64,1,basic,yes,7,8192,1744.75
1,jemalloc,owned_block,65536,64,1,basic,yes,7,8192,756.571
1,standard,raw,65536,256,1,disabled,no,7,8192,50.2888
1,mimalloc,raw,65536,256,1,disabled,no,7,8192,26.5043
1,jemalloc,raw,65536,256,1,disabled,no,7,8192,385.675
1,standard,zeroed,65536,256,1,disabled,no,7,8192,783.554
1,mimalloc,zeroed,65536,256,1,disabled,no,7,8192,962.525
1,jemalloc,zeroed,65536,256,1,disabled,no,7,8192,1131.26
1,standard,reallocate,65536,256,1,disabled,no,7,8192,1435.11
1,mimalloc,reallocate,65536,256,1,disabled,no,7,8192,1771.39
1,jemalloc,reallocate,65536,256,1,disabled,no,7,8192,706.578
1,standard,reallocate_zeroed,65536,256,1,disabled,no,7,8192,2198.31
1,mimalloc,reallocate_zeroed,65536,256,1,disabled,no,7,8192,2542.12
1,jemalloc,reallocate_zeroed,65536,256,1,disabled,no,7,8192,1456.28
1,standard,batch,65536,256,1,disabled,no,7,8192,3190.97
1,mimalloc,batch,65536,256,1,disabled,no,7,8192,98.6683
1,jemalloc,batch,65536,256,1,disabled,no,7,8192,377.273
1,standard,mixed_lifetime,65536,256,1,disabled,no,7,8192,280.873
1,mimalloc,mixed_lifetime,65536,256,1,disabled,no,7,8192,39.4886
1,jemalloc,mixed_lifetime,65536,256,1,disabled,no,7,8192,253.162
1,standard,owned_block,65536,256,1,disabled,no,7,8192,1441.92
1,mimalloc,owned_block,65536,256,1,disabled,no,7,8192,2460.64
1,jemalloc,owned_block,65536,256,1,disabled,no,7,8192,721.695
1,mimalloc,raw,65536,256,1,disabled,yes,7,8192,27.2443
1,jemalloc,raw,65536,256,1,disabled,yes,7,8192,393.732
1,mimalloc,zeroed,65536,256,1,disabled,yes,7,8192,942.647
1,jemalloc,zeroed,65536,256,1,disabled,yes,7,8192,1134.89
1,mimalloc,reallocate,65536,256,1,disabled,yes,7,8192,1719.69
1,jemalloc,reallocate,65536,256,1,disabled,yes,7,8192,729.89
1,mimalloc,reallocate_zeroed,65536,256,1,disabled,yes,7,8192,2485.39
1,jemalloc,reallocate_zeroed,65536,256,1,disabled,yes,7,8192,1470.23
1,mimalloc,batch,65536,256,1,disabled,yes,7,8192,98.2917
1,jemalloc,batch,65536,256,1,disabled,yes,7,8192,414.775
1,mimalloc,mixed_lifetime,65536,256,1,disabled,yes,7,8192,38.8344
1,jemalloc,mixed_lifetime,65536,256,1,disabled,yes,7,8192,292.974
1,mimalloc,owned_block,65536,256,1,disabled,yes,7,8192,1727.82
1,jemalloc,owned_block,65536,256,1,disabled,yes,7,8192,738.719
1,mimalloc,raw,65536,256,1,basic,yes,7,8192,32.4565
1,jemalloc,raw,65536,256,1,basic,yes,7,8192,402.983
1,mimalloc,zeroed,65536,256,1,basic,yes,7,8192,950.066
1,jemalloc,zeroed,65536,256,1,basic,yes,7,8192,1143.37
1,mimalloc,reallocate,65536,256,1,basic,yes,7,8192,1736
1,jemalloc,reallocate,65536,256,1,basic,yes,7,8192,741.53
1,mimalloc,reallocate_zeroed,65536,256,1,basic,yes,7,8192,2515.43
1,jemalloc,reallocate_zeroed,65536,256,1,basic,yes,7,8192,1481.97
1,mimalloc,batch,65536,256,1,basic,yes,7,8192,103.385
1,jemalloc,batch,65536,256,1,basic,yes,7,8192,418.494
1,mimalloc,mixed_lifetime,65536,256,1,basic,yes,7,8192,43.7739
1,jemalloc,mixed_lifetime,65536,256,1,basic,yes,7,8192,296.016
1,mimalloc,owned_block,65536,256,1,basic,yes,7,8192,1747.22
1,jemalloc,owned_block,65536,256,1,basic,yes,7,8192,751.201
1,standard,cross_thread,64,16,2,disabled,no,7,8192,120.223
1,mimalloc,cross_thread,64,16,2,disabled,no,7,8192,24.5109
1,jemalloc,cross_thread,64,16,2,disabled,no,7,8192,53.9186
1,mimalloc,cross_thread,64,16,2,disabled,yes,7,8192,26.7
1,jemalloc,cross_thread,64,16,2,disabled,yes,7,8192,176.878
1,standard,cross_thread,64,16,4,disabled,no,7,8192,156.048
1,mimalloc,cross_thread,64,16,4,disabled,no,7,8192,26.9862
1,jemalloc,cross_thread,64,16,4,disabled,no,7,8192,69.9248
1,mimalloc,cross_thread,64,16,4,disabled,yes,7,8192,31.3436
1,jemalloc,cross_thread,64,16,4,disabled,yes,7,8192,275.476
1,standard,cross_thread,64,16,8,disabled,no,7,8192,143.96
1,mimalloc,cross_thread,64,16,8,disabled,no,7,8192,43.7917
1,jemalloc,cross_thread,64,16,8,disabled,no,7,8192,84.663
1,mimalloc,cross_thread,64,16,8,disabled,yes,7,8192,38.9725
1,jemalloc,cross_thread,64,16,8,disabled,yes,7,8192,238.737
1,mimalloc,detailed_statistics,0,0,1,disabled,no,7,512,841.701
1,jemalloc,detailed_statistics,0,0,1,disabled,no,7,512,40557.6
1,mimalloc,detailed_statistics,0,0,1,disabled,yes,7,512,2.81836
1,jemalloc,detailed_statistics,0,0,1,disabled,yes,7,512,49275.8
1,fixed_buffer,stack_mark_rewind,64,16,1,disabled,no,7,8192,5.79565
1,fixed_buffer,stack_mark_rewind,64,64,1,disabled,no,7,8192,5.79089
1,fixed_buffer,stack_mark_rewind,64,256,1,disabled,no,7,8192,5.79199
1,fixed_buffer,stack_mark_rewind,256,16,1,disabled,no,7,8192,5.78833
1,fixed_buffer,stack_mark_rewind,256,64,1,disabled,no,7,8192,5.797
1,fixed_buffer,stack_mark_rewind,256,256,1,disabled,no,7,8192,5.79077
1,fixed_buffer,stack_mark_rewind,4096,16,1,disabled,no,7,8192,5.78955
1,fixed_buffer,stack_mark_rewind,4096,64,1,disabled,no,7,8192,5.79456
1,fixed_buffer,stack_mark_rewind,4096,256,1,disabled,no,7,8192,5.78101
1,fixed_buffer,stack_mark_rewind,65536,16,1,disabled,no,7,8192,5.79089
1,fixed_buffer,stack_mark_rewind,65536,64,1,disabled,no,7,8192,5.79578
1,fixed_buffer,stack_mark_rewind,65536,256,1,disabled,no,7,8192,5.78467
1,standard,raw,64,16,1,basic,no,7,8192,31.4513
1,mimalloc,raw,64,16,1,basic,no,7,8192,16.0822
1,jemalloc,raw,64,16,1,basic,no,7,8192,31.5577
1,standard,zeroed,64,16,1,basic,no,7,8192,31.8646
1,mimalloc,zeroed,64,16,1,basic,no,7,8192,44.4319
1,jemalloc,zeroed,64,16,1,basic,no,7,8192,32.2719
1,standard,reallocate,64,16,1,basic,no,7,8192,49.6884
1,mimalloc,reallocate,64,16,1,basic,no,7,8192,35.9434
1,jemalloc,reallocate,64,16,1,basic,no,7,8192,72.1874
1,standard,reallocate_zeroed,64,16,1,basic,no,7,8192,56.1871
1,mimalloc,reallocate_zeroed,64,16,1,basic,no,7,8192,38.2839
1,jemalloc,reallocate_zeroed,64,16,1,basic,no,7,8192,74.8315
1,standard,batch,64,16,1,basic,no,7,8192,28.7496
1,mimalloc,batch,64,16,1,basic,no,7,8192,16.745
1,jemalloc,batch,64,16,1,basic,no,7,8192,29.4847
1,standard,mixed_lifetime,64,16,1,basic,no,7,8192,22.2056
1,mimalloc,mixed_lifetime,64,16,1,basic,no,7,8192,14.9252
1,jemalloc,mixed_lifetime,64,16,1,basic,no,7,8192,21.4413
1,standard,owned_block,64,16,1,basic,no,7,8192,56.2948
1,mimalloc,owned_block,64,16,1,basic,no,7,8192,41.1532
1,jemalloc,owned_block,64,16,1,basic,no,7,8192,76.5961
1,standard,typed_raw,64,1,1,basic,no,7,8192,21.583
1,mimalloc,typed_raw,64,1,1,basic,no,7,8192,13.948
1,jemalloc,typed_raw,64,1,1,basic,no,7,8192,23.1619
1,standard,create_destroy,64,1,1,basic,no,7,8192,20.9668
1,mimalloc,create_destroy,64,1,1,basic,no,7,8192,13.6741
1,jemalloc,create_destroy,64,1,1,basic,no,7,8192,22.5664
1,standard,object,64,1,1,basic,no,7,8192,20.9655
1,mimalloc,object,64,1,1,basic,no,7,8192,13.6631
1,jemalloc,object,64,1,1,basic,no,7,8192,22.5663
1,standard,shared_object,64,1,1,basic,no,7,8192,23.7625
1,mimalloc,shared_object,64,1,1,basic,no,7,8192,16.5946
1,jemalloc,shared_object,64,1,1,basic,no,7,8192,31.5845
1,standard,array,64,1,1,basic,no,7,8192,23.76
1,mimalloc,array,64,1,1,basic,no,7,8192,16.3402
1,jemalloc,array,64,1,1,basic,no,7,8192,25.3792
1,standard,std_vector,256,8,1,basic,no,7,8192,154.184
1,mimalloc,std_vector,256,8,1,basic,no,7,8192,119.531
1,jemalloc,std_vector,256,8,1,basic,no,7,8192,199.182
1,standard,pmr_vector,256,8,1,basic,no,7,8192,157.626
1,mimalloc,pmr_vector,256,8,1,basic,no,7,8192,121.427
1,jemalloc,pmr_vector,256,8,1,basic,no,7,8192,209.547
1,standard,raw,64,64,1,basic,no,7,8192,24.6675
1,mimalloc,raw,64,64,1,basic,no,7,8192,15.478
1,jemalloc,raw,64,64,1,basic,no,7,8192,28.0367
1,standard,zeroed,64,64,1,basic,no,7,8192,28.6958
1,mimalloc,zeroed,64,64,1,basic,no,7,8192,43.7349
1,jemalloc,zeroed,64,64,1,basic,no,7,8192,29.947
1,standard,reallocate,64,64,1,basic,no,7,8192,51.2109
1,mimalloc,reallocate,64,64,1,basic,no,7,8192,35.4993
1,jemalloc,reallocate,64,64,1,basic,no,7,8192,69.8136
1,standard,reallocate_zeroed,64,64,1,basic,no,7,8192,55.6417
1,mimalloc,reallocate_zeroed,64,64,1,basic,no,7,8192,37.8218
1,jemalloc,reallocate_zeroed,64,64,1,basic,no,7,8192,72.8821
1,standard,batch,64,64,1,basic,no,7,8192,81.3805
1,mimalloc,batch,64,64,1,basic,no,7,8192,15.3287
1,jemalloc,batch,64,64,1,basic,no,7,8192,29.5238
1,standard,mixed_lifetime,64,64,1,basic,no,7,8192,35.4956
1,mimalloc,mixed_lifetime,64,64,1,basic,no,7,8192,15.3459
1,jemalloc,mixed_lifetime,64,64,1,basic,no,7,8192,21.0071
1,standard,owned_block,64,64,1,basic,no,7,8192,57.6841
1,mimalloc,owned_block,64,64,1,basic,no,7,8192,41.975
1,jemalloc,owned_block,64,64,1,basic,no,7,8192,76.469
1,standard,raw,64,256,1,basic,no,7,8192,24.665
1,mimalloc,raw,64,256,1,basic,no,7,8192,21.9034
1,jemalloc,raw,64,256,1,basic,no,7,8192,27.9425
1,standard,zeroed,64,256,1,basic,no,7,8192,28.6959
1,mimalloc,zeroed,64,256,1,basic,no,7,8192,23.8566
1,jemalloc,zeroed,64,256,1,basic,no,7,8192,30.7761
1,standard,reallocate,64,256,1,basic,no,7,8192,91.7867
1,mimalloc,reallocate,64,256,1,basic,no,7,8192,37.7155
1,jemalloc,reallocate,64,256,1,basic,no,7,8192,61.0521
1,standard,reallocate_zeroed,64,256,1,basic,no,7,8192,99.1588
1,mimalloc,reallocate_zeroed,64,256,1,basic,no,7,8192,42.1938
1,jemalloc,reallocate_zeroed,64,256,1,basic,no,7,8192,64.4789
1,standard,batch,64,256,1,basic,no,7,8192,84.8513
1,mimalloc,batch,64,256,1,basic,no,7,8192,23.0153
1,jemalloc,batch,64,256,1,basic,no,7,8192,44.2693
1,standard,mixed_lifetime,64,256,1,basic,no,7,8192,53.866
1,mimalloc,mixed_lifetime,64,256,1,basic,no,7,8192,20.535
1,jemalloc,mixed_lifetime,64,256,1,basic,no,7,8192,21.8191
1,standard,owned_block,64,256,1,basic,no,7,8192,105.071
1,mimalloc,owned_block,64,256,1,basic,no,7,8192,44.8514
1,jemalloc,owned_block,64,256,1,basic,no,7,8192,72.2094
1,standard,raw,256,16,1,basic,no,7,8192,23.7405
1,mimalloc,raw,256,16,1,basic,no,7,8192,15.692
1,jemalloc,raw,256,16,1,basic,no,7,8192,27.7078
1,standard,zeroed,256,16,1,basic,no,7,8192,28.0796
1,mimalloc,zeroed,256,16,1,basic,no,7,8192,18.4535
1,jemalloc,zeroed,256,16,1,basic,no,7,8192,30.8153
1,standard,reallocate,256,16,1,basic,no,7,8192,49.972
1,mimalloc,reallocate,256,16,1,basic,no,7,8192,36.6281
1,jemalloc,reallocate,256,16,1,basic,no,7,8192,73.1327
1,standard,reallocate_zeroed,256,16,1,basic,no,7,8192,56.406
1,mimalloc,reallocate_zeroed,256,16,1,basic,no,7,8192,41.9614
1,jemalloc,reallocate_zeroed,256,16,1,basic,no,7,8192,77.4401
1,standard,batch,256,16,1,basic,no,7,8192,45.0789
1,mimalloc,batch,256,16,1,basic,no,7,8192,15.6407
1,jemalloc,batch,256,16,1,basic,no,7,8192,43.9867
1,standard,mixed_lifetime,256,16,1,basic,no,7,8192,23.5961
1,mimalloc,mixed_lifetime,256,16,1,basic,no,7,8192,15.6932
1,jemalloc,mixed_lifetime,256,16,1,basic,no,7,8192,22.1162
1,standard,owned_block,256,16,1,basic,no,7,8192,55.9597
1,mimalloc,owned_block,256,16,1,basic,no,7,8192,39.8788
1,jemalloc,owned_block,256,16,1,basic,no,7,8192,79.025
1,standard,typed_raw,256,1,1,basic,no,7,8192,20.3502
1,mimalloc,typed_raw,256,1,1,basic,no,7,8192,14.8898
1,jemalloc,typed_raw,256,1,1,basic,no,7,8192,23.387
1,standard,array,256,1,1,basic,no,7,8192,23.9606
1,mimalloc,array,256,1,1,basic,no,7,8192,17.9008
1,jemalloc,array,256,1,1,basic,no,7,8192,26.1852
1,standard,raw,256,64,1,basic,no,7,8192,24.6638
1,mimalloc,raw,256,64,1,basic,no,7,8192,15.653
1,jemalloc,raw,256,64,1,basic,no,7,8192,28.7203
1,standard,zeroed,256,64,1,basic,no,7,8192,29.3147
1,mimalloc,zeroed,256,64,1,basic,no,7,8192,18.5098
1,jemalloc,zeroed,256,64,1,basic,no,7,8192,30.8362
1,standard,reallocate,256,64,1,basic,no,7,8192,52.8337
1,mimalloc,reallocate,256,64,1,basic,no,7,8192,34.6053
1,jemalloc,reallocate,256,64,1,basic,no,7,8192,71.8096
1,standard,reallocate_zeroed,256,64,1,basic,no,7,8192,57.7942
1,mimalloc,reallocate_zeroed,256,64,1,basic,no,7,8192,39.1732
1,jemalloc,reallocate_zeroed,256,64,1,basic,no,7,8192,76.09
1,standard,batch,256,64,1,basic,no,7,8192,84.4525
1,mimalloc,batch,256,64,1,basic,no,7,8192,15.6272
1,jemalloc,batch,256,64,1,basic,no,7,8192,44.5138
1,standard,mixed_lifetime,256,64,1,basic,no,7,8192,50.8818
1,mimalloc,mixed_lifetime,256,64,1,basic,no,7,8192,15.8816
1,jemalloc,mixed_lifetime,256,64,1,basic,no,7,8192,22.3132
1,standard,owned_block,256,64,1,basic,no,7,8192,58.484
1,mimalloc,owned_block,256,64,1,basic,no,7,8192,39.0251
1,jemalloc,owned_block,256,64,1,basic,no,7,8192,79.4751
1,standard,raw,256,256,1,basic,no,7,8192,81.224
1,mimalloc,raw,256,256,1,basic,no,7,8192,15.6272
1,jemalloc,raw,256,256,1,basic,no,7,8192,28.0221
1,standard,zeroed,256,256,1,basic,no,7,8192,83.7103
1,mimalloc,zeroed,256,256,1,basic,no,7,8192,18.4792
1,jemalloc,zeroed,256,256,1,basic,no,7,8192,30.8533
1,standard,reallocate,256,256,1,basic,no,7,8192,144.672
1,mimalloc,reallocate,256,256,1,basic,no,7,8192,33.8776
1,jemalloc,reallocate,256,256,1,basic,no,7,8192,71.7899
1,standard,reallocate_zeroed,256,256,1,basic,no,7,8192,148.319
1,mimalloc,reallocate_zeroed,256,256,1,basic,no,7,8192,39.2795
1,jemalloc,reallocate_zeroed,256,256,1,basic,no,7,8192,76.6683
1,standard,batch,256,256,1,basic,no,7,8192,85.5948
1,mimalloc,batch,256,256,1,basic,no,7,8192,15.3557
1,jemalloc,batch,256,256,1,basic,no,7,8192,43.1246
1,standard,mixed_lifetime,256,256,1,basic,no,7,8192,65.587
1,mimalloc,mixed_lifetime,256,256,1,basic,no,7,8192,17.3907
1,jemalloc,mixed_lifetime,256,256,1,basic,no,7,8192,22.3448
1,standard,owned_block,256,256,1,basic,no,7,8192,173.726
1,mimalloc,owned_block,256,256,1,basic,no,7,8192,39.0667
1,jemalloc,owned_block,256,256,1,basic,no,7,8192,79.6316
1,standard,raw,4096,16,1,basic,no,7,8192,48.683
1,mimalloc,raw,4096,16,1,basic,no,7,8192,29.6804
1,jemalloc,raw,4096,16,1,basic,no,7,8192,31.2018
1,standard,zeroed,4096,16,1,basic,no,7,8192,110.508
1,mimalloc,zeroed,4096,16,1,basic,no,7,8192,94.8369
1,jemalloc,zeroed,4096,16,1,basic,no,7,8192,98.1707
1,standard,reallocate,4096,16,1,basic,no,7,8192,149.434
1,mimalloc,reallocate,4096,16,1,basic,no,7,8192,112.659
1,jemalloc,reallocate,4096,16,1,basic,no,7,8192,142.937
1,standard,reallocate_zeroed,4096,16,1,basic,no,7,8192,216.525
1,mimalloc,reallocate_zeroed,4096,16,1,basic,no,7,8192,176.444
1,jemalloc,reallocate_zeroed,4096,16,1,basic,no,7,8192,208.794
1,standard,batch,4096,16,1,basic,no,7,8192,951.096
1,mimalloc,batch,4096,16,1,basic,no,7,8192,59.0856
1,jemalloc,batch,4096,16,1,basic,no,7,8192,183.6
1,standard,mixed_lifetime,4096,16,1,basic,no,7,8192,161.835
1,mimalloc,mixed_lifetime,4096,16,1,basic,no,7,8192,31.9575
1,jemalloc,mixed_lifetime,4096,16,1,basic,no,7,8192,88.8003
1,standard,owned_block,4096,16,1,basic,no,7,8192,155.178
1,mimalloc,owned_block,4096,16,1,basic,no,7,8192,143.009
1,jemalloc,owned_block,4096,16,1,basic,no,7,8192,154.788
1,standard,typed_raw,4096,1,1,basic,no,7,8192,43.1478
1,mimalloc,typed_raw,4096,1,1,basic,no,7,8192,24.8937
1,jemalloc,typed_raw,4096,1,1,basic,no,7,8192,26.678
1,standard,array,4096,1,1,basic,no,7,8192,106.169
1,mimalloc,array,4096,1,1,basic,no,7,8192,88.2769
1,jemalloc,array,4096,1,1,basic,no,7,8192,87.3901
1,standard,raw,4096,64,1,basic,no,7,8192,74.5488
1,mimalloc,raw,4096,64,1,basic,no,7,8192,30.3726
1,jemalloc,raw,4096,64,1,basic,no,7,8192,31.6569
1,standard,zeroed,4096,64,1,basic,no,7,8192,138.482
1,mimalloc,zeroed,4096,64,1,basic,no,7,8192,94.2499
1,jemalloc,zeroed,4096,64,1,basic,no,7,8192,97.9506
1,standard,reallocate,4096,64,1,basic,no,7,8192,186.619
1,mimalloc,reallocate,4096,64,1,basic,no,7,8192,115.362
1,jemalloc,reallocate,4096,64,1,basic,no,7,8192,143.465
1,standard,reallocate_zeroed,4096,64,1,basic,no,7,8192,254.297
1,mimalloc,reallocate_zeroed,4096,64,1,basic,no,7,8192,177.495
1,jemalloc,reallocate_zeroed,4096,64,1,basic,no,7,8192,208.488
1,standard,batch,4096,64,1,basic,no,7,8192,1018.78
1,mimalloc,batch,4096,64,1,basic,no,7,8192,60.8809
1,jemalloc,batch,4096,64,1,basic,no,7,8192,193.267
1,standard,mixed_lifetime,4096,64,1,basic,no,7,8192,188.385
1,mimalloc,mixed_lifetime,4096,64,1,basic,no,7,8192,31.7852
1,jemalloc,mixed_lifetime,4096,64,1,basic,no,7,8192,87.6421
1,standard,owned_block,4096,64,1,basic,no,7,8192,194.141
1,mimalloc,owned_block,4096,64,1,basic,no,7,8192,143.059
1,jemalloc,owned_block,4096,64,1,basic,no,7,8192,150.902
1,standard,raw,4096,256,1,basic,no,7,8192,75.0699
1,mimalloc,raw,4096,256,1,basic,no,7,8192,29.4053
1,jemalloc,raw,4096,256,1,basic,no,7,8192,30.8643
1,standard,zeroed,4096,256,1,basic,no,7,8192,138.866
1,mimalloc,zeroed,4096,256,1,basic,no,7,8192,94.6449
1,jemalloc,zeroed,4096,256,1,basic,no,7,8192,97.8943
1,standard,reallocate,4096,256,1,basic,no,7,8192,200.15
1,mimalloc,reallocate,4096,256,1,basic,no,7,8192,116.093
1,jemalloc,reallocate,4096,256,1,basic,no,7,8192,143.483
1,standard,reallocate_zeroed,4096,256,1,basic,no,7,8192,264.131
1,mimalloc,reallocate_zeroed,4096,256,1,basic,no,7,8192,177.865
1,jemalloc,reallocate_zeroed,4096,256,1,basic,no,7,8192,208.318
1,standard,batch,4096,256,1,basic,no,7,8192,1101.14
1,mimalloc,batch,4096,256,1,basic,no,7,8192,57.9275
1,jemalloc,batch,4096,256,1,basic,no,7,8192,188.147
1,standard,mixed_lifetime,4096,256,1,basic,no,7,8192,176.478
1,mimalloc,mixed_lifetime,4096,256,1,basic,no,7,8192,32.1851
1,jemalloc,mixed_lifetime,4096,256,1,basic,no,7,8192,86.0571
1,standard,owned_block,4096,256,1,basic,no,7,8192,214.373
1,mimalloc,owned_block,4096,256,1,basic,no,7,8192,143.336
1,jemalloc,owned_block,4096,256,1,basic,no,7,8192,149.874
1,standard,raw,65536,16,1,basic,no,7,8192,49.4803
1,mimalloc,raw,65536,16,1,basic,no,7,8192,30.9291
1,jemalloc,raw,65536,16,1,basic,no,7,8192,395.228
1,standard,zeroed,65536,16,1,basic,no,7,8192,790.122
1,mimalloc,zeroed,65536,16,1,basic,no,7,8192,944.768
1,jemalloc,zeroed,65536,16,1,basic,no,7,8192,1125.63
1,standard,reallocate,65536,16,1,basic,no,7,8192,35532
1,mimalloc,reallocate,65536,16,1,basic,no,7,8192,1747.88
1,jemalloc,reallocate,65536,16,1,basic,no,7,8192,708.125
1,standard,reallocate_zeroed,65536,16,1,basic,no,7,8192,64642.5
1,mimalloc,reallocate_zeroed,65536,16,1,basic,no,7,8192,2512.97
1,jemalloc,reallocate_zeroed,65536,16,1,basic,no,7,8192,1315.5
1,standard,batch,65536,16,1,basic,no,7,8192,2969.76
1,mimalloc,batch,65536,16,1,basic,no,7,8192,106.428
1,jemalloc,batch,65536,16,1,basic,no,7,8192,399.159
1,standard,mixed_lifetime,65536,16,1,basic,no,7,8192,237.066
1,mimalloc,mixed_lifetime,65536,16,1,basic,no,7,8192,42.5449
1,jemalloc,mixed_lifetime,65536,16,1,basic,no,7,8192,264.214
1,standard,owned_block,65536,16,1,basic,no,7,8192,22364.5
1,mimalloc,owned_block,65536,16,1,basic,no,7,8192,2187.24
1,jemalloc,owned_block,65536,16,1,basic,no,7,8192,722.817
1,standard,typed_raw,65536,1,1,basic,no,7,8192,51.3514
1,mimalloc,typed_raw,65536,1,1,basic,no,7,8192,24.4033
1,jemalloc,typed_raw,65536,1,1,basic,no,7,8192,417.552
1,standard,array,65536,1,1,basic,no,7,8192,780
1,mimalloc,array,65536,1,1,basic,no,7,8192,761.462
1,jemalloc,array,65536,1,1,basic,no,7,8192,1172.44
1,standard,raw,65536,64,1,basic,no,7,8192,55.649
1,mimalloc,raw,65536,64,1,basic,no,7,8192,31.2299
1,jemalloc,raw,65536,64,1,basic,no,7,8192,403.595
1,standard,zeroed,65536,64,1,basic,no,7,8192,796.527
1,mimalloc,zeroed,65536,64,1,basic,no,7,8192,945.519
1,jemalloc,zeroed,65536,64,1,basic,no,7,8192,1148.03
1,standard,reallocate,65536,64,1,basic,no,7,8192,1481.26
1,mimalloc,reallocate,65536,64,1,basic,no,7,8192,1735.26
1,jemalloc,reallocate,65536,64,1,basic,no,7,8192,720.12
1,standard,reallocate_zeroed,65536,64,1,basic,no,7,8192,2229.54
1,mimalloc,reallocate_zeroed,65536,64,1,basic,no,7,8192,2489.53
1,jemalloc,reallocate_zeroed,65536,64,1,basic,no,7,8192,1472.49
1,standard,batch,65536,64,1,basic,no,7,8192,3122.02
1,mimalloc,batch,65536,64,1,basic,no,7,8192,103.164
1,jemalloc,batch,65536,64,1,basic,no,7,8192,394.709
1,standard,mixed_lifetime,65536,64,1,basic,no,7,8192,280.659
1,mimalloc,mixed_lifetime,65536,64,1,basic,no,7,8192,41.4454
1,jemalloc,mixed_lifetime,65536,64,1,basic,no,7,8192,275.708
1,standard,owned_block,65536,64,1,basic,no,7,8192,1490.66
1,mimalloc,owned_block,65536,64,1,basic,no,7,8192,2234.27
1,jemalloc,owned_block,65536,64,1,basic,no,7,8192,719.599
1,standard,raw,65536,256,1,basic,no,7,8192,65.1455
1,mimalloc,raw,65536,256,1,basic,no,7,8192,30.5365
1,jemalloc,raw,65536,256,1,basic,no,7,8192,401.22
1,standard,zeroed,65536,256,1,basic,no,7,8192,800.344
1,mimalloc,zeroed,65536,256,1,basic,no,7,8192,1054.05
1,jemalloc,zeroed,65536,256,1,basic,no,7,8192,1148.74
1,standard,reallocate,65536,256,1,basic,no,7,8192,1481.32
1,mimalloc,reallocate,65536,256,1,basic,no,7,8192,1815
1,jemalloc,reallocate,65536,256,1,basic,no,7,8192,715.214
1,standard,reallocate_zeroed,65536,256,1,basic,no,7,8192,2227.85
1,mimalloc,reallocate_zeroed,65536,256,1,basic,no,7,8192,2594.99
1,jemalloc,reallocate_zeroed,65536,256,1,basic,no,7,8192,1475.44
1,standard,batch,65536,256,1,basic,no,7,8192,3255.96
1,mimalloc,batch,65536,256,1,basic,no,7,8192,104.652
1,jemalloc,batch,65536,256,1,basic,no,7,8192,397.298
1,standard,mixed_lifetime,65536,256,1,basic,no,7,8192,280.454
1,mimalloc,mixed_lifetime,65536,256,1,basic,no,7,8192,41.9872
1,jemalloc,mixed_lifetime,65536,256,1,basic,no,7,8192,260.742
1,standard,owned_block,65536,256,1,basic,no,7,8192,1490.89
1,mimalloc,owned_block,65536,256,1,basic,no,7,8192,2534.21
1,jemalloc,owned_block,65536,256,1,basic,no,7,8192,727.501
2,standard,raw,64,16,1,basic,no,7,8192,26.8883
2,mimalloc,raw,64,16,1,basic,no,7,8192,17.1583
2,jemalloc,raw,64,16,1,basic,no,7,8192,32.6301
2,standard,zeroed,64,16,1,basic,no,7,8192,27.4691
2,mimalloc,zeroed,64,16,1,basic,no,7,8192,44.3145
2,jemalloc,zeroed,64,16,1,basic,no,7,8192,29.821
2,standard,reallocate,64,16,1,basic,no,7,8192,50.751
2,mimalloc,reallocate,64,16,1,basic,no,7,8192,35.9005
2,jemalloc,reallocate,64,16,1,basic,no,7,8192,68.7484
2,standard,reallocate_zeroed,64,16,1,basic,no,7,8192,53.9907
2,mimalloc,reallocate_zeroed,64,16,1,basic,no,7,8192,40.4744
2,jemalloc,reallocate_zeroed,64,16,1,basic,no,7,8192,73.239
2,standard,batch,64,16,1,basic,no,7,8192,26.6327
2,mimalloc,batch,64,16,1,basic,no,7,8192,15.6321
2,jemalloc,batch,64,16,1,basic,no,7,8192,32.0138
2,standard,mixed_lifetime,64,16,1,basic,no,7,8192,21.5844
2,mimalloc,mixed_lifetime,64,16,1,basic,no,7,8192,14.436
2,jemalloc,mixed_lifetime,64,16,1,basic,no,7,8192,21.4474
2,standard,owned_block,64,16,1,basic,no,7,8192,54.3014
2,mimalloc,owned_block,64,16,1,basic,no,7,8192,41.0063
2,jemalloc,owned_block,64,16,1,basic,no,7,8192,77.2076
2,standard,typed_raw,64,1,1,basic,no,7,8192,20.9678
2,mimalloc,typed_raw,64,1,1,basic,no,7,8192,14.8983
2,jemalloc,typed_raw,64,1,1,basic,no,7,8192,23.1838
2,standard,create_destroy,64,1,1,basic,no,7,8192,20.6561
2,mimalloc,create_destroy,64,1,1,basic,no,7,8192,14.5228
2,jemalloc,create_destroy,64,1,1,basic,no,7,8192,22.8733
2,standard,object,64,1,1,basic,no,7,8192,20.6572
2,mimalloc,object,64,1,1,basic,no,7,8192,14.5485
2,jemalloc,object,64,1,1,basic,no,7,8192,22.8745
2,standard,shared_object,64,1,1,basic,no,7,8192,24.4534
2,mimalloc,shared_object,64,1,1,basic,no,7,8192,17.9325
2,jemalloc,shared_object,64,1,1,basic,no,7,8192,31.5907
2,standard,array,64,1,1,basic,no,7,8192,23.4469
2,mimalloc,array,64,1,1,basic,no,7,8192,17.2831
2,jemalloc,array,64,1,1,basic,no,7,8192,25.6689
2,standard,std_vector,256,8,1,basic,no,7,8192,156.968
2,mimalloc,std_vector,256,8,1,basic,no,7,8192,119.836
2,jemalloc,std_vector,256,8,1,basic,no,7,8192,198.642
2,standard,pmr_vector,256,8,1,basic,no,7,8192,165.795
2,mimalloc,pmr_vector,256,8,1,basic,no,7,8192,116.916
2,jemalloc,pmr_vector,256,8,1,basic,no,7,8192,209.123
2,standard,raw,64,64,1,basic,no,7,8192,25.5896
2,mimalloc,raw,64,64,1,basic,no,7,8192,14.589
2,jemalloc,raw,64,64,1,basic,no,7,8192,27.7493
2,standard,zeroed,64,64,1,basic,no,7,8192,28.6971
2,mimalloc,zeroed,64,64,1,basic,no,7,8192,43.9072
2,jemalloc,zeroed,64,64,1,basic,no,7,8192,29.7427
2,standard,reallocate,64,64,1,basic,no,7,8192,52.1208
2,mimalloc,reallocate,64,64,1,basic,no,7,8192,35.5433
2,jemalloc,reallocate,64,64,1,basic,no,7,8192,69.7084
2,standard,reallocate_zeroed,64,64,1,basic,no,7,8192,55.5524
2,mimalloc,reallocate_zeroed,64,64,1,basic,no,7,8192,37.9929
2,jemalloc,reallocate_zeroed,64,64,1,basic,no,7,8192,72.6521
2,standard,batch,64,64,1,basic,no,7,8192,81.4011
2,mimalloc,batch,64,64,1,basic,no,7,8192,15.3423
2,jemalloc,batch,64,64,1,basic,no,7,8192,29.4138
2,standard,mixed_lifetime,64,64,1,basic,no,7,8192,35.2583
2,mimalloc,mixed_lifetime,64,64,1,basic,no,7,8192,14.5376
2,jemalloc,mixed_lifetime,64,64,1,basic,no,7,8192,21.0193
2,standard,owned_block,64,64,1,basic,no,7,8192,57.6791
2,mimalloc,owned_block,64,64,1,basic,no,7,8192,41.1898
2,jemalloc,owned_block,64,64,1,basic,no,7,8192,76.7393
2,standard,raw,64,256,1,basic,no,7,8192,25.5895
2,mimalloc,raw,64,256,1,basic,no,7,8192,20.4873
2,jemalloc,raw,64,256,1,basic,no,7,8192,27.736
2,standard,zeroed,64,256,1,basic,no,7,8192,28.6947
2,mimalloc,zeroed,64,256,1,basic,no,7,8192,23.9042
2,jemalloc,zeroed,64,256,1,basic,no,7,8192,31.0098
2,standard,reallocate,64,256,1,basic,no,7,8192,91.6327
2,mimalloc,reallocate,64,256,1,basic,no,7,8192,37.4855
2,jemalloc,reallocate,64,256,1,basic,no,7,8192,61.9718
2,standard,reallocate_zeroed,64,256,1,basic,no,7,8192,98.7136
2,mimalloc,reallocate_zeroed,64,256,1,basic,no,7,8192,42.0471
2,jemalloc,reallocate_zeroed,64,256,1,basic,no,7,8192,63.6155
2,standard,batch,64,256,1,basic,no,7,8192,85.4039
2,mimalloc,batch,64,256,1,basic,no,7,8192,22.3842
2,jemalloc,batch,64,256,1,basic,no,7,8192,43.0879
2,standard,mixed_lifetime,64,256,1,basic,no,7,8192,55.3544
2,mimalloc,mixed_lifetime,64,256,1,basic,no,7,8192,19.0931
2,jemalloc,mixed_lifetime,64,256,1,basic,no,7,8192,21.8154
2,standard,owned_block,64,256,1,basic,no,7,8192,105.725
2,mimalloc,owned_block,64,256,1,basic,no,7,8192,44.9211
2,jemalloc,owned_block,64,256,1,basic,no,7,8192,70.9753
2,standard,raw,256,16,1,basic,no,7,8192,24.3568
2,mimalloc,raw,256,16,1,basic,no,7,8192,14.7478
2,jemalloc,raw,256,16,1,basic,no,7,8192,28.8231
2,standard,zeroed,256,16,1,basic,no,7,8192,28.0845
2,mimalloc,zeroed,256,16,1,basic,no,7,8192,18.6589
2,jemalloc,zeroed,256,16,1,basic,no,7,8192,30.7885
2,standard,reallocate,256,16,1,basic,no,7,8192,50.3842
2,mimalloc,reallocate,256,16,1,basic,no,7,8192,35.6364
2,jemalloc,reallocate,256,16,1,basic,no,7,8192,71.9745
2,standard,reallocate_zeroed,256,16,1,basic,no,7,8192,55.9462
2,mimalloc,reallocate_zeroed,256,16,1,basic,no,7,8192,40.2236
2,jemalloc,reallocate_zeroed,256,16,1,basic,no,7,8192,76.3589
2,standard,batch,256,16,1,basic,no,7,8192,46.2468
2,mimalloc,batch,256,16,1,basic,no,7,8192,14.7344
2,jemalloc,batch,256,16,1,basic,no,7,8192,42.825
2,standard,mixed_lifetime,256,16,1,basic,no,7,8192,23.6169
2,mimalloc,mixed_lifetime,256,16,1,basic,no,7,8192,15.0768
2,jemalloc,mixed_lifetime,256,16,1,basic,no,7,8192,22.1749
2,standard,owned_block,256,16,1,basic,no,7,8192,56.8597
2,mimalloc,owned_block,256,16,1,basic,no,7,8192,39.3518
2,jemalloc,owned_block,256,16,1,basic,no,7,8192,78.9137
2,standard,typed_raw,256,1,1,basic,no,7,8192,20.6598
2,mimalloc,typed_raw,256,1,1,basic,no,7,8192,14.891
2,jemalloc,typed_raw,256,1,1,basic,no,7,8192,23.3552
2,standard,array,256,1,1,basic,no,7,8192,23.7698
2,mimalloc,array,256,1,1,basic,no,7,8192,17.9142
2,jemalloc,array,256,1,1,basic,no,7,8192,27.5034
2,standard,raw,256,64,1,basic,no,7,8192,24.665
2,mimalloc,raw,256,64,1,basic,no,7,8192,15.7422
2,jemalloc,raw,256,64,1,basic,no,7,8192,27.8129
2,standard,zeroed,256,64,1,basic,no,7,8192,29.4039
2,mimalloc,zeroed,256,64,1,basic,no,7,8192,18.6661
2,jemalloc,zeroed,256,64,1,basic,no,7,8192,30.8521
2,standard,reallocate,256,64,1,basic,no,7,8192,53.7717
2,mimalloc,reallocate,256,64,1,basic,no,7,8192,34.132
2,jemalloc,reallocate,256,64,1,basic,no,7,8192,70.7747
2,standard,reallocate_zeroed,256,64,1,basic,no,7,8192,58.6686
2,mimalloc,reallocate_zeroed,256,64,1,basic,no,7,8192,40.3397
2,jemalloc,reallocate_zeroed,256,64,1,basic,no,7,8192,75.9749
2,standard,batch,256,64,1,basic,no,7,8192,83.0253
2,mimalloc,batch,256,64,1,basic,no,7,8192,14.9288
2,jemalloc,batch,256,64,1,basic,no,7,8192,43.1294
2,standard,mixed_lifetime,256,64,1,basic,no,7,8192,51.2573
2,mimalloc,mixed_lifetime,256,64,1,basic,no,7,8192,15.6223
2,jemalloc,mixed_lifetime,256,64,1,basic,no,7,8192,22.3462
2,standard,owned_block,256,64,1,basic,no,7,8192,59.3363
2,mimalloc,owned_block,256,64,1,basic,no,7,8192,39.2013
2,jemalloc,owned_block,256,64,1,basic,no,7,8192,78.6445
2,standard,raw,256,256,1,basic,no,7,8192,77.4558
2,mimalloc,raw,256,256,1,basic,no,7,8192,14.6685
2,jemalloc,raw,256,256,1,basic,no,7,8192,28.2838
2,standard,zeroed,256,256,1,basic,no,7,8192,80.2529
2,mimalloc,zeroed,256,256,1,basic,no,7,8192,18.6858
2,jemalloc,zeroed,256,256,1,basic,no,7,8192,30.8728
2,standard,reallocate,256,256,1,basic,no,7,8192,140.96
2,mimalloc,reallocate,256,256,1,basic,no,7,8192,34.3914
2,jemalloc,reallocate,256,256,1,basic,no,7,8192,70.9949
2,standard,reallocate_zeroed,256,256,1,basic,no,7,8192,145.622
2,mimalloc,reallocate_zeroed,256,256,1,basic,no,7,8192,40.6615
2,jemalloc,reallocate_zeroed,256,256,1,basic,no,7,8192,75.4772
2,standard,batch,256,256,1,basic,no,7,8192,85.9312
2,mimalloc,batch,256,256,1,basic,no,7,8192,15.6479
2,jemalloc,batch,256,256,1,basic,no,7,8192,43.4547
2,standard,mixed_lifetime,256,256,1,basic,no,7,8192,66.2314
2,mimalloc,mixed_lifetime,256,256,1,basic,no,7,8192,16.7352
2,jemalloc,mixed_lifetime,256,256,1,basic,no,7,8192,22.0001
2,standard,owned_block,256,256,1,basic,no,7,8192,170.645
2,mimalloc,owned_block,256,256,1,basic,no,7,8192,40.2762
2,jemalloc,owned_block,256,256,1,basic,no,7,8192,78.7389
2,standard,raw,4096,16,1,basic,no,7,8192,48.2977
2,mimalloc,raw,4096,16,1,basic,no,7,8192,30.0472
2,jemalloc,raw,4096,16,1,basic,no,7,8192,31.2948
2,standard,zeroed,4096,16,1,basic,no,7,8192,110.639
2,mimalloc,zeroed,4096,16,1,basic,no,7,8192,94.6448
2,jemalloc,zeroed,4096,16,1,basic,no,7,8192,97.9126
2,standard,reallocate,4096,16,1,basic,no,7,8192,149.377
2,mimalloc,reallocate,4096,16,1,basic,no,7,8192,112.275
2,jemalloc,reallocate,4096,16,1,basic,no,7,8192,142.529
2,standard,reallocate_zeroed,4096,16,1,basic,no,7,8192,211.9
2,mimalloc,reallocate_zeroed,4096,16,1,basic,no,7,8192,175.932
2,jemalloc,reallocate_zeroed,4096,16,1,basic,no,7,8192,208.396
2,standard,batch,4096,16,1,basic,no,7,8192,835.546
2,mimalloc,batch,4096,16,1,basic,no,7,8192,60.2487
2,jemalloc,batch,4096,16,1,basic,no,7,8192,184.074
2,standard,mixed_lifetime,4096,16,1,basic,no,7,8192,149.174
2,mimalloc,mixed_lifetime,4096,16,1,basic,no,7,8192,31.9441
2,jemalloc,mixed_lifetime,4096,16,1,basic,no,7,8192,88.5728
2,standard,owned_block,4096,16,1,basic,no,7,8192,155.116
2,mimalloc,owned_block,4096,16,1,basic,no,7,8192,142.998
2,jemalloc,owned_block,4096,16,1,basic,no,7,8192,151.826
2,standard,typed_raw,4096,1,1,basic,no,7,8192,41.8636
2,mimalloc,typed_raw,4096,1,1,basic,no,7,8192,25.0306
2,jemalloc,typed_raw,4096,1,1,basic,no,7,8192,26.9385
2,standard,array,4096,1,1,basic,no,7,8192,106.14
2,mimalloc,array,4096,1,1,basic,no,7,8192,87.5088
2,jemalloc,array,4096,1,1,basic,no,7,8192,87.4316
2,standard,raw,4096,64,1,basic,no,7,8192,72.7706
2,mimalloc,raw,4096,64,1,basic,no,7,8192,30.0352
2,jemalloc,raw,4096,64,1,basic,no,7,8192,30.7883
2,standard,zeroed,4096,64,1,basic,no,7,8192,131.768
2,mimalloc,zeroed,4096,64,1,basic,no,7,8192,93.8817
2,jemalloc,zeroed,4096,64,1,basic,no,7,8192,98.3552
2,standard,reallocate,4096,64,1,basic,no,7,8192,185.805
2,mimalloc,reallocate,4096,64,1,basic,no,7,8192,115.092
2,jemalloc,reallocate,4096,64,1,basic,no,7,8192,143.461
2,standard,reallocate_zeroed,4096,64,1,basic,no,7,8192,246.566
2,mimalloc,reallocate_zeroed,4096,64,1,basic,no,7,8192,177.252
2,jemalloc,reallocate_zeroed,4096,64,1,basic,no,7,8192,209.103
2,standard,batch,4096,64,1,basic,no,7,8192,906.694
2,mimalloc,batch,4096,64,1,basic,no,7,8192,59.9258
2,jemalloc,batch,4096,64,1,basic,no,7,8192,192.427
2,standard,mixed_lifetime,4096,64,1,basic,no,7,8192,183.036
2,mimalloc,mixed_lifetime,4096,64,1,basic,no,7,8192,32.3159
2,jemalloc,mixed_lifetime,4096,64,1,basic,no,7,8192,87.9246
2,standard,owned_block,4096,64,1,basic,no,7,8192,194.542
2,mimalloc,owned_block,4096,64,1,basic,no,7,8192,143.919
2,jemalloc,owned_block,4096,64,1,basic,no,7,8192,151.151
2,standard,raw,4096,256,1,basic,no,7,8192,76.431
2,mimalloc,raw,4096,256,1,basic,no,7,8192,30.8202
2,jemalloc,raw,4096,256,1,basic,no,7,8192,30.9791
2,standard,zeroed,4096,256,1,basic,no,7,8192,133.379
2,mimalloc,zeroed,4096,256,1,basic,no,7,8192,92.9913
2,jemalloc,zeroed,4096,256,1,basic,no,7,8192,97.9114
2,standard,reallocate,4096,256,1,basic,no,7,8192,196.423
2,mimalloc,reallocate,4096,256,1,basic,no,7,8192,115.342
2,jemalloc,reallocate,4096,256,1,basic,no,7,8192,143.697
2,standard,reallocate_zeroed,4096,256,1,basic,no,7,8192,258.448
2,mimalloc,reallocate_zeroed,4096,256,1,basic,no,7,8192,177.717
2,jemalloc,reallocate_zeroed,4096,256,1,basic,no,7,8192,208.41
2,standard,batch,4096,256,1,basic,no,7,8192,1015.93
2,mimalloc,batch,4096,256,1,basic,no,7,8192,59.4158
2,jemalloc,batch,4096,256,1,basic,no,7,8192,198.683
2,standard,mixed_lifetime,4096,256,1,basic,no,7,8192,168.357
2,mimalloc,mixed_lifetime,4096,256,1,basic,no,7,8192,32.8577
2,jemalloc,mixed_lifetime,4096,256,1,basic,no,7,8192,84.2678
2,standard,owned_block,4096,256,1,basic,no,7,8192,214.226
2,mimalloc,owned_block,4096,256,1,basic,no,7,8192,143.611
2,jemalloc,owned_block,4096,256,1,basic,no,7,8192,149.707
2,standard,raw,65536,16,1,basic,no,7,8192,39.1536
2,mimalloc,raw,65536,16,1,basic,no,7,8192,30.6257
2,jemalloc,raw,65536,16,1,basic,no,7,8192,388.484
2,standard,zeroed,65536,16,1,basic,no,7,8192,775.531
2,mimalloc,zeroed,65536,16,1,basic,no,7,8192,945.756
2,jemalloc,zeroed,65536,16,1,basic,no,7,8192,1124.15
2,standard,reallocate,65536,16,1,basic,no,7,8192,30702.2
2,mimalloc,reallocate,65536,16,1,basic,no,7,8192,1747.97
2,jemalloc,reallocate,65536,16,1,basic,no,7,8192,715.739
2,standard,reallocate_zeroed,65536,16,1,basic,no,7,8192,59776.3
2,mimalloc,reallocate_zeroed,65536,16,1,basic,no,7,8192,2510.59
2,jemalloc,reallocate_zeroed,65536,16,1,basic,no,7,8192,1356.12
2,standard,batch,65536,16,1,basic,no,7,8192,2268.3
2,mimalloc,batch,65536,16,1,basic,no,7,8192,106.633
2,jemalloc,batch,65536,16,1,basic,no,7,8192,392.247
2,standard,mixed_lifetime,65536,16,1,basic,no,7,8192,197.512
2,mimalloc,mixed_lifetime,65536,16,1,basic,no,7,8192,41.4015
2,jemalloc,mixed_lifetime,65536,16,1,basic,no,7,8192,255.197
2,standard,owned_block,65536,16,1,basic,no,7,8192,21665.4
2,mimalloc,owned_block,65536,16,1,basic,no,7,8192,2170.02
2,jemalloc,owned_block,65536,16,1,basic,no,7,8192,733.358
2,standard,typed_raw,65536,1,1,basic,no,7,8192,35.7635
2,mimalloc,typed_raw,65536,1,1,basic,no,7,8192,23.464
2,jemalloc,typed_raw,65536,1,1,basic,no,7,8192,416.322
2,standard,array,65536,1,1,basic,no,7,8192,761.269
2,mimalloc,array,65536,1,1,basic,no,7,8192,762.303
2,jemalloc,array,65536,1,1,basic,no,7,8192,1164.12
2,standard,raw,65536,64,1,basic,no,7,8192,46.8668
2,mimalloc,raw,65536,64,1,basic,no,7,8192,30.2711
2,jemalloc,raw,65536,64,1,basic,no,7,8192,402.323
2,standard,zeroed,65536,64,1,basic,no,7,8192,777.327
2,mimalloc,zeroed,65536,64,1,basic,no,7,8192,946.84
2,jemalloc,zeroed,65536,64,1,basic,no,7,8192,1142.67
2,standard,reallocate,65536,64,1,basic,no,7,8192,1430.36
2,mimalloc,reallocate,65536,64,1,basic,no,7,8192,1735.67
2,jemalloc,reallocate,65536,64,1,basic,no,7,8192,718.694
2,standard,reallocate_zeroed,65536,64,1,basic,no,7,8192,2205.83
2,mimalloc,reallocate_zeroed,65536,64,1,basic,no,7,8192,2493.1
2,jemalloc,reallocate_zeroed,65536,64,1,basic,no,7,8192,1479.43
2,standard,batch,65536,64,1,basic,no,7,8192,2357.02
2,mimalloc,batch,65536,64,1,basic,no,7,8192,107.086
2,jemalloc,batch,65536,64,1,basic,no,7,8192,394.403
2,standard,mixed_lifetime,65536,64,1,basic,no,7,8192,244
2,mimalloc,mixed_lifetime,65536,64,1,basic,no,7,8192,45.1498
2,jemalloc,mixed_lifetime,65536,64,1,basic,no,7,8192,259.627
2,standard,owned_block,65536,64,1,basic,no,7,8192,1435.61
2,mimalloc,owned_block,65536,64,1,basic,no,7,8192,2249.81
2,jemalloc,owned_block,65536,64,1,basic,no,7,8192,728.468
2,standard,raw,65536,256,1,basic,no,7,8192,54.365
2,mimalloc,raw,65536,256,1,basic,no,7,8192,32.7036
2,jemalloc,raw,65536,256,1,basic,no,7,8192,400.115
2,standard,zeroed,65536,256,1,basic,no,7,8192,791.66
2,mimalloc,zeroed,65536,256,1,basic,no,7,8192,1058.2
2,jemalloc,zeroed,65536,256,1,basic,no,7,8192,1140.48
2,standard,reallocate,65536,256,1,basic,no,7,8192,1443.39
2,mimalloc,reallocate,65536,256,1,basic,no,7,8192,1814.06
2,jemalloc,reallocate,65536,256,1,basic,no,7,8192,720.624
2,standard,reallocate_zeroed,65536,256,1,basic,no,7,8192,2212.42
2,mimalloc,reallocate_zeroed,65536,256,1,basic,no,7,8192,2600.22
2,jemalloc,reallocate_zeroed,65536,256,1,basic,no,7,8192,1480.13
2,standard,batch,65536,256,1,basic,no,7,8192,2449.99
2,mimalloc,batch,65536,256,1,basic,no,7,8192,107.44
2,jemalloc,batch,65536,256,1,basic,no,7,8192,392.06
2,standard,mixed_lifetime,65536,256,1,basic,no,7,8192,242.533
2,mimalloc,mixed_lifetime,65536,256,1,basic,no,7,8192,42.6978
2,jemalloc,mixed_lifetime,65536,256,1,basic,no,7,8192,255.652
2,standard,owned_block,65536,256,1,basic,no,7,8192,1449.72
2,mimalloc,owned_block,65536,256,1,basic,no,7,8192,2486.16
2,jemalloc,owned_block,65536,256,1,basic,no,7,8192,734.195
2,standard,raw,64,16,1,disabled,no,7,8192,26.985
2,mimalloc,raw,64,16,1,disabled,no,7,8192,12.7446
2,jemalloc,raw,64,16,1,disabled,no,7,8192,27.5562
2,standard,zeroed,64,16,1,disabled,no,7,8192,28.4513
2,mimalloc,zeroed,64,16,1,disabled,no,7,8192,40.6481
2,jemalloc,zeroed,64,16,1,disabled,no,7,8192,29.4553
2,standard,reallocate,64,16,1,disabled,no,7,8192,50.0625
2,mimalloc,reallocate,64,16,1,disabled,no,7,8192,28.5125
2,jemalloc,reallocate,64,16,1,disabled,no,7,8192,62.8193
2,standard,reallocate_zeroed,64,16,1,disabled,no,7,8192,61.0472
2,mimalloc,reallocate_zeroed,64,16,1,disabled,no,7,8192,34.5148
2,jemalloc,reallocate_zeroed,64,16,1,disabled,no,7,8192,75.9969
2,standard,batch,64,16,1,disabled,no,7,8192,25.0587
2,mimalloc,batch,64,16,1,disabled,no,7,8192,10.6582
2,jemalloc,batch,64,16,1,disabled,no,7,8192,25.1334
2,standard,mixed_lifetime,64,16,1,disabled,no,7,8192,20.9056
2,mimalloc,mixed_lifetime,64,16,1,disabled,no,7,8192,11.6758
2,jemalloc,mixed_lifetime,64,16,1,disabled,no,7,8192,19.515
2,standard,owned_block,64,16,1,disabled,no,7,8192,56.6323
2,mimalloc,owned_block,64,16,1,disabled,no,7,8192,33.9816
2,jemalloc,owned_block,64,16,1,disabled,no,7,8192,75.8478
2,standard,typed_raw,64,1,1,disabled,no,7,8192,19.7377
2,mimalloc,typed_raw,64,1,1,disabled,no,7,8192,10.1849
2,jemalloc,typed_raw,64,1,1,disabled,no,7,8192,20.4066
2,standard,create_destroy,64,1,1,disabled,no,7,8192,19.4269
2,mimalloc,create_destroy,64,1,1,disabled,no,7,8192,9.86084
2,jemalloc,create_destroy,64,1,1,disabled,no,7,8192,20.0997
2,standard,object,64,1,1,disabled,no,7,8192,19.4233
2,mimalloc,object,64,1,1,disabled,no,7,8192,9.87317
2,jemalloc,object,64,1,1,disabled,no,7,8192,20.0984
2,standard,shared_object,64,1,1,disabled,no,7,8192,21.2969
2,mimalloc,shared_object,64,1,1,disabled,no,7,8192,13.7242
2,jemalloc,shared_object,64,1,1,disabled,no,7,8192,26.0139
2,standard,array,64,1,1,disabled,no,7,8192,22.2178
2,mimalloc,array,64,1,1,disabled,no,7,8192,12.67
2,jemalloc,array,64,1,1,disabled,no,7,8192,22.8917
2,standard,std_vector,256,8,1,disabled,no,7,8192,149.751
2,mimalloc,std_vector,256,8,1,disabled,no,7,8192,92.1096
2,jemalloc,std_vector,256,8,1,disabled,no,7,8192,177.658
2,standard,pmr_vector,256,8,1,disabled,no,7,8192,152.451
2,mimalloc,pmr_vector,256,8,1,disabled,no,7,8192,99.7397
2,jemalloc,pmr_vector,256,8,1,disabled,no,7,8192,181.749
2,mimalloc,raw,64,16,1,disabled,yes,7,8192,12.0696
2,jemalloc,raw,64,16,1,disabled,yes,7,8192,203.361
2,mimalloc,zeroed,64,16,1,disabled,yes,7,8192,37.9845
2,jemalloc,zeroed,64,16,1,disabled,yes,7,8192,206.501
2,mimalloc,reallocate,64,16,1,disabled,yes,7,8192,29.6963
2,jemalloc,reallocate,64,16,1,disabled,yes,7,8192,459.443
2,mimalloc,reallocate_zeroed,64,16,1,disabled,yes,7,8192,31.483
2,jemalloc,reallocate_zeroed,64,16,1,disabled,yes,7,8192,471.658
2,mimalloc,batch,64,16,1,disabled,yes,7,8192,11.9032
2,jemalloc,batch,64,16,1,disabled,yes,7,8192,57.1779
2,mimalloc,mixed_lifetime,64,16,1,disabled,yes,7,8192,12.2836
2,jemalloc,mixed_lifetime,64,16,1,disabled,yes,7,8192,37.0659
2,mimalloc,owned_block,64,16,1,disabled,yes,7,8192,34.2079
2,jemalloc,owned_block,64,16,1,disabled,yes,7,8192,468.271
2,mimalloc,typed_raw,64,1,1,disabled,yes,7,8192,11.0911
2,jemalloc,typed_raw,64,1,1,disabled,yes,7,8192,195.24
2,mimalloc,create_destroy,64,1,1,disabled,yes,7,8192,10.7805
2,jemalloc,create_destroy,64,1,1,disabled,yes,7,8192,192.885
2,mimalloc,object,64,1,1,disabled,yes,7,8192,10.7817
2,jemalloc,object,64,1,1,disabled,yes,7,8192,196.691
2,mimalloc,shared_object,64,1,1,disabled,yes,7,8192,13.772
2,jemalloc,shared_object,64,1,1,disabled,yes,7,8192,221.282
2,mimalloc,array,64,1,1,disabled,yes,7,8192,13.5897
2,jemalloc,array,64,1,1,disabled,yes,7,8192,195.965
2,mimalloc,std_vector,256,8,1,disabled,yes,7,8192,101.158
2,jemalloc,std_vector,256,8,1,disabled,yes,7,8192,1277.89
2,mimalloc,pmr_vector,256,8,1,disabled,yes,7,8192,96.4169
2,jemalloc,pmr_vector,256,8,1,disabled,yes,7,8192,1290.48
2,mimalloc,raw,64,16,1,basic,yes,7,8192,14.9178
2,jemalloc,raw,64,16,1,basic,yes,7,8192,216.055
2,mimalloc,zeroed,64,16,1,basic,yes,7,8192,42.2844
2,jemalloc,zeroed,64,16,1,basic,yes,7,8192,215.261
2,mimalloc,reallocate,64,16,1,basic,yes,7,8192,36.0656
2,jemalloc,reallocate,64,16,1,basic,yes,7,8192,471.722
2,mimalloc,reallocate_zeroed,64,16,1,basic,yes,7,8192,39.0509
2,jemalloc,reallocate_zeroed,64,16,1,basic,yes,7,8192,475.702
2,mimalloc,batch,64,16,1,basic,yes,7,8192,15.8033
2,jemalloc,batch,64,16,1,basic,yes,7,8192,59.9418
2,mimalloc,mixed_lifetime,64,16,1,basic,yes,7,8192,14.7527
2,jemalloc,mixed_lifetime,64,16,1,basic,yes,7,8192,38.6962
2,mimalloc,owned_block,64,16,1,basic,yes,7,8192,43.1025
2,jemalloc,owned_block,64,16,1,basic,yes,7,8192,478.276
2,mimalloc,typed_raw,64,1,1,basic,yes,7,8192,14.8138
2,jemalloc,typed_raw,64,1,1,basic,yes,7,8192,212.789
2,mimalloc,create_destroy,64,1,1,basic,yes,7,8192,13.657
2,jemalloc,create_destroy,64,1,1,basic,yes,7,8192,211.877
2,mimalloc,object,64,1,1,basic,yes,7,8192,13.7023
2,jemalloc,object,64,1,1,basic,yes,7,8192,215.135
2,mimalloc,shared_object,64,1,1,basic,yes,7,8192,16.5908
2,jemalloc,shared_object,64,1,1,basic,yes,7,8192,236.789
2,mimalloc,array,64,1,1,basic,yes,7,8192,16.3511
2,jemalloc,array,64,1,1,basic,yes,7,8192,215.937
2,mimalloc,std_vector,256,8,1,basic,yes,7,8192,115.605
2,jemalloc,std_vector,256,8,1,basic,yes,7,8192,1348.07
2,mimalloc,pmr_vector,256,8,1,basic,yes,7,8192,118.57
2,jemalloc,pmr_vector,256,8,1,basic,yes,7,8192,1353.82
2,standard,raw,64,64,1,disabled,no,7,8192,23.7417
2,mimalloc,raw,64,64,1,disabled,no,7,8192,12.6908
2,jemalloc,raw,64,64,1,disabled,no,7,8192,23.8529
2,standard,zeroed,64,64,1,disabled,no,7,8192,27.8557
2,mimalloc,zeroed,64,64,1,disabled,no,7,8192,38.7903
2,jemalloc,zeroed,64,64,1,disabled,no,7,8192,26.4591
2,standard,reallocate,64,64,1,disabled,no,7,8192,87.3485
2,mimalloc,reallocate,64,64,1,disabled,no,7,8192,28.1542
2,jemalloc,reallocate,64,64,1,disabled,no,7,8192,63.2645
2,standard,reallocate_zeroed,64,64,1,disabled,no,7,8192,91.563
2,mimalloc,reallocate_zeroed,64,64,1,disabled,no,7,8192,30.5903
2,jemalloc,reallocate_zeroed,64,64,1,disabled,no,7,8192,65.96
2,standard,batch,64,64,1,disabled,no,7,8192,78.7535
2,mimalloc,batch,64,64,1,disabled,no,7,8192,12.5061
2,jemalloc,batch,64,64,1,disabled,no,7,8192,23.8444
2,standard,mixed_lifetime,64,64,1,disabled,no,7,8192,41.6178
2,mimalloc,mixed_lifetime,64,64,1,disabled,no,7,8192,12.6078
2,jemalloc,mixed_lifetime,64,64,1,disabled,no,7,8192,19.5798
2,standard,owned_block,64,64,1,disabled,no,7,8192,81.054
2,mimalloc,owned_block,64,64,1,disabled,no,7,8192,33.0962
2,jemalloc,owned_block,64,64,1,disabled,no,7,8192,75.7119
2,mimalloc,raw,64,64,1,disabled,yes,7,8192,12.3729
2,jemalloc,raw,64,64,1,disabled,yes,7,8192,203.052
2,mimalloc,zeroed,64,64,1,disabled,yes,7,8192,37.5894
2,jemalloc,zeroed,64,64,1,disabled,yes,7,8192,204.797
2,mimalloc,reallocate,64,64,1,disabled,yes,7,8192,29.9067
2,jemalloc,reallocate,64,64,1,disabled,yes,7,8192,458.524
2,mimalloc,reallocate_zeroed,64,64,1,disabled,yes,7,8192,32.2755
2,jemalloc,reallocate_zeroed,64,64,1,disabled,yes,7,8192,472.313
2,mimalloc,batch,64,64,1,disabled,yes,7,8192,12.6663
2,jemalloc,batch,64,64,1,disabled,yes,7,8192,55.8068
2,mimalloc,mixed_lifetime,64,64,1,disabled,yes,7,8192,13.0663
2,jemalloc,mixed_lifetime,64,64,1,disabled,yes,7,8192,37.1013
2,mimalloc,owned_block,64,64,1,disabled,yes,7,8192,36.2466
2,jemalloc,owned_block,64,64,1,disabled,yes,7,8192,469.588
2,mimalloc,raw,64,64,1,basic,yes,7,8192,19.4183
2,jemalloc,raw,64,64,1,basic,yes,7,8192,217.162
2,mimalloc,zeroed,64,64,1,basic,yes,7,8192,42.803
2,jemalloc,zeroed,64,64,1,basic,yes,7,8192,218.7
2,mimalloc,reallocate,64,64,1,basic,yes,7,8192,38.3562
2,jemalloc,reallocate,64,64,1,basic,yes,7,8192,475.1
2,mimalloc,reallocate_zeroed,64,64,1,basic,yes,7,8192,40.7887
2,jemalloc,reallocate_zeroed,64,64,1,basic,yes,7,8192,475.779
2,mimalloc,batch,64,64,1,basic,yes,7,8192,17.4188
2,jemalloc,batch,64,64,1,basic,yes,7,8192,61.7725
2,mimalloc,mixed_lifetime,64,64,1,basic,yes,7,8192,16.2618
2,jemalloc,mixed_lifetime,64,64,1,basic,yes,7,8192,38.1581
2,mimalloc,owned_block,64,64,1,basic,yes,7,8192,44.7804
2,jemalloc,owned_block,64,64,1,basic,yes,7,8192,479.651
2,standard,raw,64,256,1,disabled,no,7,8192,23.7393
2,mimalloc,raw,64,256,1,disabled,no,7,8192,16.3719
2,jemalloc,raw,64,256,1,disabled,no,7,8192,24.9536
2,standard,zeroed,64,256,1,disabled,no,7,8192,26.8455
2,mimalloc,zeroed,64,256,1,disabled,no,7,8192,19.3376
2,jemalloc,zeroed,64,256,1,disabled,no,7,8192,28.9467
2,standard,reallocate,64,256,1,disabled,no,7,8192,96.6211
2,mimalloc,reallocate,64,256,1,disabled,no,7,8192,29.3759
2,jemalloc,reallocate,64,256,1,disabled,no,7,8192,54.8259
2,standard,reallocate_zeroed,64,256,1,disabled,no,7,8192,97.1898
2,mimalloc,reallocate_zeroed,64,256,1,disabled,no,7,8192,33.6979
2,jemalloc,reallocate_zeroed,64,256,1,disabled,no,7,8192,57.4872
2,standard,batch,64,256,1,disabled,no,7,8192,79.782
2,mimalloc,batch,64,256,1,disabled,no,7,8192,18.9121
2,jemalloc,batch,64,256,1,disabled,no,7,8192,38.4296
2,standard,mixed_lifetime,64,256,1,disabled,no,7,8192,50.3706
2,mimalloc,mixed_lifetime,64,256,1,disabled,no,7,8192,17.0825
2,jemalloc,mixed_lifetime,64,256,1,disabled,no,7,8192,21.1061
2,standard,owned_block,64,256,1,disabled,no,7,8192,97.5604
2,mimalloc,owned_block,64,256,1,disabled,no,7,8192,36.7357
2,jemalloc,owned_block,64,256,1,disabled,no,7,8192,70.1229
2,mimalloc,raw,64,256,1,disabled,yes,7,8192,18.1735
2,jemalloc,raw,64,256,1,disabled,yes,7,8192,204.079
2,mimalloc,zeroed,64,256,1,disabled,yes,7,8192,23.0751
2,jemalloc,zeroed,64,256,1,disabled,yes,7,8192,207.035
2,mimalloc,reallocate,64,256,1,disabled,yes,7,8192,31.6028
2,jemalloc,reallocate,64,256,1,disabled,yes,7,8192,256.85
2,mimalloc,reallocate_zeroed,64,256,1,disabled,yes,7,8192,35.7511
2,jemalloc,reallocate_zeroed,64,256,1,disabled,yes,7,8192,262.03
2,mimalloc,batch,64,256,1,disabled,yes,7,8192,19.296
2,jemalloc,batch,64,256,1,disabled,yes,7,8192,69.3268
2,mimalloc,mixed_lifetime,64,256,1,disabled,yes,7,8192,16.8745
2,jemalloc,mixed_lifetime,64,256,1,disabled,yes,7,8192,44.9285
2,mimalloc,owned_block,64,256,1,disabled,yes,7,8192,37.9562
2,jemalloc,owned_block,64,256,1,disabled,yes,7,8192,272.74
2,mimalloc,raw,64,256,1,basic,yes,7,8192,25.4097
2,jemalloc,raw,64,256,1,basic,yes,7,8192,215.151
2,mimalloc,zeroed,64,256,1,basic,yes,7,8192,31.3901
2,jemalloc,zeroed,64,256,1,basic,yes,7,8192,215.724
2,mimalloc,reallocate,64,256,1,basic,yes,7,8192,41.6423
2,jemalloc,reallocate,64,256,1,basic,yes,7,8192,266.923
2,mimalloc,reallocate_zeroed,64,256,1,basic,yes,7,8192,45.3846
2,jemalloc,reallocate_zeroed,64,256,1,basic,yes,7,8192,271.197
2,mimalloc,batch,64,256,1,basic,yes,7,8192,24.7848
2,jemalloc,batch,64,256,1,basic,yes,7,8192,71.9771
2,mimalloc,mixed_lifetime,64,256,1,basic,yes,7,8192,19.2998
2,jemalloc,mixed_lifetime,64,256,1,basic,yes,7,8192,45.5264
2,mimalloc,owned_block,64,256,1,basic,yes,7,8192,48.2745
2,jemalloc,owned_block,64,256,1,basic,yes,7,8192,281.529
2,standard,raw,256,16,1,disabled,no,7,8192,22.5077
2,mimalloc,raw,256,16,1,disabled,no,7,8192,11.0142
2,jemalloc,raw,256,16,1,disabled,no,7,8192,24.8031
2,standard,zeroed,256,16,1,disabled,no,7,8192,26.2255
2,mimalloc,zeroed,256,16,1,disabled,no,7,8192,12.9012
2,jemalloc,zeroed,256,16,1,disabled,no,7,8192,29.0004
2,standard,reallocate,256,16,1,disabled,no,7,8192,51.5851
2,mimalloc,reallocate,256,16,1,disabled,no,7,8192,28.6042
2,jemalloc,reallocate,256,16,1,disabled,no,7,8192,64.8934
2,standard,reallocate_zeroed,256,16,1,disabled,no,7,8192,55.5243
2,mimalloc,reallocate_zeroed,256,16,1,disabled,no,7,8192,36.5986
2,jemalloc,reallocate_zeroed,256,16,1,disabled,no,7,8192,69.6375
2,standard,batch,256,16,1,disabled,no,7,8192,41.9945
2,mimalloc,batch,256,16,1,disabled,no,7,8192,11.5315
2,jemalloc,batch,256,16,1,disabled,no,7,8192,38.1165
2,standard,mixed_lifetime,256,16,1,disabled,no,7,8192,22.4514
2,mimalloc,mixed_lifetime,256,16,1,disabled,no,7,8192,12.5256
2,jemalloc,mixed_lifetime,256,16,1,disabled,no,7,8192,22.0197
2,standard,owned_block,256,16,1,disabled,no,7,8192,56.1553
2,mimalloc,owned_block,256,16,1,disabled,no,7,8192,32.6583
2,jemalloc,owned_block,256,16,1,disabled,no,7,8192,69.4906
2,standard,typed_raw,256,1,1,disabled,no,7,8192,19.4246
2,mimalloc,typed_raw,256,1,1,disabled,no,7,8192,10.3806
2,jemalloc,typed_raw,256,1,1,disabled,no,7,8192,20.5828
2,standard,array,256,1,1,disabled,no,7,8192,22.5236
2,mimalloc,array,256,1,1,disabled,no,7,8192,13.4869
2,jemalloc,array,256,1,1,disabled,no,7,8192,23.6914
2,mimalloc,raw,256,16,1,disabled,yes,7,8192,11.8518
2,jemalloc,raw,256,16,1,disabled,yes,7,8192,204.161
2,mimalloc,zeroed,256,16,1,disabled,yes,7,8192,15.1221
2,jemalloc,zeroed,256,16,1,disabled,yes,7,8192,206.472
2,mimalloc,reallocate,256,16,1,disabled,yes,7,8192,30.0962
2,jemalloc,reallocate,256,16,1,disabled,yes,7,8192,470.955
2,mimalloc,reallocate_zeroed,256,16,1,disabled,yes,7,8192,35.4883
2,jemalloc,reallocate_zeroed,256,16,1,disabled,yes,7,8192,478.185
2,mimalloc,batch,256,16,1,disabled,yes,7,8192,10.9896
2,jemalloc,batch,256,16,1,disabled,yes,7,8192,68.1515
2,mimalloc,mixed_lifetime,256,16,1,disabled,yes,7,8192,13.7096
2,jemalloc,mixed_lifetime,256,16,1,disabled,yes,7,8192,47.5173
2,mimalloc,owned_block,256,16,1,disabled,yes,7,8192,34.6714
2,jemalloc,owned_block,256,16,1,disabled,yes,7,8192,477.642
2,mimalloc,typed_raw,256,1,1,disabled,yes,7,8192,10.5457
2,jemalloc,typed_raw,256,1,1,disabled,yes,7,8192,195.808
2,mimalloc,array,256,1,1,disabled,yes,7,8192,14.1658
2,jemalloc,array,256,1,1,disabled,yes,7,8192,197.745
2,mimalloc,raw,256,16,1,basic,yes,7,8192,18.5953
2,jemalloc,raw,256,16,1,basic,yes,7,8192,215.938
2,mimalloc,zeroed,256,16,1,basic,yes,7,8192,20.9801
2,jemalloc,zeroed,256,16,1,basic,yes,7,8192,217.135
2,mimalloc,reallocate,256,16,1,basic,yes,7,8192,39.5742
2,jemalloc,reallocate,256,16,1,basic,yes,7,8192,479.719
2,mimalloc,reallocate_zeroed,256,16,1,basic,yes,7,8192,43.193
2,jemalloc,reallocate_zeroed,256,16,1,basic,yes,7,8192,485.141
2,mimalloc,batch,256,16,1,basic,yes,7,8192,16.9395
2,jemalloc,batch,256,16,1,basic,yes,7,8192,76.936
2,mimalloc,mixed_lifetime,256,16,1,basic,yes,7,8192,16.9431
2,jemalloc,mixed_lifetime,256,16,1,basic,yes,7,8192,49.1171
2,mimalloc,owned_block,256,16,1,basic,yes,7,8192,42.6133
2,jemalloc,owned_block,256,16,1,basic,yes,7,8192,486.1
2,mimalloc,typed_raw,256,1,1,basic,yes,7,8192,15.171
2,jemalloc,typed_raw,256,1,1,basic,yes,7,8192,214.572
2,mimalloc,array,256,1,1,basic,yes,7,8192,18.8778
2,jemalloc,array,256,1,1,basic,yes,7,8192,217.072
2,standard,raw,256,64,1,disabled,no,7,8192,22.817
2,mimalloc,raw,256,64,1,disabled,no,7,8192,11.9277
2,jemalloc,raw,256,64,1,disabled,no,7,8192,24.8607
2,standard,zeroed,256,64,1,disabled,no,7,8192,26.5349
2,mimalloc,zeroed,256,64,1,disabled,no,7,8192,14.7638
2,jemalloc,zeroed,256,64,1,disabled,no,7,8192,29.498
2,standard,reallocate,256,64,1,disabled,no,7,8192,52.2919
2,mimalloc,reallocate,256,64,1,disabled,no,7,8192,27.0009
2,jemalloc,reallocate,256,64,1,disabled,no,7,8192,64.4397
2,standard,reallocate_zeroed,256,64,1,disabled,no,7,8192,57.141
2,mimalloc,reallocate_zeroed,256,64,1,disabled,no,7,8192,32.7733
2,jemalloc,reallocate_zeroed,256,64,1,disabled,no,7,8192,71.1381
2,standard,batch,256,64,1,disabled,no,7,8192,82.0922
2,mimalloc,batch,256,64,1,disabled,no,7,8192,12.3948
2,jemalloc,batch,256,64,1,disabled,no,7,8192,38.5763
2,standard,mixed_lifetime,256,64,1,disabled,no,7,8192,40.8107
2,mimalloc,mixed_lifetime,256,64,1,disabled,no,7,8192,13.6791
2,jemalloc,mixed_lifetime,256,64,1,disabled,no,7,8192,22.6764
2,standard,owned_block,256,64,1,disabled,no,7,8192,56.7791
2,mimalloc,owned_block,256,64,1,disabled,no,7,8192,32.799
2,jemalloc,owned_block,256,64,1,disabled,no,7,8192,70.2476
2,mimalloc,raw,256,64,1,disabled,yes,7,8192,12.7007
2,jemalloc,raw,256,64,1,disabled,yes,7,8192,204.454
2,mimalloc,zeroed,256,64,1,disabled,yes,7,8192,16.9308
2,jemalloc,zeroed,256,64,1,disabled,yes,7,8192,206.9
2,mimalloc,reallocate,256,64,1,disabled,yes,7,8192,30.183
2,jemalloc,reallocate,256,64,1,disabled,yes,7,8192,471.479
2,mimalloc,reallocate_zeroed,256,64,1,disabled,yes,7,8192,34.9551
2,jemalloc,reallocate_zeroed,256,64,1,disabled,yes,7,8192,481.157
2,mimalloc,batch,256,64,1,disabled,yes,7,8192,11.9117
2,jemalloc,batch,256,64,1,disabled,yes,7,8192,69.8575
2,mimalloc,mixed_lifetime,256,64,1,disabled,yes,7,8192,13.915
2,jemalloc,mixed_lifetime,256,64,1,disabled,yes,7,8192,47.6019
2,mimalloc,owned_block,256,64,1,disabled,yes,7,8192,38.4235
2,jemalloc,owned_block,256,64,1,disabled,yes,7,8192,479.597
2,mimalloc,raw,256,64,1,basic,yes,7,8192,17.7478
2,jemalloc,raw,256,64,1,basic,yes,7,8192,218.383
2,mimalloc,zeroed,256,64,1,basic,yes,7,8192,20.3932
2,jemalloc,zeroed,256,64,1,basic,yes,7,8192,219.756
2,mimalloc,reallocate,256,64,1,basic,yes,7,8192,37.083
2,jemalloc,reallocate,256,64,1,basic,yes,7,8192,480.7
2,mimalloc,reallocate_zeroed,256,64,1,basic,yes,7,8192,41.9847
2,jemalloc,reallocate_zeroed,256,64,1,basic,yes,7,8192,486.364
2,mimalloc,batch,256,64,1,basic,yes,7,8192,15.8252
2,jemalloc,batch,256,64,1,basic,yes,7,8192,70.0679
2,mimalloc,mixed_lifetime,256,64,1,basic,yes,7,8192,16.0663
2,jemalloc,mixed_lifetime,256,64,1,basic,yes,7,8192,48.3527
2,mimalloc,owned_block,256,64,1,basic,yes,7,8192,43.5587
2,jemalloc,owned_block,256,64,1,basic,yes,7,8192,484.348
2,standard,raw,256,256,1,disabled,no,7,8192,57.41
2,mimalloc,raw,256,256,1,disabled,no,7,8192,11.9265
2,jemalloc,raw,256,256,1,disabled,no,7,8192,24.8508
2,standard,zeroed,256,256,1,disabled,no,7,8192,58.1769
2,mimalloc,zeroed,256,256,1,disabled,no,7,8192,13.806
2,jemalloc,zeroed,256,256,1,disabled,no,7,8192,29.0432
2,standard,reallocate,256,256,1,disabled,no,7,8192,119.009
2,mimalloc,reallocate,256,256,1,disabled,no,7,8192,27.0643
2,jemalloc,reallocate,256,256,1,disabled,no,7,8192,65.3264
2,standard,reallocate_zeroed,256,256,1,disabled,no,7,8192,120.898
2,mimalloc,reallocate_zeroed,256,256,1,disabled,no,7,8192,32.8307
2,jemalloc,reallocate_zeroed,256,256,1,disabled,no,7,8192,70.3223
2,standard,batch,256,256,1,disabled,no,7,8192,82.6989
2,mimalloc,batch,256,256,1,disabled,no,7,8192,12.4512
2,jemalloc,batch,256,256,1,disabled,no,7,8192,38.7805
2,standard,mixed_lifetime,256,256,1,disabled,no,7,8192,62.7617
2,mimalloc,mixed_lifetime,256,256,1,disabled,no,7,8192,13.9272
2,jemalloc,mixed_lifetime,256,256,1,disabled,no,7,8192,21.111
2,standard,owned_block,256,256,1,disabled,no,7,8192,127.77
2,mimalloc,owned_block,256,256,1,disabled,no,7,8192,32.6498
2,jemalloc,owned_block,256,256,1,disabled,no,7,8192,69.3915
2,mimalloc,raw,256,256,1,disabled,yes,7,8192,12.7006
2,jemalloc,raw,256,256,1,disabled,yes,7,8192,203.483
2,mimalloc,zeroed,256,256,1,disabled,yes,7,8192,17.3442
2,jemalloc,zeroed,256,256,1,disabled,yes,7,8192,207.026
2,mimalloc,reallocate,256,256,1,disabled,yes,7,8192,29.4479
2,jemalloc,reallocate,256,256,1,disabled,yes,7,8192,472.771
2,mimalloc,reallocate_zeroed,256,256,1,disabled,yes,7,8192,35.0234
2,jemalloc,reallocate_zeroed,256,256,1,disabled,yes,7,8192,480.002
2,mimalloc,batch,256,256,1,disabled,yes,7,8192,11.929
2,jemalloc,batch,256,256,1,disabled,yes,7,8192,68.0194
2,mimalloc,mixed_lifetime,256,256,1,disabled,yes,7,8192,14.6758
2,jemalloc,mixed_lifetime,256,256,1,disabled,yes,7,8192,47.0454
2,mimalloc,owned_block,256,256,1,disabled,yes,7,8192,36.9069
2,jemalloc,owned_block,256,256,1,disabled,yes,7,8192,477.73
2,mimalloc,raw,256,256,1,basic,yes,7,8192,15.5133
2,jemalloc,raw,256,256,1,basic,yes,7,8192,216.738
2,mimalloc,zeroed,256,256,1,basic,yes,7,8192,18.8668
2,jemalloc,zeroed,256,256,1,basic,yes,7,8192,217.785
2,mimalloc,reallocate,256,256,1,basic,yes,7,8192,35.8784
2,jemalloc,reallocate,256,256,1,basic,yes,7,8192,481.908
2,mimalloc,reallocate_zeroed,256,256,1,basic,yes,7,8192,41.0663
2,jemalloc,reallocate_zeroed,256,256,1,basic,yes,7,8192,486.703
2,mimalloc,batch,256,256,1,basic,yes,7,8192,14.8359
2,jemalloc,batch,256,256,1,basic,yes,7,8192,71.9562
2,mimalloc,mixed_lifetime,256,256,1,basic,yes,7,8192,16.7009
2,jemalloc,mixed_lifetime,256,256,1,basic,yes,7,8192,48.7783
2,mimalloc,owned_block,256,256,1,basic,yes,7,8192,41.6631
2,jemalloc,owned_block,256,256,1,basic,yes,7,8192,486.333
2,standard,raw,4096,16,1,disabled,no,7,8192,44.2386
2,mimalloc,raw,4096,16,1,disabled,no,7,8192,26.9141
2,jemalloc,raw,4096,16,1,disabled,no,7,8192,27.0901
2,standard,zeroed,4096,16,1,disabled,no,7,8192,120.539
2,mimalloc,zeroed,4096,16,1,disabled,no,7,8192,91.262
2,jemalloc,zeroed,4096,16,1,disabled,no,7,8192,93.8461
2,standard,reallocate,4096,16,1,disabled,no,7,8192,156.179
2,mimalloc,reallocate,4096,16,1,disabled,no,7,8192,106.856
2,jemalloc,reallocate,4096,16,1,disabled,no,7,8192,135.257
2,standard,reallocate_zeroed,4096,16,1,disabled,no,7,8192,220.228
2,mimalloc,reallocate_zeroed,4096,16,1,disabled,no,7,8192,170.136
2,jemalloc,reallocate_zeroed,4096,16,1,disabled,no,7,8192,201.895
2,standard,batch,4096,16,1,disabled,no,7,8192,671.174
2,mimalloc,batch,4096,16,1,disabled,no,7,8192,51.7404
2,jemalloc,batch,4096,16,1,disabled,no,7,8192,181.301
2,standard,mixed_lifetime,4096,16,1,disabled,no,7,8192,143.293
2,mimalloc,mixed_lifetime,4096,16,1,disabled,no,7,8192,29.9554
2,jemalloc,mixed_lifetime,4096,16,1,disabled,no,7,8192,88.9774
2,standard,owned_block,4096,16,1,disabled,no,7,8192,162.291
2,mimalloc,owned_block,4096,16,1,disabled,no,7,8192,135.075
2,jemalloc,owned_block,4096,16,1,disabled,no,7,8192,145.863
2,standard,typed_raw,4096,1,1,disabled,no,7,8192,39.5559
2,mimalloc,typed_raw,4096,1,1,disabled,no,7,8192,23.3466
2,jemalloc,typed_raw,4096,1,1,disabled,no,7,8192,22.9233
2,standard,array,4096,1,1,disabled,no,7,8192,115.681
2,mimalloc,array,4096,1,1,disabled,no,7,8192,87.1541
2,jemalloc,array,4096,1,1,disabled,no,7,8192,85.9432
2,mimalloc,raw,4096,16,1,disabled,yes,7,8192,25.3975
2,jemalloc,raw,4096,16,1,disabled,yes,7,8192,213.621
2,mimalloc,zeroed,4096,16,1,disabled,yes,7,8192,92.3651
2,jemalloc,zeroed,4096,16,1,disabled,yes,7,8192,273.532
2,mimalloc,reallocate,4096,16,1,disabled,yes,7,8192,107.452
2,jemalloc,reallocate,4096,16,1,disabled,yes,7,8192,543.506
2,mimalloc,reallocate_zeroed,4096,16,1,disabled,yes,7,8192,172.164
2,jemalloc,reallocate_zeroed,4096,16,1,disabled,yes,7,8192,604.438
2,mimalloc,batch,4096,16,1,disabled,yes,7,8192,51.4579
2,jemalloc,batch,4096,16,1,disabled,yes,7,8192,229.621
2,mimalloc,mixed_lifetime,4096,16,1,disabled,yes,7,8192,29.5837
2,jemalloc,mixed_lifetime,4096,16,1,disabled,yes,7,8192,190.328
2,mimalloc,owned_block,4096,16,1,disabled,yes,7,8192,112.438
2,jemalloc,owned_block,4096,16,1,disabled,yes,7,8192,542.389
2,mimalloc,typed_raw,4096,1,1,disabled,yes,7,8192,21.2809
2,jemalloc,typed_raw,4096,1,1,disabled,yes,7,8192,203.715
2,mimalloc,array,4096,1,1,disabled,yes,7,8192,82.7795
2,jemalloc,array,4096,1,1,disabled,yes,7,8192,263.134
2,mimalloc,raw,4096,16,1,basic,yes,7,8192,31.0098
2,jemalloc,raw,4096,16,1,basic,yes,7,8192,224.46
2,mimalloc,zeroed,4096,16,1,basic,yes,7,8192,95.6427
2,jemalloc,zeroed,4096,16,1,basic,yes,7,8192,284.118
2,mimalloc,reallocate,4096,16,1,basic,yes,7,8192,115.098
2,jemalloc,reallocate,4096,16,1,basic,yes,7,8192,553.881
2,mimalloc,reallocate_zeroed,4096,16,1,basic,yes,7,8192,176.692
2,jemalloc,reallocate_zeroed,4096,16,1,basic,yes,7,8192,612.165
2,mimalloc,batch,4096,16,1,basic,yes,7,8192,62.1136
2,jemalloc,batch,4096,16,1,basic,yes,7,8192,233.74
2,mimalloc,mixed_lifetime,4096,16,1,basic,yes,7,8192,32.2499
2,jemalloc,mixed_lifetime,4096,16,1,basic,yes,7,8192,194.46
2,mimalloc,owned_block,4096,16,1,basic,yes,7,8192,120.534
2,jemalloc,owned_block,4096,16,1,basic,yes,7,8192,560.591
2,mimalloc,typed_raw,4096,1,1,basic,yes,7,8192,23.1802
2,jemalloc,typed_raw,4096,1,1,basic,yes,7,8192,223.57
2,mimalloc,array,4096,1,1,basic,yes,7,8192,85.8846
2,jemalloc,array,4096,1,1,basic,yes,7,8192,279.483
2,standard,raw,4096,64,1,disabled,no,7,8192,66.4357
2,mimalloc,raw,4096,64,1,disabled,no,7,8192,27.6417
2,jemalloc,raw,4096,64,1,disabled,no,7,8192,26.6437
2,standard,zeroed,4096,64,1,disabled,no,7,8192,126.813
2,mimalloc,zeroed,4096,64,1,disabled,no,7,8192,91.9567
2,jemalloc,zeroed,4096,64,1,disabled,no,7,8192,93.2579
2,standard,reallocate,4096,64,1,disabled,no,7,8192,189.359
2,mimalloc,reallocate,4096,64,1,disabled,no,7,8192,108.256
2,jemalloc,reallocate,4096,64,1,disabled,no,7,8192,135.195
2,standard,reallocate_zeroed,4096,64,1,disabled,no,7,8192,250.276
2,mimalloc,reallocate_zeroed,4096,64,1,disabled,no,7,8192,171.197
2,jemalloc,reallocate_zeroed,4096,64,1,disabled,no,7,8192,200.398
2,standard,batch,4096,64,1,disabled,no,7,8192,730.994
2,mimalloc,batch,4096,64,1,disabled,no,7,8192,51.7758
2,jemalloc,batch,4096,64,1,disabled,no,7,8192,199.641
2,standard,mixed_lifetime,4096,64,1,disabled,no,7,8192,181.8
2,mimalloc,mixed_lifetime,4096,64,1,disabled,no,7,8192,30.282
2,jemalloc,mixed_lifetime,4096,64,1,disabled,no,7,8192,84.938
2,standard,owned_block,4096,64,1,disabled,no,7,8192,199.607
2,mimalloc,owned_block,4096,64,1,disabled,no,7,8192,134.705
2,jemalloc,owned_block,4096,64,1,disabled,no,7,8192,144.182
2,mimalloc,raw,4096,64,1,disabled,yes,7,8192,27.2515
2,jemalloc,raw,4096,64,1,disabled,yes,7,8192,212.607
2,mimalloc,zeroed,4096,64,1,disabled,yes,7,8192,92.0215
2,jemalloc,zeroed,4096,64,1,disabled,yes,7,8192,272.959
2,mimalloc,reallocate,4096,64,1,disabled,yes,7,8192,107.355
2,jemalloc,reallocate,4096,64,1,disabled,yes,7,8192,542.836
2,mimalloc,reallocate_zeroed,4096,64,1,disabled,yes,7,8192,171.95
2,jemalloc,reallocate_zeroed,4096,64,1,disabled,yes,7,8192,603.786
2,mimalloc,batch,4096,64,1,disabled,yes,7,8192,51.996
2,jemalloc,batch,4096,64,1,disabled,yes,7,8192,230.35
2,mimalloc,mixed_lifetime,4096,64,1,disabled,yes,7,8192,30.062
2,jemalloc,mixed_lifetime,4096,64,1,disabled,yes,7,8192,191.255
2,mimalloc,owned_block,4096,64,1,disabled,yes,7,8192,113.563
2,jemalloc,owned_block,4096,64,1,disabled,yes,7,8192,548.493
2,mimalloc,raw,4096,64,1,basic,yes,7,8192,32.1667
2,jemalloc,raw,4096,64,1,basic,yes,7,8192,224.773
2,mimalloc,zeroed,4096,64,1,basic,yes,7,8192,96.9659
2,jemalloc,zeroed,4096,64,1,basic,yes,7,8192,283.774
2,mimalloc,reallocate,4096,64,1,basic,yes,7,8192,114.819
2,jemalloc,reallocate,4096,64,1,basic,yes,7,8192,554.34
2,mimalloc,reallocate_zeroed,4096,64,1,basic,yes,7,8192,177.628
2,jemalloc,reallocate_zeroed,4096,64,1,basic,yes,7,8192,613.571
2,mimalloc,batch,4096,64,1,basic,yes,7,8192,61.4973
2,jemalloc,batch,4096,64,1,basic,yes,7,8192,231.405
2,mimalloc,mixed_lifetime,4096,64,1,basic,yes,7,8192,32.2058
2,jemalloc,mixed_lifetime,4096,64,1,basic,yes,7,8192,196.11
2,mimalloc,owned_block,4096,64,1,basic,yes,7,8192,120.749
2,jemalloc,owned_block,4096,64,1,basic,yes,7,8192,561.388
2,standard,raw,4096,256,1,disabled,no,7,8192,66.4723
2,mimalloc,raw,4096,256,1,disabled,no,7,8192,27.7003
2,jemalloc,raw,4096,256,1,disabled,no,7,8192,26.6462
2,standard,zeroed,4096,256,1,disabled,no,7,8192,126.414
2,mimalloc,zeroed,4096,256,1,disabled,no,7,8192,92.0081
2,jemalloc,zeroed,4096,256,1,disabled,no,7,8192,93.5905
2,standard,reallocate,4096,256,1,disabled,no,7,8192,189.19
2,mimalloc,reallocate,4096,256,1,disabled,no,7,8192,108.045
2,jemalloc,reallocate,4096,256,1,disabled,no,7,8192,135.641
2,standard,reallocate_zeroed,4096,256,1,disabled,no,7,8192,250.349
2,mimalloc,reallocate_zeroed,4096,256,1,disabled,no,7,8192,170.976
2,jemalloc,reallocate_zeroed,4096,256,1,disabled,no,7,8192,201.452
2,standard,batch,4096,256,1,disabled,no,7,8192,813.167
2,mimalloc,batch,4096,256,1,disabled,no,7,8192,52.6454
2,jemalloc,batch,4096,256,1,disabled,no,7,8192,200.343
2,standard,mixed_lifetime,4096,256,1,disabled,no,7,8192,164.166
2,mimalloc,mixed_lifetime,4096,256,1,disabled,no,7,8192,30.2283
2,jemalloc,mixed_lifetime,4096,256,1,disabled,no,7,8192,87.6213
2,standard,owned_block,4096,256,1,disabled,no,7,8192,199.581
2,mimalloc,owned_block,4096,256,1,disabled,no,7,8192,134.932
2,jemalloc,owned_block,4096,256,1,disabled,no,7,8192,143.938
2,mimalloc,raw,4096,256,1,disabled,yes,7,8192,27.2417
2,jemalloc,raw,4096,256,1,disabled,yes,7,8192,212.203
2,mimalloc,zeroed,4096,256,1,disabled,yes,7,8192,91.9102
2,jemalloc,zeroed,4096,256,1,disabled,yes,7,8192,272.486
2,mimalloc,reallocate,4096,256,1,disabled,yes,7,8192,107.688
2,jemalloc,reallocate,4096,256,1,disabled,yes,7,8192,544.03
2,mimalloc,reallocate_zeroed,4096,256,1,disabled,yes,7,8192,172.401
2,jemalloc,reallocate_zeroed,4096,256,1,disabled,yes,7,8192,606.39
2,mimalloc,batch,4096,256,1,disabled,yes,7,8192,50.9075
2,jemalloc,batch,4096,256,1,disabled,yes,7,8192,227.764
2,mimalloc,mixed_lifetime,4096,256,1,disabled,yes,7,8192,29.7819
2,jemalloc,mixed_lifetime,4096,256,1,disabled,yes,7,8192,191.864
2,mimalloc,owned_block,4096,256,1,disabled,yes,7,8192,112.549
2,jemalloc,owned_block,4096,256,1,disabled,yes,7,8192,542.409
2,mimalloc,raw,4096,256,1,basic,yes,7,8192,30.3199
2,jemalloc,raw,4096,256,1,basic,yes,7,8192,224.572
2,mimalloc,zeroed,4096,256,1,basic,yes,7,8192,95.1571
2,jemalloc,zeroed,4096,256,1,basic,yes,7,8192,282.567
2,mimalloc,reallocate,4096,256,1,basic,yes,7,8192,115.12
2,jemalloc,reallocate,4096,256,1,basic,yes,7,8192,554.839
2,mimalloc,reallocate_zeroed,4096,256,1,basic,yes,7,8192,177.983
2,jemalloc,reallocate_zeroed,4096,256,1,basic,yes,7,8192,609.616
2,mimalloc,batch,4096,256,1,basic,yes,7,8192,62.7031
2,jemalloc,batch,4096,256,1,basic,yes,7,8192,231.77
2,mimalloc,mixed_lifetime,4096,256,1,basic,yes,7,8192,32.9089
2,jemalloc,mixed_lifetime,4096,256,1,basic,yes,7,8192,196.64
2,mimalloc,owned_block,4096,256,1,basic,yes,7,8192,120.218
2,jemalloc,owned_block,4096,256,1,basic,yes,7,8192,560.654
2,standard,raw,65536,16,1,disabled,no,7,8192,36.7821
2,mimalloc,raw,65536,16,1,disabled,no,7,8192,28.1516
2,jemalloc,raw,65536,16,1,disabled,no,7,8192,394.014
2,standard,zeroed,65536,16,1,disabled,no,7,8192,780.013
2,mimalloc,zeroed,65536,16,1,disabled,no,7,8192,937.688
2,jemalloc,zeroed,65536,16,1,disabled,no,7,8192,1130.24
2,standard,reallocate,65536,16,1,disabled,no,7,8192,30448.5
2,mimalloc,reallocate,65536,16,1,disabled,no,7,8192,1734.4
2,jemalloc,reallocate,65536,16,1,disabled,no,7,8192,694.767
2,standard,reallocate_zeroed,65536,16,1,disabled,no,7,8192,58808.5
2,mimalloc,reallocate_zeroed,65536,16,1,disabled,no,7,8192,2485.23
2,jemalloc,reallocate_zeroed,65536,16,1,disabled,no,7,8192,1434.49
2,standard,batch,65536,16,1,disabled,no,7,8192,2248.41
2,mimalloc,batch,65536,16,1,disabled,no,7,8192,96.9941
2,jemalloc,batch,65536,16,1,disabled,no,7,8192,383.135
2,standard,mixed_lifetime,65536,16,1,disabled,no,7,8192,194.047
2,mimalloc,mixed_lifetime,65536,16,1,disabled,no,7,8192,39.891
2,jemalloc,mixed_lifetime,65536,16,1,disabled,no,7,8192,261.303
2,standard,owned_block,65536,16,1,disabled,no,7,8192,21683.4
2,mimalloc,owned_block,65536,16,1,disabled,no,7,8192,2164.16
2,jemalloc,owned_block,65536,16,1,disabled,no,7,8192,717.738
2,standard,typed_raw,65536,1,1,disabled,no,7,8192,32.684
2,mimalloc,typed_raw,65536,1,1,disabled,no,7,8192,22.3156
2,jemalloc,typed_raw,65536,1,1,disabled,no,7,8192,410.499
2,standard,array,65536,1,1,disabled,no,7,8192,774.594
2,mimalloc,array,65536,1,1,disabled,no,7,8192,760.526
2,jemalloc,array,65536,1,1,disabled,no,7,8192,1154.61
2,mimalloc,raw,65536,16,1,disabled,yes,7,8192,28.4843
2,jemalloc,raw,65536,16,1,disabled,yes,7,8192,397.705
2,mimalloc,zeroed,65536,16,1,disabled,yes,7,8192,941.924
2,jemalloc,zeroed,65536,16,1,disabled,yes,7,8192,1129.33
2,mimalloc,reallocate,65536,16,1,disabled,yes,7,8192,1720.81
2,jemalloc,reallocate,65536,16,1,disabled,yes,7,8192,721.101
2,mimalloc,reallocate_zeroed,65536,16,1,disabled,yes,7,8192,2487.13
2,jemalloc,reallocate_zeroed,65536,16,1,disabled,yes,7,8192,1464.57
2,mimalloc,batch,65536,16,1,disabled,yes,7,8192,101.651
2,jemalloc,batch,65536,16,1,disabled,yes,7,8192,417.066
2,mimalloc,mixed_lifetime,65536,16,1,disabled,yes,7,8192,39.7063
2,jemalloc,mixed_lifetime,65536,16,1,disabled,yes,7,8192,288.927
2,mimalloc,owned_block,65536,16,1,disabled,yes,7,8192,1729.63
2,jemalloc,owned_block,65536,16,1,disabled,yes,7,8192,733.672
2,mimalloc,typed_raw,65536,1,1,disabled,yes,7,8192,21.8081
2,jemalloc,typed_raw,65536,1,1,disabled,yes,7,8192,415.3
2,mimalloc,array,65536,1,1,disabled,yes,7,8192,762.595
2,jemalloc,array,65536,1,1,disabled,yes,7,8192,1155.25
2,mimalloc,raw,65536,16,1,basic,yes,7,8192,32.651
2,jemalloc,raw,65536,16,1,basic,yes,7,8192,405.656
2,mimalloc,zeroed,65536,16,1,basic,yes,7,8192,948.814
2,jemalloc,zeroed,65536,16,1,basic,yes,7,8192,1147.46
2,mimalloc,reallocate,65536,16,1,basic,yes,7,8192,1734.97
2,jemalloc,reallocate,65536,16,1,basic,yes,7,8192,734.903
2,mimalloc,reallocate_zeroed,65536,16,1,basic,yes,7,8192,2495.97
2,jemalloc,reallocate_zeroed,65536,16,1,basic,yes,7,8192,1478.75
2,mimalloc,batch,65536,16,1,basic,yes,7,8192,107.419
2,jemalloc,batch,65536,16,1,basic,yes,7,8192,419.581
2,mimalloc,mixed_lifetime,65536,16,1,basic,yes,7,8192,43.8828
2,jemalloc,mixed_lifetime,65536,16,1,basic,yes,7,8192,306.153
2,mimalloc,owned_block,65536,16,1,basic,yes,7,8192,1744.41
2,jemalloc,owned_block,65536,16,1,basic,yes,7,8192,743.69
2,mimalloc,typed_raw,65536,1,1,basic,yes,7,8192,23.9202
2,jemalloc,typed_raw,65536,1,1,basic,yes,7,8192,420.171
2,mimalloc,array,65536,1,1,basic,yes,7,8192,758.968
2,jemalloc,array,65536,1,1,basic,yes,7,8192,1166.33
2,standard,raw,65536,64,1,disabled,no,7,8192,50.3009
2,mimalloc,raw,65536,64,1,disabled,no,7,8192,29.1202
2,jemalloc,raw,65536,64,1,disabled,no,7,8192,397.48
2,standard,zeroed,65536,64,1,disabled,no,7,8192,779.355
2,mimalloc,zeroed,65536,64,1,disabled,no,7,8192,936.348
2,jemalloc,zeroed,65536,64,1,disabled,no,7,8192,1140.24
2,standard,reallocate,65536,64,1,disabled,no,7,8192,1434.31
2,mimalloc,reallocate,65536,64,1,disabled,no,7,8192,1720.73
2,jemalloc,reallocate,65536,64,1,disabled,no,7,8192,706.739
2,standard,reallocate_zeroed,65536,64,1,disabled,no,7,8192,2196.92
2,mimalloc,reallocate_zeroed,65536,64,1,disabled,no,7,8192,2482.99
2,jemalloc,reallocate_zeroed,65536,64,1,disabled,no,7,8192,1465.27
2,standard,batch,65536,64,1,disabled,no,7,8192,3053.79
2,mimalloc,batch,65536,64,1,disabled,no,7,8192,98.3981
2,jemalloc,batch,65536,64,1,disabled,no,7,8192,422.226
2,standard,mixed_lifetime,65536,64,1,disabled,no,7,8192,266.67
2,mimalloc,mixed_lifetime,65536,64,1,disabled,no,7,8192,41.438
2,jemalloc,mixed_lifetime,65536,64,1,disabled,no,7,8192,258.798
2,standard,owned_block,65536,64,1,disabled,no,7,8192,1441.94
2,mimalloc,owned_block,65536,64,1,disabled,no,7,8192,2146.42
2,jemalloc,owned_block,65536,64,1,disabled,no,7,8192,716.445
2,mimalloc,raw,65536,64,1,disabled,yes,7,8192,28.4745
2,jemalloc,raw,65536,64,1,disabled,yes,7,8192,392.94
2,mimalloc,zeroed,65536,64,1,disabled,yes,7,8192,932.035
2,jemalloc,zeroed,65536,64,1,disabled,yes,7,8192,1126.9
2,mimalloc,reallocate,65536,64,1,disabled,yes,7,8192,1810.59
2,jemalloc,reallocate,65536,64,1,disabled,yes,7,8192,721.281
2,mimalloc,reallocate_zeroed,65536,64,1,disabled,yes,7,8192,2635.22
2,jemalloc,reallocate_zeroed,65536,64,1,disabled,yes,7,8192,1465.84
2,mimalloc,batch,65536,64,1,disabled,yes,7,8192,99.0524
2,jemalloc,batch,65536,64,1,disabled,yes,7,8192,415.957
2,mimalloc,mixed_lifetime,65536,64,1,disabled,yes,7,8192,40.0499
2,jemalloc,mixed_lifetime,65536,64,1,disabled,yes,7,8192,295.329
2,mimalloc,owned_block,65536,64,1,disabled,yes,7,8192,1829.2
2,jemalloc,owned_block,65536,64,1,disabled,yes,7,8192,735.69
2,mimalloc,raw,65536,64,1,basic,yes,7,8192,31.3191
2,jemalloc,raw,65536,64,1,basic,yes,7,8192,404.132
2,mimalloc,zeroed,65536,64,1,basic,yes,7,8192,947.147
2,jemalloc,zeroed,65536,64,1,basic,yes,7,8192,1147.78
2,mimalloc,reallocate,65536,64,1,basic,yes,7,8192,1822.22
2,jemalloc,reallocate,65536,64,1,basic,yes,7,8192,732.426
2,mimalloc,reallocate_zeroed,65536,64,1,basic,yes,7,8192,2637.68
2,jemalloc,reallocate_zeroed,65536,64,1,basic,yes,7,8192,1479.31
2,mimalloc,batch,65536,64,1,basic,yes,7,8192,105.127
2,jemalloc,batch,65536,64,1,basic,yes,7,8192,420.576
2,mimalloc,mixed_lifetime,65536,64,1,basic,yes,7,8192,42.2574
2,jemalloc,mixed_lifetime,65536,64,1,basic,yes,7,8192,299.14
2,mimalloc,owned_block,65536,64,1,basic,yes,7,8192,1838.94
2,jemalloc,owned_block,65536,64,1,basic,yes,7,8192,746.42
2,standard,raw,65536,256,1,disabled,no,7,8192,50.2985
2,mimalloc,raw,65536,256,1,disabled,no,7,8192,26.3074
2,jemalloc,raw,65536,256,1,disabled,no,7,8192,399.559
2,standard,zeroed,65536,256,1,disabled,no,7,8192,778.642
2,mimalloc,zeroed,65536,256,1,disabled,no,7,8192,1026.64
2,jemalloc,zeroed,65536,256,1,disabled,no,7,8192,1139.96
2,standard,reallocate,65536,256,1,disabled,no,7,8192,1433.96
2,mimalloc,reallocate,65536,256,1,disabled,no,7,8192,1813.64
2,jemalloc,reallocate,65536,256,1,disabled,no,7,8192,706.416
2,standard,reallocate_zeroed,65536,256,1,disabled,no,7,8192,2196.37
2,mimalloc,reallocate_zeroed,65536,256,1,disabled,no,7,8192,2662.02
2,jemalloc,reallocate_zeroed,65536,256,1,disabled,no,7,8192,1464.26
2,standard,batch,65536,256,1,disabled,no,7,8192,2427.99
2,mimalloc,batch,65536,256,1,disabled,no,7,8192,98.1266
2,jemalloc,batch,65536,256,1,disabled,no,7,8192,390.913
2,standard,mixed_lifetime,65536,256,1,disabled,no,7,8192,236.764
2,mimalloc,mixed_lifetime,65536,256,1,disabled,no,7,8192,40.379
2,jemalloc,mixed_lifetime,65536,256,1,disabled,no,7,8192,250.453
2,standard,owned_block,65536,256,1,disabled,no,7,8192,1444.1
2,mimalloc,owned_block,65536,256,1,disabled,no,7,8192,2484.13
2,jemalloc,owned_block,65536,256,1,disabled,no,7,8192,718.796
2,mimalloc,raw,65536,256,1,disabled,yes,7,8192,28.4757
2,jemalloc,raw,65536,256,1,disabled,yes,7,8192,393.213
2,mimalloc,zeroed,65536,256,1,disabled,yes,7,8192,931.072
2,jemalloc,zeroed,65536,256,1,disabled,yes,7,8192,1132.19
2,mimalloc,reallocate,65536,256,1,disabled,yes,7,8192,1724.82
2,jemalloc,reallocate,65536,256,1,disabled,yes,7,8192,725.484
2,mimalloc,reallocate_zeroed,65536,256,1,disabled,yes,7,8192,2603.33
2,jemalloc,reallocate_zeroed,65536,256,1,disabled,yes,7,8192,1462.62
2,mimalloc,batch,65536,256,1,disabled,yes,7,8192,101.016
2,jemalloc,batch,65536,256,1,disabled,yes,7,8192,413.748
2,mimalloc,mixed_lifetime,65536,256,1,disabled,yes,7,8192,41.9614
2,jemalloc,mixed_lifetime,65536,256,1,disabled,yes,7,8192,292.306
2,mimalloc,owned_block,65536,256,1,disabled,yes,7,8192,1736.54
2,jemalloc,owned_block,65536,256,1,disabled,yes,7,8192,730.325
2,mimalloc,raw,65536,256,1,basic,yes,7,8192,31.554
2,jemalloc,raw,65536,256,1,basic,yes,7,8192,404.192
2,mimalloc,zeroed,65536,256,1,basic,yes,7,8192,939.073
2,jemalloc,zeroed,65536,256,1,basic,yes,7,8192,1143.94
2,mimalloc,reallocate,65536,256,1,basic,yes,7,8192,1740.3
2,jemalloc,reallocate,65536,256,1,basic,yes,7,8192,733.818
2,mimalloc,reallocate_zeroed,65536,256,1,basic,yes,7,8192,2610
2,jemalloc,reallocate_zeroed,65536,256,1,basic,yes,7,8192,1477.47
2,mimalloc,batch,65536,256,1,basic,yes,7,8192,102.563
2,jemalloc,batch,65536,256,1,basic,yes,7,8192,417.998
2,mimalloc,mixed_lifetime,65536,256,1,basic,yes,7,8192,41.7645
2,jemalloc,mixed_lifetime,65536,256,1,basic,yes,7,8192,294.961
2,mimalloc,owned_block,65536,256,1,basic,yes,7,8192,1752.54
2,jemalloc,owned_block,65536,256,1,basic,yes,7,8192,739.815
2,standard,cross_thread,64,16,2,disabled,no,7,8192,118.807
2,mimalloc,cross_thread,64,16,2,disabled,no,7,8192,25.5883
2,jemalloc,cross_thread,64,16,2,disabled,no,7,8192,56.6139
2,mimalloc,cross_thread,64,16,2,disabled,yes,7,8192,26.5361
2,jemalloc,cross_thread,64,16,2,disabled,yes,7,8192,176.204
2,standard,cross_thread,64,16,4,disabled,no,7,8192,156.031
2,mimalloc,cross_thread,64,16,4,disabled,no,7,8192,26.8467
2,jemalloc,cross_thread,64,16,4,disabled,no,7,8192,65.9868
2,mimalloc,cross_thread,64,16,4,disabled,yes,7,8192,28.3572
2,jemalloc,cross_thread,64,16,4,disabled,yes,7,8192,275.946
2,standard,cross_thread,64,16,8,disabled,no,7,8192,137.36
2,mimalloc,cross_thread,64,16,8,disabled,no,7,8192,35.7008
2,jemalloc,cross_thread,64,16,8,disabled,no,7,8192,81.8325
2,mimalloc,cross_thread,64,16,8,disabled,yes,7,8192,38.1149
2,jemalloc,cross_thread,64,16,8,disabled,yes,7,8192,231.723
2,mimalloc,detailed_statistics,0,0,1,disabled,no,7,512,835.381
2,jemalloc,detailed_statistics,0,0,1,disabled,no,7,512,40740.6
2,mimalloc,detailed_statistics,0,0,1,disabled,yes,7,512,2.81836
2,jemalloc,detailed_statistics,0,0,1,disabled,yes,7,512,49324.9
2,fixed_buffer,stack_mark_rewind,64,16,1,disabled,no,7,8192,5.78833
2,fixed_buffer,stack_mark_rewind,64,64,1,disabled,no,7,8192,5.78223
2,fixed_buffer,stack_mark_rewind,64,256,1,disabled,no,7,8192,5.78833
2,fixed_buffer,stack_mark_rewind,256,16,1,disabled,no,7,8192,5.79333
2,fixed_buffer,stack_mark_rewind,256,64,1,disabled,no,7,8192,5.797
2,fixed_buffer,stack_mark_rewind,256,256,1,disabled,no,7,8192,5.79089
2,fixed_buffer,stack_mark_rewind,4096,16,1,disabled,no,7,8192,5.79199
2,fixed_buffer,stack_mark_rewind,4096,64,1,disabled,no,7,8192,5.78833
2,fixed_buffer,stack_mark_rewind,4096,256,1,disabled,no,7,8192,5.7749
2,fixed_buffer,stack_mark_rewind,65536,16,1,disabled,no,7,8192,5.79321
2,fixed_buffer,stack_mark_rewind,65536,64,1,disabled,no,7,8192,5.79321
2,fixed_buffer,stack_mark_rewind,65536,256,1,disabled,no,7,8192,5.78333
3,standard,raw,64,16,1,disabled,no,7,8192,29.1699
3,mimalloc,raw,64,16,1,disabled,no,7,8192,12.2163
3,jemalloc,raw,64,16,1,disabled,no,7,8192,27.084
3,standard,zeroed,64,16,1,disabled,no,7,8192,28.9037
3,mimalloc,zeroed,64,16,1,disabled,no,7,8192,43.3507
3,jemalloc,zeroed,64,16,1,disabled,no,7,8192,27.8972
3,standard,reallocate,64,16,1,disabled,no,7,8192,48.1326
3,mimalloc,reallocate,64,16,1,disabled,no,7,8192,29.5569
3,jemalloc,reallocate,64,16,1,disabled,no,7,8192,61.2527
3,standard,reallocate_zeroed,64,16,1,disabled,no,7,8192,53.4514
3,mimalloc,reallocate_zeroed,64,16,1,disabled,no,7,8192,31.2556
3,jemalloc,reallocate_zeroed,64,16,1,disabled,no,7,8192,74.4535
3,standard,batch,64,16,1,disabled,no,7,8192,24.8264
3,mimalloc,batch,64,16,1,disabled,no,7,8192,11.5986
3,jemalloc,batch,64,16,1,disabled,no,7,8192,25.2629
3,standard,mixed_lifetime,64,16,1,disabled,no,7,8192,20.5753
3,mimalloc,mixed_lifetime,64,16,1,disabled,no,7,8192,13.4515
3,jemalloc,mixed_lifetime,64,16,1,disabled,no,7,8192,19.3768
3,standard,owned_block,64,16,1,disabled,no,7,8192,54.7587
3,mimalloc,owned_block,64,16,1,disabled,no,7,8192,33.2428
3,jemalloc,owned_block,64,16,1,disabled,no,7,8192,75.4343
3,standard,typed_raw,64,1,1,disabled,no,7,8192,18.8081
3,mimalloc,typed_raw,64,1,1,disabled,no,7,8192,11.3357
3,jemalloc,typed_raw,64,1,1,disabled,no,7,8192,20.4139
3,standard,create_destroy,64,1,1,disabled,no,7,8192,19.4685
3,mimalloc,create_destroy,64,1,1,disabled,no,7,8192,11.0239
3,jemalloc,create_destroy,64,1,1,disabled,no,7,8192,20.0984
3,standard,object,64,1,1,disabled,no,7,8192,18.5
3,mimalloc,object,64,1,1,disabled,no,7,8192,11.0226
3,jemalloc,object,64,1,1,disabled,no,7,8192,20.0972
3,standard,shared_object,64,1,1,disabled,no,7,8192,20.4641
3,mimalloc,shared_object,64,1,1,disabled,no,7,8192,14.9851
3,jemalloc,shared_object,64,1,1,disabled,no,7,8192,26.0482
3,standard,array,64,1,1,disabled,no,7,8192,21.292
3,mimalloc,array,64,1,1,disabled,no,7,8192,13.7903
3,jemalloc,array,64,1,1,disabled,no,7,8192,22.8892
3,standard,std_vector,256,8,1,disabled,no,7,8192,144.658
3,mimalloc,std_vector,256,8,1,disabled,no,7,8192,97.8856
3,jemalloc,std_vector,256,8,1,disabled,no,7,8192,177.173
3,standard,pmr_vector,256,8,1,disabled,no,7,8192,150.873
3,mimalloc,pmr_vector,256,8,1,disabled,no,7,8192,104.884
3,jemalloc,pmr_vector,256,8,1,disabled,no,7,8192,181.39
3,mimalloc,raw,64,16,1,disabled,yes,7,8192,11.9497
3,jemalloc,raw,64,16,1,disabled,yes,7,8192,202.561
3,mimalloc,zeroed,64,16,1,disabled,yes,7,8192,37.4388
3,jemalloc,zeroed,64,16,1,disabled,yes,7,8192,206.743
3,mimalloc,reallocate,64,16,1,disabled,yes,7,8192,29.9604
3,jemalloc,reallocate,64,16,1,disabled,yes,7,8192,459.661
3,mimalloc,reallocate_zeroed,64,16,1,disabled,yes,7,8192,32.2131
3,jemalloc,reallocate_zeroed,64,16,1,disabled,yes,7,8192,465.712
3,mimalloc,batch,64,16,1,disabled,yes,7,8192,10.6948
3,jemalloc,batch,64,16,1,disabled,yes,7,8192,55.4595
3,mimalloc,mixed_lifetime,64,16,1,disabled,yes,7,8192,11.8738
3,jemalloc,mixed_lifetime,64,16,1,disabled,yes,7,8192,36.4764
3,mimalloc,owned_block,64,16,1,disabled,yes,7,8192,34.3276
3,jemalloc,owned_block,64,16,1,disabled,yes,7,8192,467.713
3,mimalloc,typed_raw,64,1,1,disabled,yes,7,8192,10.2888
3,jemalloc,typed_raw,64,1,1,disabled,yes,7,8192,194.568
3,mimalloc,create_destroy,64,1,1,disabled,yes,7,8192,9.88525
3,jemalloc,create_destroy,64,1,1,disabled,yes,7,8192,192.248
3,mimalloc,object,64,1,1,disabled,yes,7,8192,9.86694
3,jemalloc,object,64,1,1,disabled,yes,7,8192,196.18
3,mimalloc,shared_object,64,1,1,disabled,yes,7,8192,12.8694
3,jemalloc,shared_object,64,1,1,disabled,yes,7,8192,222.438
3,mimalloc,array,64,1,1,disabled,yes,7,8192,13.7402
3,jemalloc,array,64,1,1,disabled,yes,7,8192,197.093
3,mimalloc,std_vector,256,8,1,disabled,yes,7,8192,93.6298
3,jemalloc,std_vector,256,8,1,disabled,yes,7,8192,1277.25
3,mimalloc,pmr_vector,256,8,1,disabled,yes,7,8192,98.5375
3,jemalloc,pmr_vector,256,8,1,disabled,yes,7,8192,1302.45
3,mimalloc,raw,64,16,1,basic,yes,7,8192,14.6244
3,jemalloc,raw,64,16,1,basic,yes,7,8192,216.356
3,mimalloc,zeroed,64,16,1,basic,yes,7,8192,42.2367
3,jemalloc,zeroed,64,16,1,basic,yes,7,8192,214.757
3,mimalloc,reallocate,64,16,1,basic,yes,7,8192,36.3125
3,jemalloc,reallocate,64,16,1,basic,yes,7,8192,476.469
3,mimalloc,reallocate_zeroed,64,16,1,basic,yes,7,8192,40.2004
3,jemalloc,reallocate_zeroed,64,16,1,basic,yes,7,8192,479.708
3,mimalloc,batch,64,16,1,basic,yes,7,8192,14.6354
3,jemalloc,batch,64,16,1,basic,yes,7,8192,59.0048
3,mimalloc,mixed_lifetime,64,16,1,basic,yes,7,8192,14.7748
3,jemalloc,mixed_lifetime,64,16,1,basic,yes,7,8192,37.5979
3,mimalloc,owned_block,64,16,1,basic,yes,7,8192,42.3333
3,jemalloc,owned_block,64,16,1,basic,yes,7,8192,482.62
3,mimalloc,typed_raw,64,1,1,basic,yes,7,8192,13.9358
3,jemalloc,typed_raw,64,1,1,basic,yes,7,8192,209.242
3,mimalloc,create_destroy,64,1,1,basic,yes,7,8192,13.6434
3,jemalloc,create_destroy,64,1,1,basic,yes,7,8192,209.423
3,mimalloc,object,64,1,1,basic,yes,7,8192,13.6558
3,jemalloc,object,64,1,1,basic,yes,7,8192,211.648
3,mimalloc,shared_object,64,1,1,basic,yes,7,8192,16.6105
3,jemalloc,shared_object,64,1,1,basic,yes,7,8192,238.262
3,mimalloc,array,64,1,1,basic,yes,7,8192,16.4771
3,jemalloc,array,64,1,1,basic,yes,7,8192,212.398
3,mimalloc,std_vector,256,8,1,basic,yes,7,8192,116.417
3,jemalloc,std_vector,256,8,1,basic,yes,7,8192,1344.76
3,mimalloc,pmr_vector,256,8,1,basic,yes,7,8192,112.493
3,jemalloc,pmr_vector,256,8,1,basic,yes,7,8192,1355.26
3,standard,raw,64,64,1,disabled,no,7,8192,23.7404
3,mimalloc,raw,64,64,1,disabled,no,7,8192,13.0454
3,jemalloc,raw,64,64,1,disabled,no,7,8192,23.5178
3,standard,zeroed,64,64,1,disabled,no,7,8192,26.9348
3,mimalloc,zeroed,64,64,1,disabled,no,7,8192,39.9056
3,jemalloc,zeroed,64,64,1,disabled,no,7,8192,25.1248
3,standard,reallocate,64,64,1,disabled,no,7,8192,87.0415
3,mimalloc,reallocate,64,64,1,disabled,no,7,8192,28.2141
3,jemalloc,reallocate,64,64,1,disabled,no,7,8192,61.6355
3,standard,reallocate_zeroed,64,64,1,disabled,no,7,8192,91.2559
3,mimalloc,reallocate_zeroed,64,64,1,disabled,no,7,8192,30.7969
3,jemalloc,reallocate_zeroed,64,64,1,disabled,no,7,8192,65.6578
3,standard,batch,64,64,1,disabled,no,7,8192,78.1713
3,mimalloc,batch,64,64,1,disabled,no,7,8192,12.5122
3,jemalloc,batch,64,64,1,disabled,no,7,8192,24.4961
3,standard,mixed_lifetime,64,64,1,disabled,no,7,8192,41.5859
3,mimalloc,mixed_lifetime,64,64,1,disabled,no,7,8192,12.7263
3,jemalloc,mixed_lifetime,64,64,1,disabled,no,7,8192,19.3657
3,standard,owned_block,64,64,1,disabled,no,7,8192,80.9694
3,mimalloc,owned_block,64,64,1,disabled,no,7,8192,33.298
3,jemalloc,owned_block,64,64,1,disabled,no,7,8192,75.4784
3,mimalloc,raw,64,64,1,disabled,yes,7,8192,11.7821
3,jemalloc,raw,64,64,1,disabled,yes,7,8192,202.597
3,mimalloc,zeroed,64,64,1,disabled,yes,7,8192,37.5184
3,jemalloc,zeroed,64,64,1,disabled,yes,7,8192,205.626
3,mimalloc,reallocate,64,64,1,disabled,yes,7,8192,29.5372
3,jemalloc,reallocate,64,64,1,disabled,yes,7,8192,459.255
3,mimalloc,reallocate_zeroed,64,64,1,disabled,yes,7,8192,31.4207
3,jemalloc,reallocate_zeroed,64,64,1,disabled,yes,7,8192,463.539
3,mimalloc,batch,64,64,1,disabled,yes,7,8192,10.6643
3,jemalloc,batch,64,64,1,disabled,yes,7,8192,56.3741
3,mimalloc,mixed_lifetime,64,64,1,disabled,yes,7,8192,11.842
3,jemalloc,mixed_lifetime,64,64,1,disabled,yes,7,8192,36.3285
3,mimalloc,owned_block,64,64,1,disabled,yes,7,8192,34.2567
3,jemalloc,owned_block,64,64,1,disabled,yes,7,8192,469.589
3,mimalloc,raw,64,64,1,basic,yes,7,8192,17.6353
3,jemalloc,raw,64,64,1,basic,yes,7,8192,215.492
3,mimalloc,zeroed,64,64,1,basic,yes,7,8192,42.9508
3,jemalloc,zeroed,64,64,1,basic,yes,7,8192,215.861
3,mimalloc,reallocate,64,64,1,basic,yes,7,8192,36.2515
3,jemalloc,reallocate,64,64,1,basic,yes,7,8192,471.825
3,mimalloc,reallocate_zeroed,64,64,1,basic,yes,7,8192,38.6852
3,jemalloc,reallocate_zeroed,64,64,1,basic,yes,7,8192,475.782
3,mimalloc,batch,64,64,1,basic,yes,7,8192,15.6407
3,jemalloc,batch,64,64,1,basic,yes,7,8192,60.6388
3,mimalloc,mixed_lifetime,64,64,1,basic,yes,7,8192,15.6272
3,jemalloc,mixed_lifetime,64,64,1,basic,yes,7,8192,38.1874
3,mimalloc,owned_block,64,64,1,basic,yes,7,8192,42.0447
3,jemalloc,owned_block,64,64,1,basic,yes,7,8192,478.488
3,standard,raw,64,256,1,disabled,no,7,8192,23.7404
3,mimalloc,raw,64,256,1,disabled,no,7,8192,16.3634
3,jemalloc,raw,64,256,1,disabled,no,7,8192,24.3542
3,standard,zeroed,64,256,1,disabled,no,7,8192,26.848
3,mimalloc,zeroed,64,256,1,disabled,no,7,8192,19.6788
3,jemalloc,zeroed,64,256,1,disabled,no,7,8192,27.3151
3,standard,reallocate,64,256,1,disabled,no,7,8192,94.986
3,mimalloc,reallocate,64,256,1,disabled,no,7,8192,28.1014
3,jemalloc,reallocate,64,256,1,disabled,no,7,8192,54.7465
3,standard,reallocate_zeroed,64,256,1,disabled,no,7,8192,97.7561
3,mimalloc,reallocate_zeroed,64,256,1,disabled,no,7,8192,33.4373
3,jemalloc,reallocate_zeroed,64,256,1,disabled,no,7,8192,57.1509
3,standard,batch,64,256,1,disabled,no,7,8192,82.2291
3,mimalloc,batch,64,256,1,disabled,no,7,8192,18.9268
3,jemalloc,batch,64,256,1,disabled,no,7,8192,37.7728
3,standard,mixed_lifetime,64,256,1,disabled,no,7,8192,49.9414
3,mimalloc,mixed_lifetime,64,256,1,disabled,no,7,8192,16.8135
3,jemalloc,mixed_lifetime,64,256,1,disabled,no,7,8192,20.2194
3,standard,owned_block,64,256,1,disabled,no,7,8192,97.8281
3,mimalloc,owned_block,64,256,1,disabled,no,7,8192,36.9718
3,jemalloc,owned_block,64,256,1,disabled,no,7,8192,69.1213
3,mimalloc,raw,64,256,1,disabled,yes,7,8192,17.0494
3,jemalloc,raw,64,256,1,disabled,yes,7,8192,205.237
3,mimalloc,zeroed,64,256,1,disabled,yes,7,8192,21.6075
3,jemalloc,zeroed,64,256,1,disabled,yes,7,8192,207.741
3,mimalloc,reallocate,64,256,1,disabled,yes,7,8192,30.7211
3,jemalloc,reallocate,64,256,1,disabled,yes,7,8192,257.058
3,mimalloc,reallocate_zeroed,64,256,1,disabled,yes,7,8192,35.0406
3,jemalloc,reallocate_zeroed,64,256,1,disabled,yes,7,8192,262.257
3,mimalloc,batch,64,256,1,disabled,yes,7,8192,18.5366
3,jemalloc,batch,64,256,1,disabled,yes,7,8192,65.1919
3,mimalloc,mixed_lifetime,64,256,1,disabled,yes,7,8192,15.5366
3,jemalloc,mixed_lifetime,64,256,1,disabled,yes,7,8192,43.7164
3,mimalloc,owned_block,64,256,1,disabled,yes,7,8192,35.5078
3,jemalloc,owned_block,64,256,1,disabled,yes,7,8192,273.354
3,mimalloc,raw,64,256,1,basic,yes,7,8192,23.8737
3,jemalloc,raw,64,256,1,basic,yes,7,8192,215.16
3,mimalloc,zeroed,64,256,1,basic,yes,7,8192,25.8036
3,jemalloc,zeroed,64,256,1,basic,yes,7,8192,216.273
3,mimalloc,reallocate,64,256,1,basic,yes,7,8192,39.2635
3,jemalloc,reallocate,64,256,1,basic,yes,7,8192,266.076
3,mimalloc,reallocate_zeroed,64,256,1,basic,yes,7,8192,42.6757
3,jemalloc,reallocate_zeroed,64,256,1,basic,yes,7,8192,271.332
3,mimalloc,batch,64,256,1,basic,yes,7,8192,21.9977
3,jemalloc,batch,64,256,1,basic,yes,7,8192,71.0524
3,mimalloc,mixed_lifetime,64,256,1,basic,yes,7,8192,18.9745
3,jemalloc,mixed_lifetime,64,256,1,basic,yes,7,8192,44.6227
3,mimalloc,owned_block,64,256,1,basic,yes,7,8192,44.2595
3,jemalloc,owned_block,64,256,1,basic,yes,7,8192,282.914
3,standard,raw,256,16,1,disabled,no,7,8192,22.5077
3,mimalloc,raw,256,16,1,disabled,no,7,8192,10.0969
3,jemalloc,raw,256,16,1,disabled,no,7,8192,24.2601
3,standard,zeroed,256,16,1,disabled,no,7,8192,26.2303
3,mimalloc,zeroed,256,16,1,disabled,no,7,8192,13.0234
3,jemalloc,zeroed,256,16,1,disabled,no,7,8192,27.1904
3,standard,reallocate,256,16,1,disabled,no,7,8192,50.6764
3,mimalloc,reallocate,256,16,1,disabled,no,7,8192,26.7269
3,jemalloc,reallocate,256,16,1,disabled,no,7,8192,64.5804
3,standard,reallocate_zeroed,256,16,1,disabled,no,7,8192,55.5267
3,mimalloc,reallocate_zeroed,256,16,1,disabled,no,7,8192,32.8394
3,jemalloc,reallocate_zeroed,256,16,1,disabled,no,7,8192,71.1208
3,standard,batch,256,16,1,disabled,no,7,8192,43.0928
3,mimalloc,batch,256,16,1,disabled,no,7,8192,10.6057
3,jemalloc,batch,256,16,1,disabled,no,7,8192,37.2017
3,standard,mixed_lifetime,256,16,1,disabled,no,7,8192,22.778
3,mimalloc,mixed_lifetime,256,16,1,disabled,no,7,8192,12.1355
3,jemalloc,mixed_lifetime,256,16,1,disabled,no,7,8192,21.1465
3,standard,owned_block,256,16,1,disabled,no,7,8192,57.2511
3,mimalloc,owned_block,256,16,1,disabled,no,7,8192,31.0098
3,jemalloc,owned_block,256,16,1,disabled,no,7,8192,69.0651
3,standard,typed_raw,256,1,1,disabled,no,7,8192,19.4233
3,mimalloc,typed_raw,256,1,1,disabled,no,7,8192,9.42419
3,jemalloc,typed_raw,256,1,1,disabled,no,7,8192,20.5791
3,standard,array,256,1,1,disabled,no,7,8192,22.5297
3,mimalloc,array,256,1,1,disabled,no,7,8192,12.8571
3,jemalloc,array,256,1,1,disabled,no,7,8192,24.5635
3,mimalloc,raw,256,16,1,disabled,yes,7,8192,13.1421
3,jemalloc,raw,256,16,1,disabled,yes,7,8192,204.264
3,mimalloc,zeroed,256,16,1,disabled,yes,7,8192,15.1062
3,jemalloc,zeroed,256,16,1,disabled,yes,7,8192,208.798
3,mimalloc,reallocate,256,16,1,disabled,yes,7,8192,29.8076
3,jemalloc,reallocate,256,16,1,disabled,yes,7,8192,470.615
3,mimalloc,reallocate_zeroed,256,16,1,disabled,yes,7,8192,35.1323
3,jemalloc,reallocate_zeroed,256,16,1,disabled,yes,7,8192,476.159
3,mimalloc,batch,256,16,1,disabled,yes,7,8192,10.7352
3,jemalloc,batch,256,16,1,disabled,yes,7,8192,64.9791
3,mimalloc,mixed_lifetime,256,16,1,disabled,yes,7,8192,13.0907
3,jemalloc,mixed_lifetime,256,16,1,disabled,yes,7,8192,47.0785
3,mimalloc,owned_block,256,16,1,disabled,yes,7,8192,35.0358
3,jemalloc,owned_block,256,16,1,disabled,yes,7,8192,480.47
3,mimalloc,typed_raw,256,1,1,disabled,yes,7,8192,10.6202
3,jemalloc,typed_raw,256,1,1,disabled,yes,7,8192,195.156
3,mimalloc,array,256,1,1,disabled,yes,7,8192,14.9473
3,jemalloc,array,256,1,1,disabled,yes,7,8192,198.522
3,mimalloc,raw,256,16,1,basic,yes,7,8192,18.2859
3,jemalloc,raw,256,16,1,basic,yes,7,8192,214.57
3,mimalloc,zeroed,256,16,1,basic,yes,7,8192,20.4469
3,jemalloc,zeroed,256,16,1,basic,yes,7,8192,220.488
3,mimalloc,reallocate,256,16,1,basic,yes,7,8192,38.1985
3,jemalloc,reallocate,256,16,1,basic,yes,7,8192,480.965
3,mimalloc,reallocate_zeroed,256,16,1,basic,yes,7,8192,42.4641
3,jemalloc,reallocate_zeroed,256,16,1,basic,yes,7,8192,482.862
3,mimalloc,batch,256,16,1,basic,yes,7,8192,14.7661
3,jemalloc,batch,256,16,1,basic,yes,7,8192,69.2412
3,mimalloc,mixed_lifetime,256,16,1,basic,yes,7,8192,15.3875
3,jemalloc,mixed_lifetime,256,16,1,basic,yes,7,8192,48.7502
3,mimalloc,owned_block,256,16,1,basic,yes,7,8192,42.6316
3,jemalloc,owned_block,256,16,1,basic,yes,7,8192,486.636
3,mimalloc,typed_raw,256,1,1,basic,yes,7,8192,13.4149
3,jemalloc,typed_raw,256,1,1,basic,yes,7,8192,210.312
3,mimalloc,array,256,1,1,basic,yes,7,8192,17.157
3,jemalloc,array,256,1,1,basic,yes,7,8192,214.306
3,standard,raw,256,64,1,disabled,no,7,8192,21.8901
3,mimalloc,raw,256,64,1,disabled,no,7,8192,12.1808
3,jemalloc,raw,256,64,1,disabled,no,7,8192,24.4816
3,standard,zeroed,256,64,1,disabled,no,7,8192,26.5374
3,mimalloc,zeroed,256,64,1,disabled,no,7,8192,14.8739
3,jemalloc,zeroed,256,64,1,disabled,no,7,8192,27.4349
3,standard,reallocate,256,64,1,disabled,no,7,8192,49.3666
3,mimalloc,reallocate,256,64,1,disabled,no,7,8192,27.0474
3,jemalloc,reallocate,256,64,1,disabled,no,7,8192,64.7125
3,standard,reallocate_zeroed,256,64,1,disabled,no,7,8192,54.2854
3,mimalloc,reallocate_zeroed,256,64,1,disabled,no,7,8192,32.2389
3,jemalloc,reallocate_zeroed,256,64,1,disabled,no,7,8192,71.0438
3,standard,batch,256,64,1,disabled,no,7,8192,81.4673
3,mimalloc,batch,256,64,1,disabled,no,7,8192,12.4646
3,jemalloc,batch,256,64,1,disabled,no,7,8192,38.2816
3,standard,mixed_lifetime,256,64,1,disabled,no,7,8192,39.1144
3,mimalloc,mixed_lifetime,256,64,1,disabled,no,7,8192,13.6447
3,jemalloc,mixed_lifetime,256,64,1,disabled,no,7,8192,21.3214
3,standard,owned_block,256,64,1,disabled,no,7,8192,54.9116
3,mimalloc,owned_block,256,64,1,disabled,no,7,8192,32.53
3,jemalloc,owned_block,256,64,1,disabled,no,7,8192,69.1813
3,mimalloc,raw,256,64,1,disabled,yes,7,8192,13.3207
3,jemalloc,raw,256,64,1,disabled,yes,7,8192,203.387
3,mimalloc,zeroed,256,64,1,disabled,yes,7,8192,16.0992
3,jemalloc,zeroed,256,64,1,disabled,yes,7,8192,208.488
3,mimalloc,reallocate,256,64,1,disabled,yes,7,8192,29.2769
3,jemalloc,reallocate,256,64,1,disabled,yes,7,8192,472.211
3,mimalloc,reallocate_zeroed,256,64,1,disabled,yes,7,8192,34.8488
3,jemalloc,reallocate_zeroed,256,64,1,disabled,yes,7,8192,478.313
3,mimalloc,batch,256,64,1,disabled,yes,7,8192,10.9016
3,jemalloc,batch,256,64,1,disabled,yes,7,8192,65.2053
3,mimalloc,mixed_lifetime,256,64,1,disabled,yes,7,8192,12.6003
3,jemalloc,mixed_lifetime,256,64,1,disabled,yes,7,8192,47.1041
3,mimalloc,owned_block,256,64,1,disabled,yes,7,8192,35.2657
3,jemalloc,owned_block,256,64,1,disabled,yes,7,8192,479.399
3,mimalloc,raw,256,64,1,basic,yes,7,8192,16.4026
3,jemalloc,raw,256,64,1,basic,yes,7,8192,217.419
3,mimalloc,zeroed,256,64,1,basic,yes,7,8192,19.7926
3,jemalloc,zeroed,256,64,1,basic,yes,7,8192,219.52
3,mimalloc,reallocate,256,64,1,basic,yes,7,8192,38.4761
3,jemalloc,reallocate,256,64,1,basic,yes,7,8192,478.401
3,mimalloc,reallocate_zeroed,256,64,1,basic,yes,7,8192,44.986
3,jemalloc,reallocate_zeroed,256,64,1,basic,yes,7,8192,483.112
3,mimalloc,batch,256,64,1,basic,yes,7,8192,16.4868
3,jemalloc,batch,256,64,1,basic,yes,7,8192,69.3268
3,mimalloc,mixed_lifetime,256,64,1,basic,yes,7,8192,15.9696
3,jemalloc,mixed_lifetime,256,64,1,basic,yes,7,8192,48.8652
3,mimalloc,owned_block,256,64,1,basic,yes,7,8192,43.8583
3,jemalloc,owned_block,256,64,1,basic,yes,7,8192,484.028
3,standard,raw,256,256,1,disabled,no,7,8192,58.6381
3,mimalloc,raw,256,256,1,disabled,no,7,8192,11.1255
3,jemalloc,raw,256,256,1,disabled,no,7,8192,25.2164
3,standard,zeroed,256,256,1,disabled,no,7,8192,59.3009
3,mimalloc,zeroed,256,256,1,disabled,no,7,8192,13.0295
3,jemalloc,zeroed,256,256,1,disabled,no,7,8192,27.391
3,standard,reallocate,256,256,1,disabled,no,7,8192,119.416
3,mimalloc,reallocate,256,256,1,disabled,no,7,8192,26.9592
3,jemalloc,reallocate,256,256,1,disabled,no,7,8192,64.7784
3,standard,reallocate_zeroed,256,256,1,disabled,no,7,8192,122.235
3,mimalloc,reallocate_zeroed,256,256,1,disabled,no,7,8192,32.2094
3,jemalloc,reallocate_zeroed,256,256,1,disabled,no,7,8192,69.8356
3,standard,batch,256,256,1,disabled,no,7,8192,83.8129
3,mimalloc,batch,256,256,1,disabled,no,7,8192,11.5253
3,jemalloc,batch,256,256,1,disabled,no,7,8192,38.3414
3,standard,mixed_lifetime,256,256,1,disabled,no,7,8192,64.0448
3,mimalloc,mixed_lifetime,256,256,1,disabled,no,7,8192,13.553
3,jemalloc,mixed_lifetime,256,256,1,disabled,no,7,8192,21.1378
3,standard,owned_block,256,256,1,disabled,no,7,8192,128.546
3,mimalloc,owned_block,256,256,1,disabled,no,7,8192,32.5409
3,jemalloc,owned_block,256,256,1,disabled,no,7,8192,69.7915
3,mimalloc,raw,256,256,1,disabled,yes,7,8192,11.5509
3,jemalloc,raw,256,256,1,disabled,yes,7,8192,203.885
3,mimalloc,zeroed,256,256,1,disabled,yes,7,8192,16.0074
3,jemalloc,zeroed,256,256,1,disabled,yes,7,8192,208.234
3,mimalloc,reallocate,256,256,1,disabled,yes,7,8192,28.9698
3,jemalloc,reallocate,256,256,1,disabled,yes,7,8192,471.045
3,mimalloc,reallocate_zeroed,256,256,1,disabled,yes,7,8192,34.3105
3,jemalloc,reallocate_zeroed,256,256,1,disabled,yes,7,8192,479.898
3,mimalloc,batch,256,256,1,disabled,yes,7,8192,10.7194
3,jemalloc,batch,256,256,1,disabled,yes,7,8192,65.0048
3,mimalloc,mixed_lifetime,256,256,1,disabled,yes,7,8192,13.9883
3,jemalloc,mixed_lifetime,256,256,1,disabled,yes,7,8192,45.5021
3,mimalloc,owned_block,256,256,1,disabled,yes,7,8192,35.7695
3,jemalloc,owned_block,256,256,1,disabled,yes,7,8192,480.033
3,mimalloc,raw,256,256,1,basic,yes,7,8192,16.4404
3,jemalloc,raw,256,256,1,basic,yes,7,8192,216.629
3,mimalloc,zeroed,256,256,1,basic,yes,7,8192,19.4991
3,jemalloc,zeroed,256,256,1,basic,yes,7,8192,219.791
3,mimalloc,reallocate,256,256,1,basic,yes,7,8192,36.6906
3,jemalloc,reallocate,256,256,1,basic,yes,7,8192,479.07
3,mimalloc,reallocate_zeroed,256,256,1,basic,yes,7,8192,42.1989
3,jemalloc,reallocate_zeroed,256,256,1,basic,yes,7,8192,484.312
3,mimalloc,batch,256,256,1,basic,yes,7,8192,14.7539
3,jemalloc,batch,256,256,1,basic,yes,7,8192,69.2717
3,mimalloc,mixed_lifetime,256,256,1,basic,yes,7,8192,16.6201
3,jemalloc,mixed_lifetime,256,256,1,basic,yes,7,8192,48.8444
3,mimalloc,owned_block,256,256,1,basic,yes,7,8192,42.8298
3,jemalloc,owned_block,256,256,1,basic,yes,7,8192,485.646
3,standard,raw,4096,16,1,disabled,no,7,8192,44.3317
3,mimalloc,raw,4096,16,1,disabled,no,7,8192,26.9054
3,jemalloc,raw,4096,16,1,disabled,no,7,8192,26.8322
3,standard,zeroed,4096,16,1,disabled,no,7,8192,121.149
3,mimalloc,zeroed,4096,16,1,disabled,no,7,8192,88.7158
3,jemalloc,zeroed,4096,16,1,disabled,no,7,8192,93.6921
3,standard,reallocate,4096,16,1,disabled,no,7,8192,155.979
3,mimalloc,reallocate,4096,16,1,disabled,no,7,8192,109.333
3,jemalloc,reallocate,4096,16,1,disabled,no,7,8192,135.666
3,standard,reallocate_zeroed,4096,16,1,disabled,no,7,8192,220.429
3,mimalloc,reallocate_zeroed,4096,16,1,disabled,no,7,8192,173.715
3,jemalloc,reallocate_zeroed,4096,16,1,disabled,no,7,8192,202.667
3,standard,batch,4096,16,1,disabled,no,7,8192,663.922
3,mimalloc,batch,4096,16,1,disabled,no,7,8192,52.7959
3,jemalloc,batch,4096,16,1,disabled,no,7,8192,183.922
3,standard,mixed_lifetime,4096,16,1,disabled,no,7,8192,138.543
3,mimalloc,mixed_lifetime,4096,16,1,disabled,no,7,8192,31.1492
3,jemalloc,mixed_lifetime,4096,16,1,disabled,no,7,8192,83.2136
3,standard,owned_block,4096,16,1,disabled,no,7,8192,162.008
3,mimalloc,owned_block,4096,16,1,disabled,no,7,8192,135.299
3,jemalloc,owned_block,4096,16,1,disabled,no,7,8192,144.957
3,standard,typed_raw,4096,1,1,disabled,no,7,8192,40.3937
3,mimalloc,typed_raw,4096,1,1,disabled,no,7,8192,21.5549
3,jemalloc,typed_raw,4096,1,1,disabled,no,7,8192,23.8578
3,standard,array,4096,1,1,disabled,no,7,8192,117.176
3,mimalloc,array,4096,1,1,disabled,no,7,8192,85.157
3,jemalloc,array,4096,1,1,disabled,no,7,8192,83.6649
3,mimalloc,raw,4096,16,1,disabled,yes,7,8192,26.0017
3,jemalloc,raw,4096,16,1,disabled,yes,7,8192,212.721
3,mimalloc,zeroed,4096,16,1,disabled,yes,7,8192,91.8258
3,jemalloc,zeroed,4096,16,1,disabled,yes,7,8192,272.816
3,mimalloc,reallocate,4096,16,1,disabled,yes,7,8192,107.131
3,jemalloc,reallocate,4096,16,1,disabled,yes,7,8192,542.806
3,mimalloc,reallocate_zeroed,4096,16,1,disabled,yes,7,8192,172.83
3,jemalloc,reallocate_zeroed,4096,16,1,disabled,yes,7,8192,607.996
3,mimalloc,batch,4096,16,1,disabled,yes,7,8192,51.0862
3,jemalloc,batch,4096,16,1,disabled,yes,7,8192,228.109
3,mimalloc,mixed_lifetime,4096,16,1,disabled,yes,7,8192,29.6265
3,jemalloc,mixed_lifetime,4096,16,1,disabled,yes,7,8192,190.22
3,mimalloc,owned_block,4096,16,1,disabled,yes,7,8192,112.758
3,jemalloc,owned_block,4096,16,1,disabled,yes,7,8192,546.698
3,mimalloc,typed_raw,4096,1,1,disabled,yes,7,8192,22.433
3,jemalloc,typed_raw,4096,1,1,disabled,yes,7,8192,203.343
3,mimalloc,array,4096,1,1,disabled,yes,7,8192,85.3049
3,jemalloc,array,4096,1,1,disabled,yes,7,8192,262.726
3,mimalloc,raw,4096,16,1,basic,yes,7,8192,31.8658
3,jemalloc,raw,4096,16,1,basic,yes,7,8192,223.676
3,mimalloc,zeroed,4096,16,1,basic,yes,7,8192,93.6235
3,jemalloc,zeroed,4096,16,1,basic,yes,7,8192,281.213
3,mimalloc,reallocate,4096,16,1,basic,yes,7,8192,114.062
3,jemalloc,reallocate,4096,16,1,basic,yes,7,8192,550.525
3,mimalloc,reallocate_zeroed,4096,16,1,basic,yes,7,8192,177.802
3,jemalloc,reallocate_zeroed,4096,16,1,basic,yes,7,8192,606.295
3,mimalloc,batch,4096,16,1,basic,yes,7,8192,62.3044
3,jemalloc,batch,4096,16,1,basic,yes,7,8192,233.994
3,mimalloc,mixed_lifetime,4096,16,1,basic,yes,7,8192,31.796
3,jemalloc,mixed_lifetime,4096,16,1,basic,yes,7,8192,193.493
3,mimalloc,owned_block,4096,16,1,basic,yes,7,8192,120.212
3,jemalloc,owned_block,4096,16,1,basic,yes,7,8192,555.7
3,mimalloc,typed_raw,4096,1,1,basic,yes,7,8192,23.3405
3,jemalloc,typed_raw,4096,1,1,basic,yes,7,8192,216.819
3,mimalloc,array,4096,1,1,basic,yes,7,8192,86.1328
3,jemalloc,array,4096,1,1,basic,yes,7,8192,278.382
3,standard,raw,4096,64,1,disabled,no,7,8192,67.1964
3,mimalloc,raw,4096,64,1,disabled,no,7,8192,27.4741
3,jemalloc,raw,4096,64,1,disabled,no,7,8192,26.6156
3,standard,zeroed,4096,64,1,disabled,no,7,8192,128.914
3,mimalloc,zeroed,4096,64,1,disabled,no,7,8192,91.5299
3,jemalloc,zeroed,4096,64,1,disabled,no,7,8192,91.8967
3,standard,reallocate,4096,64,1,disabled,no,7,8192,194.376
3,mimalloc,reallocate,4096,64,1,disabled,no,7,8192,111.565
3,jemalloc,reallocate,4096,64,1,disabled,no,7,8192,135.094
3,standard,reallocate_zeroed,4096,64,1,disabled,no,7,8192,254.908
3,mimalloc,reallocate_zeroed,4096,64,1,disabled,no,7,8192,175.081
3,jemalloc,reallocate_zeroed,4096,64,1,disabled,no,7,8192,202.011
3,standard,batch,4096,64,1,disabled,no,7,8192,730.502
3,mimalloc,batch,4096,64,1,disabled,no,7,8192,51.6707
3,jemalloc,batch,4096,64,1,disabled,no,7,8192,187.296
3,standard,mixed_lifetime,4096,64,1,disabled,no,7,8192,178.378
3,mimalloc,mixed_lifetime,4096,64,1,disabled,no,7,8192,29.5422
3,jemalloc,mixed_lifetime,4096,64,1,disabled,no,7,8192,88.4492
3,standard,owned_block,4096,64,1,disabled,no,7,8192,203.152
3,mimalloc,owned_block,4096,64,1,disabled,no,7,8192,135.629
3,jemalloc,owned_block,4096,64,1,disabled,no,7,8192,144.217
3,mimalloc,raw,4096,64,1,disabled,yes,7,8192,25.9821
3,jemalloc,raw,4096,64,1,disabled,yes,7,8192,212.476
3,mimalloc,zeroed,4096,64,1,disabled,yes,7,8192,92.2502
3,jemalloc,zeroed,4096,64,1,disabled,yes,7,8192,272.191
3,mimalloc,reallocate,4096,64,1,disabled,yes,7,8192,107.817
3,jemalloc,reallocate,4096,64,1,disabled,yes,7,8192,542.971
3,mimalloc,reallocate_zeroed,4096,64,1,disabled,yes,7,8192,171.84
3,jemalloc,reallocate_zeroed,4096,64,1,disabled,yes,7,8192,599.172
3,mimalloc,batch,4096,64,1,disabled,yes,7,8192,51.0984
3,jemalloc,batch,4096,64,1,disabled,yes,7,8192,227.022
3,mimalloc,mixed_lifetime,4096,64,1,disabled,yes,7,8192,29.3147
3,jemalloc,mixed_lifetime,4096,64,1,disabled,yes,7,8192,189.549
3,mimalloc,owned_block,4096,64,1,disabled,yes,7,8192,112.498
3,jemalloc,owned_block,4096,64,1,disabled,yes,7,8192,546.395
3,mimalloc,raw,4096,64,1,basic,yes,7,8192,33.3456
3,jemalloc,raw,4096,64,1,basic,yes,7,8192,222.881
3,mimalloc,zeroed,4096,64,1,basic,yes,7,8192,95.0422
3,jemalloc,zeroed,4096,64,1,basic,yes,7,8192,281.836
3,mimalloc,reallocate,4096,64,1,basic,yes,7,8192,114.525
3,jemalloc,reallocate,4096,64,1,basic,yes,7,8192,550.164
3,mimalloc,reallocate_zeroed,4096,64,1,basic,yes,7,8192,178.266
3,jemalloc,reallocate_zeroed,4096,64,1,basic,yes,7,8192,606.767
3,mimalloc,batch,4096,64,1,basic,yes,7,8192,60.4064
3,jemalloc,batch,4096,64,1,basic,yes,7,8192,230.352
3,mimalloc,mixed_lifetime,4096,64,1,basic,yes,7,8192,32.13
3,jemalloc,mixed_lifetime,4096,64,1,basic,yes,7,8192,195.005
3,mimalloc,owned_block,4096,64,1,basic,yes,7,8192,120.499
3,jemalloc,owned_block,4096,64,1,basic,yes,7,8192,558.316
3,standard,raw,4096,256,1,disabled,no,7,8192,67.2477
3,mimalloc,raw,4096,256,1,disabled,no,7,8192,27.2858
3,jemalloc,raw,4096,256,1,disabled,no,7,8192,26.6033
3,standard,zeroed,4096,256,1,disabled,no,7,8192,129.065
3,mimalloc,zeroed,4096,256,1,disabled,no,7,8192,91.1189
3,jemalloc,zeroed,4096,256,1,disabled,no,7,8192,92.8763
3,standard,reallocate,4096,256,1,disabled,no,7,8192,193.936
3,mimalloc,reallocate,4096,256,1,disabled,no,7,8192,111.371
3,jemalloc,reallocate,4096,256,1,disabled,no,7,8192,138.348
3,standard,reallocate_zeroed,4096,256,1,disabled,no,7,8192,253.653
3,mimalloc,reallocate_zeroed,4096,256,1,disabled,no,7,8192,174.977
3,jemalloc,reallocate_zeroed,4096,256,1,disabled,no,7,8192,204.58
3,standard,batch,4096,256,1,disabled,no,7,8192,788.688
3,mimalloc,batch,4096,256,1,disabled,no,7,8192,51.0127
3,jemalloc,batch,4096,256,1,disabled,no,7,8192,196.048
3,standard,mixed_lifetime,4096,256,1,disabled,no,7,8192,160.976
3,mimalloc,mixed_lifetime,4096,256,1,disabled,no,7,8192,29.9946
3,jemalloc,mixed_lifetime,4096,256,1,disabled,no,7,8192,84.3853
3,standard,owned_block,4096,256,1,disabled,no,7,8192,204.397
3,mimalloc,owned_block,4096,256,1,disabled,no,7,8192,135.457
3,jemalloc,owned_block,4096,256,1,disabled,no,7,8192,145.106
3,mimalloc,raw,4096,256,1,disabled,yes,7,8192,27.0277
3,jemalloc,raw,4096,256,1,disabled,yes,7,8192,212.57
3,mimalloc,zeroed,4096,256,1,disabled,yes,7,8192,92.2649
3,jemalloc,zeroed,4096,256,1,disabled,yes,7,8192,274.042
3,mimalloc,reallocate,4096,256,1,disabled,yes,7,8192,107.388
3,jemalloc,reallocate,4096,256,1,disabled,yes,7,8192,542.686
3,mimalloc,reallocate_zeroed,4096,256,1,disabled,yes,7,8192,171.821
3,jemalloc,reallocate_zeroed,4096,256,1,disabled,yes,7,8192,602.28
3,mimalloc,batch,4096,256,1,disabled,yes,7,8192,50.5272
3,jemalloc,batch,4096,256,1,disabled,yes,7,8192,227.636
3,mimalloc,mixed_lifetime,4096,256,1,disabled,yes,7,8192,29.4871
3,jemalloc,mixed_lifetime,4096,256,1,disabled,yes,7,8192,190.366
3,mimalloc,owned_block,4096,256,1,disabled,yes,7,8192,112.181
3,jemalloc,owned_block,4096,256,1,disabled,yes,7,8192,545.367
3,mimalloc,raw,4096,256,1,basic,yes,7,8192,29.4956
3,jemalloc,raw,4096,256,1,basic,yes,7,8192,223.49
3,mimalloc,zeroed,4096,256,1,basic,yes,7,8192,95.046
3,jemalloc,zeroed,4096,256,1,basic,yes,7,8192,282.819
3,mimalloc,reallocate,4096,256,1,basic,yes,7,8192,114.955
3,jemalloc,reallocate,4096,256,1,basic,yes,7,8192,552.058
3,mimalloc,reallocate_zeroed,4096,256,1,basic,yes,7,8192,178.848
3,jemalloc,reallocate_zeroed,4096,256,1,basic,yes,7,8192,610.198
3,mimalloc,batch,4096,256,1,basic,yes,7,8192,59.6921
3,jemalloc,batch,4096,256,1,basic,yes,7,8192,231.562
3,mimalloc,mixed_lifetime,4096,256,1,basic,yes,7,8192,31.8781
3,jemalloc,mixed_lifetime,4096,256,1,basic,yes,7,8192,194.495
3,mimalloc,owned_block,4096,256,1,basic,yes,7,8192,119.724
3,jemalloc,owned_block,4096,256,1,basic,yes,7,8192,557.474
3,standard,raw,65536,16,1,disabled,no,7,8192,35.7646
3,mimalloc,raw,65536,16,1,disabled,no,7,8192,27.2662
3,jemalloc,raw,65536,16,1,disabled,no,7,8192,374.477
3,standard,zeroed,65536,16,1,disabled,no,7,8192,779.174
3,mimalloc,zeroed,65536,16,1,disabled,no,7,8192,938.847
3,jemalloc,zeroed,65536,16,1,disabled,no,7,8192,1112.93
3,standard,reallocate,65536,16,1,disabled,no,7,8192,31872.5
3,mimalloc,reallocate,65536,16,1,disabled,no,7,8192,1732.94
3,jemalloc,reallocate,65536,16,1,disabled,no,7,8192,696.869
3,standard,reallocate_zeroed,65536,16,1,disabled,no,7,8192,59851.6
3,mimalloc,reallocate_zeroed,65536,16,1,disabled,no,7,8192,2492.11
3,jemalloc,reallocate_zeroed,65536,16,1,disabled,no,7,8192,1429.88
3,standard,batch,65536,16,1,disabled,no,7,8192,2150.54
3,mimalloc,batch,65536,16,1,disabled,no,7,8192,96.6125
3,jemalloc,batch,65536,16,1,disabled,no,7,8192,381.798
3,standard,mixed_lifetime,65536,16,1,disabled,no,7,8192,182.009
3,mimalloc,mixed_lifetime,65536,16,1,disabled,no,7,8192,43.1489
3,jemalloc,mixed_lifetime,65536,16,1,disabled,no,7,8192,248.946
3,standard,owned_block,65536,16,1,disabled,no,7,8192,23626.1
3,mimalloc,owned_block,65536,16,1,disabled,no,7,8192,2170.14
3,jemalloc,owned_block,65536,16,1,disabled,no,7,8192,711.174
3,standard,typed_raw,65536,1,1,disabled,no,7,8192,32.0614
3,mimalloc,typed_raw,65536,1,1,disabled,no,7,8192,21.5487
3,jemalloc,typed_raw,65536,1,1,disabled,no,7,8192,409.793
3,standard,array,65536,1,1,disabled,no,7,8192,771.7
3,mimalloc,array,65536,1,1,disabled,no,7,8192,760.071
3,jemalloc,array,65536,1,1,disabled,no,7,8192,1151.88
3,mimalloc,raw,65536,16,1,disabled,yes,7,8192,28.2727
3,jemalloc,raw,65536,16,1,disabled,yes,7,8192,395.775
3,mimalloc,zeroed,65536,16,1,disabled,yes,7,8192,937.643
3,jemalloc,zeroed,65536,16,1,disabled,yes,7,8192,1128.38
3,mimalloc,reallocate,65536,16,1,disabled,yes,7,8192,1720.31
3,jemalloc,reallocate,65536,16,1,disabled,yes,7,8192,726.034
3,mimalloc,reallocate_zeroed,65536,16,1,disabled,yes,7,8192,2486.83
3,jemalloc,reallocate_zeroed,65536,16,1,disabled,yes,7,8192,1458.13
3,mimalloc,batch,65536,16,1,disabled,yes,7,8192,99.4266
3,jemalloc,batch,65536,16,1,disabled,yes,7,8192,412.299
3,mimalloc,mixed_lifetime,65536,16,1,disabled,yes,7,8192,39.9131
3,jemalloc,mixed_lifetime,65536,16,1,disabled,yes,7,8192,292.411
3,mimalloc,owned_block,65536,16,1,disabled,yes,7,8192,1727.06
3,jemalloc,owned_block,65536,16,1,disabled,yes,7,8192,732.135
3,mimalloc,typed_raw,65536,1,1,disabled,yes,7,8192,21.3838
3,jemalloc,typed_raw,65536,1,1,disabled,yes,7,8192,414.022
3,mimalloc,array,65536,1,1,disabled,yes,7,8192,760.785
3,jemalloc,array,65536,1,1,disabled,yes,7,8192,1150.33
3,mimalloc,raw,65536,16,1,basic,yes,7,8192,32.2009
3,jemalloc,raw,65536,16,1,basic,yes,7,8192,405.11
3,mimalloc,zeroed,65536,16,1,basic,yes,7,8192,946.76
3,jemalloc,zeroed,65536,16,1,basic,yes,7,8192,1133.05
3,mimalloc,reallocate,65536,16,1,basic,yes,7,8192,1737.43
3,jemalloc,reallocate,65536,16,1,basic,yes,7,8192,740.995
3,mimalloc,reallocate_zeroed,65536,16,1,basic,yes,7,8192,2497.29
3,jemalloc,reallocate_zeroed,65536,16,1,basic,yes,7,8192,1477.93
3,mimalloc,batch,65536,16,1,basic,yes,7,8192,109.956
3,jemalloc,batch,65536,16,1,basic,yes,7,8192,415.944
3,mimalloc,mixed_lifetime,65536,16,1,basic,yes,7,8192,44.4172
3,jemalloc,mixed_lifetime,65536,16,1,basic,yes,7,8192,302.835
3,mimalloc,owned_block,65536,16,1,basic,yes,7,8192,1741.93
3,jemalloc,owned_block,65536,16,1,basic,yes,7,8192,743.45
3,mimalloc,typed_raw,65536,1,1,basic,yes,7,8192,25.3645
3,jemalloc,typed_raw,65536,1,1,basic,yes,7,8192,419.254
3,mimalloc,array,65536,1,1,basic,yes,7,8192,760.892
3,jemalloc,array,65536,1,1,basic,yes,7,8192,1161.15
3,standard,raw,65536,64,1,disabled,no,7,8192,50.291
3,mimalloc,raw,65536,64,1,disabled,no,7,8192,28.1846
3,jemalloc,raw,65536,64,1,disabled,no,7,8192,386.38
3,standard,zeroed,65536,64,1,disabled,no,7,8192,779.234
3,mimalloc,zeroed,65536,64,1,disabled,no,7,8192,937.803
3,jemalloc,zeroed,65536,64,1,disabled,no,7,8192,1131.81
3,standard,reallocate,65536,64,1,disabled,no,7,8192,1497.27
3,mimalloc,reallocate,65536,64,1,disabled,no,7,8192,1720.36
3,jemalloc,reallocate,65536,64,1,disabled,no,7,8192,699.744
3,standard,reallocate_zeroed,65536,64,1,disabled,no,7,8192,2266.89
3,mimalloc,reallocate_zeroed,65536,64,1,disabled,no,7,8192,2480.96
3,jemalloc,reallocate_zeroed,65536,64,1,disabled,no,7,8192,1449.03
3,standard,batch,65536,64,1,disabled,no,7,8192,3059.59
3,mimalloc,batch,65536,64,1,disabled,no,7,8192,97.5342
3,jemalloc,batch,65536,64,1,disabled,no,7,8192,375.165
3,standard,mixed_lifetime,65536,64,1,disabled,no,7,8192,269.953
3,mimalloc,mixed_lifetime,65536,64,1,disabled,no,7,8192,41.1552
3,jemalloc,mixed_lifetime,65536,64,1,disabled,no,7,8192,262.327
3,standard,owned_block,65536,64,1,disabled,no,7,8192,1505.34
3,mimalloc,owned_block,65536,64,1,disabled,no,7,8192,2153.25
3,jemalloc,owned_block,65536,64,1,disabled,no,7,8192,711.599
3,mimalloc,raw,65536,64,1,disabled,yes,7,8192,28.1798
3,jemalloc,raw,65536,64,1,disabled,yes,7,8192,395.289
3,mimalloc,zeroed,65536,64,1,disabled,yes,7,8192,939.637
3,jemalloc,zeroed,65536,64,1,disabled,yes,7,8192,1128.2
3,mimalloc,reallocate,65536,64,1,disabled,yes,7,8192,1719.36
3,jemalloc,reallocate,65536,64,1,disabled,yes,7,8192,728.099
3,mimalloc,reallocate_zeroed,65536,64,1,disabled,yes,7,8192,2568.84
3,jemalloc,reallocate_zeroed,65536,64,1,disabled,yes,7,8192,1457.4
3,mimalloc,batch,65536,64,1,disabled,yes,7,8192,96.8242
3,jemalloc,batch,65536,64,1,disabled,yes,7,8192,411.85
3,mimalloc,mixed_lifetime,65536,64,1,disabled,yes,7,8192,38.4613
3,jemalloc,mixed_lifetime,65536,64,1,disabled,yes,7,8192,291.294
3,mimalloc,owned_block,65536,64,1,disabled,yes,7,8192,1725.24
3,jemalloc,owned_block,65536,64,1,disabled,yes,7,8192,730.563
3,mimalloc,raw,65536,64,1,basic,yes,7,8192,32.2413
3,jemalloc,raw,65536,64,1,basic,yes,7,8192,403.841
3,mimalloc,zeroed,65536,64,1,basic,yes,7,8192,946.543
3,jemalloc,zeroed,65536,64,1,basic,yes,7,8192,1134.33
3,mimalloc,reallocate,65536,64,1,basic,yes,7,8192,1737.01
3,jemalloc,reallocate,65536,64,1,basic,yes,7,8192,741.811
3,mimalloc,reallocate_zeroed,65536,64,1,basic,yes,7,8192,2574.2
3,jemalloc,reallocate_zeroed,65536,64,1,basic,yes,7,8192,1478.13
3,mimalloc,batch,65536,64,1,basic,yes,7,8192,102.357
3,jemalloc,batch,65536,64,1,basic,yes,7,8192,420.225
3,mimalloc,mixed_lifetime,65536,64,1,basic,yes,7,8192,42.1083
3,jemalloc,mixed_lifetime,65536,64,1,basic,yes,7,8192,296.993
3,mimalloc,owned_block,65536,64,1,basic,yes,7,8192,1745.78
3,jemalloc,owned_block,65536,64,1,basic,yes,7,8192,746.487
3,standard,raw,65536,256,1,disabled,no,7,8192,49.994
3,mimalloc,raw,65536,256,1,disabled,no,7,8192,26.9995
3,jemalloc,raw,65536,256,1,disabled,no,7,8192,388.082
3,standard,zeroed,65536,256,1,disabled,no,7,8192,777.628
3,mimalloc,zeroed,65536,256,1,disabled,no,7,8192,1068.77
3,jemalloc,zeroed,65536,256,1,disabled,no,7,8192,1128.13
3,standard,reallocate,65536,256,1,disabled,no,7,8192,1453.52
3,mimalloc,reallocate,65536,256,1,disabled,no,7,8192,1828.64
3,jemalloc,reallocate,65536,256,1,disabled,no,7,8192,705.494
3,standard,reallocate_zeroed,65536,256,1,disabled,no,7,8192,2372.67
3,mimalloc,reallocate_zeroed,65536,256,1,disabled,no,7,8192,2618.35
3,jemalloc,reallocate_zeroed,65536,256,1,disabled,no,7,8192,1455.33
3,standard,batch,65536,256,1,disabled,no,7,8192,3223.21
3,mimalloc,batch,65536,256,1,disabled,no,7,8192,98.293
3,jemalloc,batch,65536,256,1,disabled,no,7,8192,408.151
3,standard,mixed_lifetime,65536,256,1,disabled,no,7,8192,282.093
3,mimalloc,mixed_lifetime,65536,256,1,disabled,no,7,8192,39.4789
3,jemalloc,mixed_lifetime,65536,256,1,disabled,no,7,8192,252.22
3,standard,owned_block,65536,256,1,disabled,no,7,8192,1462.26
3,mimalloc,owned_block,65536,256,1,disabled,no,7,8192,2489.98
3,jemalloc,owned_block,65536,256,1,disabled,no,7,8192,713.508
3,mimalloc,raw,65536,256,1,disabled,yes,7,8192,28.1798
3,jemalloc,raw,65536,256,1,disabled,yes,7,8192,395.334
3,mimalloc,zeroed,65536,256,1,disabled,yes,7,8192,934.678
3,jemalloc,zeroed,65536,256,1,disabled,yes,7,8192,1127.85
3,mimalloc,reallocate,65536,256,1,disabled,yes,7,8192,1718.82
3,jemalloc,reallocate,65536,256,1,disabled,yes,7,8192,723.407
3,mimalloc,reallocate_zeroed,65536,256,1,disabled,yes,7,8192,2484.68
3,jemalloc,reallocate_zeroed,65536,256,1,disabled,yes,7,8192,1458.8
3,mimalloc,batch,65536,256,1,disabled,yes,7,8192,97.1849
3,jemalloc,batch,65536,256,1,disabled,yes,7,8192,412.062
3,mimalloc,mixed_lifetime,65536,256,1,disabled,yes,7,8192,39.321
3,jemalloc,mixed_lifetime,65536,256,1,disabled,yes,7,8192,291.163
3,mimalloc,owned_block,65536,256,1,disabled,yes,7,8192,1731.26
3,jemalloc,owned_block,65536,256,1,disabled,yes,7,8192,731.406
3,mimalloc,raw,65536,256,1,basic,yes,7,8192,32.0138
3,jemalloc,raw,65536,256,1,basic,yes,7,8192,405.728
3,mimalloc,zeroed,65536,256,1,basic,yes,7,8192,949.162
3,jemalloc,zeroed,65536,256,1,basic,yes,7,8192,1134.95
3,mimalloc,reallocate,65536,256,1,basic,yes,7,8192,1738.76
3,jemalloc,reallocate,65536,256,1,basic,yes,7,8192,738.153
3,mimalloc,reallocate_zeroed,65536,256,1,basic,yes,7,8192,2497.95
3,jemalloc,reallocate_zeroed,65536,256,1,basic,yes,7,8192,1476.79
3,mimalloc,batch,65536,256,1,basic,yes,7,8192,102.406
3,jemalloc,batch,65536,256,1,basic,yes,7,8192,419.323
3,mimalloc,mixed_lifetime,65536,256,1,basic,yes,7,8192,43.3423
3,jemalloc,mixed_lifetime,65536,256,1,basic,yes,7,8192,296.835
3,mimalloc,owned_block,65536,256,1,basic,yes,7,8192,1742.65
3,jemalloc,owned_block,65536,256,1,basic,yes,7,8192,743.001
3,standard,cross_thread,64,16,2,disabled,no,7,8192,121.29
3,mimalloc,cross_thread,64,16,2,disabled,no,7,8192,25.1345
3,jemalloc,cross_thread,64,16,2,disabled,no,7,8192,57.3635
3,mimalloc,cross_thread,64,16,2,disabled,yes,7,8192,26.349
3,jemalloc,cross_thread,64,16,2,disabled,yes,7,8192,174.849
3,standard,cross_thread,64,16,4,disabled,no,7,8192,157.575
3,mimalloc,cross_thread,64,16,4,disabled,no,7,8192,27.4656
3,jemalloc,cross_thread,64,16,4,disabled,no,7,8192,68.1797
3,mimalloc,cross_thread,64,16,4,disabled,yes,7,8192,28.7228
3,jemalloc,cross_thread,64,16,4,disabled,yes,7,8192,267.349
3,standard,cross_thread,64,16,8,disabled,no,7,8192,143.771
3,mimalloc,cross_thread,64,16,8,disabled,no,7,8192,36.4664
3,jemalloc,cross_thread,64,16,8,disabled,no,7,8192,86.8656
3,mimalloc,cross_thread,64,16,8,disabled,yes,7,8192,38.724
3,jemalloc,cross_thread,64,16,8,disabled,yes,7,8192,233.096
3,mimalloc,detailed_statistics,0,0,1,disabled,no,7,512,828.021
3,jemalloc,detailed_statistics,0,0,1,disabled,no,7,512,33870.9
3,mimalloc,detailed_statistics,0,0,1,disabled,yes,7,512,2.81836
3,jemalloc,detailed_statistics,0,0,1,disabled,yes,7,512,42070.8
3,fixed_buffer,stack_mark_rewind,64,16,1,disabled,no,7,8192,5.78101
3,fixed_buffer,stack_mark_rewind,64,64,1,disabled,no,7,8192,5.78345
3,fixed_buffer,stack_mark_rewind,64,256,1,disabled,no,7,8192,5.78589
3,fixed_buffer,stack_mark_rewind,256,16,1,disabled,no,7,8192,5.78088
3,fixed_buffer,stack_mark_rewind,256,64,1,disabled,no,7,8192,5.78223
3,fixed_buffer,stack_mark_rewind,256,256,1,disabled,no,7,8192,5.78088
3,fixed_buffer,stack_mark_rewind,4096,16,1,disabled,no,7,8192,5.78955
3,fixed_buffer,stack_mark_rewind,4096,64,1,disabled,no,7,8192,5.78467
3,fixed_buffer,stack_mark_rewind,4096,256,1,disabled,no,7,8192,5.78467
3,fixed_buffer,stack_mark_rewind,65536,16,1,disabled,no,7,8192,5.79077
3,fixed_buffer,stack_mark_rewind,65536,64,1,disabled,no,7,8192,5.78967
3,fixed_buffer,stack_mark_rewind,65536,256,1,disabled,no,7,8192,5.79565
3,standard,raw,64,16,1,basic,no,7,8192,25.0845
3,mimalloc,raw,64,16,1,basic,no,7,8192,15.7898
3,jemalloc,raw,64,16,1,basic,no,7,8192,29.8417
3,standard,zeroed,64,16,1,basic,no,7,8192,27.468
3,mimalloc,zeroed,64,16,1,basic,no,7,8192,43.9329
3,jemalloc,zeroed,64,16,1,basic,no,7,8192,31.988
3,standard,reallocate,64,16,1,basic,no,7,8192,49.0914
3,mimalloc,reallocate,64,16,1,basic,no,7,8192,37.3191
3,jemalloc,reallocate,64,16,1,basic,no,7,8192,69.7938
3,standard,reallocate_zeroed,64,16,1,basic,no,7,8192,53.3792
3,mimalloc,reallocate_zeroed,64,16,1,basic,no,7,8192,39.7748
3,jemalloc,reallocate_zeroed,64,16,1,basic,no,7,8192,73.9153
3,standard,batch,64,16,1,basic,no,7,8192,26.5557
3,mimalloc,batch,64,16,1,basic,no,7,8192,15.7812
3,jemalloc,batch,64,16,1,basic,no,7,8192,30.6417
3,standard,mixed_lifetime,64,16,1,basic,no,7,8192,21.6025
3,mimalloc,mixed_lifetime,64,16,1,basic,no,7,8192,14.8763
3,jemalloc,mixed_lifetime,64,16,1,basic,no,7,8192,20.8102
3,standard,owned_block,64,16,1,basic,no,7,8192,55.3555
3,mimalloc,owned_block,64,16,1,basic,no,7,8192,41.9933
3,jemalloc,owned_block,64,16,1,basic,no,7,8192,76.5312
3,standard,typed_raw,64,1,1,basic,no,7,8192,20.6572
3,mimalloc,typed_raw,64,1,1,basic,no,7,8192,15.2407
3,jemalloc,typed_raw,64,1,1,basic,no,7,8192,23.1888
3,standard,create_destroy,64,1,1,basic,no,7,8192,20.3491
3,mimalloc,create_destroy,64,1,1,basic,no,7,8192,14.8787
3,jemalloc,create_destroy,64,1,1,basic,no,7,8192,22.8721
3,standard,object,64,1,1,basic,no,7,8192,20.3514
3,mimalloc,object,64,1,1,basic,no,7,8192,14.8408
3,jemalloc,object,64,1,1,basic,no,7,8192,22.8757
3,standard,shared_object,64,1,1,basic,no,7,8192,23.1449
3,mimalloc,shared_object,64,1,1,basic,no,7,8192,17.6244
3,jemalloc,shared_object,64,1,1,basic,no,7,8192,32.7036
3,standard,array,64,1,1,basic,no,7,8192,23.1399
3,mimalloc,array,64,1,1,basic,no,7,8192,18.0621
3,jemalloc,array,64,1,1,basic,no,7,8192,25.7656
3,standard,std_vector,256,8,1,basic,no,7,8192,155.606
3,mimalloc,std_vector,256,8,1,basic,no,7,8192,121.499
3,jemalloc,std_vector,256,8,1,basic,no,7,8192,199.707
3,standard,pmr_vector,256,8,1,basic,no,7,8192,159.395
3,mimalloc,pmr_vector,256,8,1,basic,no,7,8192,123.908
3,jemalloc,pmr_vector,256,8,1,basic,no,7,8192,210.516
3,standard,raw,64,64,1,basic,no,7,8192,24.6637
3,mimalloc,raw,64,64,1,basic,no,7,8192,15.7739
3,jemalloc,raw,64,64,1,basic,no,7,8192,27.8691
3,standard,zeroed,64,64,1,basic,no,7,8192,28.6958
3,mimalloc,zeroed,64,64,1,basic,no,7,8192,43.9146
3,jemalloc,zeroed,64,64,1,basic,no,7,8192,29.9127
3,standard,reallocate,64,64,1,basic,no,7,8192,51.212
3,mimalloc,reallocate,64,64,1,basic,no,7,8192,36.6599
3,jemalloc,reallocate,64,64,1,basic,no,7,8192,69.5702
3,standard,reallocate_zeroed,64,64,1,basic,no,7,8192,55.6405
3,mimalloc,reallocate_zeroed,64,64,1,basic,no,7,8192,39.1768
3,jemalloc,reallocate_zeroed,64,64,1,basic,no,7,8192,72.9895
3,standard,batch,64,64,1,basic,no,7,8192,81.1945
3,mimalloc,batch,64,64,1,basic,no,7,8192,15.6871
3,jemalloc,batch,64,64,1,basic,no,7,8192,29.4994
3,standard,mixed_lifetime,64,64,1,basic,no,7,8192,35.2278
3,mimalloc,mixed_lifetime,64,64,1,basic,no,7,8192,14.8677
3,jemalloc,mixed_lifetime,64,64,1,basic,no,7,8192,21.1526
3,standard,owned_block,64,64,1,basic,no,7,8192,56.8719
3,mimalloc,owned_block,64,64,1,basic,no,7,8192,43.0475
3,jemalloc,owned_block,64,64,1,basic,no,7,8192,76.7942
3,standard,raw,64,256,1,basic,no,7,8192,24.6686
3,mimalloc,raw,64,256,1,basic,no,7,8192,21.446
3,jemalloc,raw,64,256,1,basic,no,7,8192,27.7885
3,standard,zeroed,64,256,1,basic,no,7,8192,28.697
3,mimalloc,zeroed,64,256,1,basic,no,7,8192,24.7322
3,jemalloc,zeroed,64,256,1,basic,no,7,8192,30.9767
3,standard,reallocate,64,256,1,basic,no,7,8192,91.6716
3,mimalloc,reallocate,64,256,1,basic,no,7,8192,37.0243
3,jemalloc,reallocate,64,256,1,basic,no,7,8192,61.4325
3,standard,reallocate_zeroed,64,256,1,basic,no,7,8192,99.1918
3,mimalloc,reallocate_zeroed,64,256,1,basic,no,7,8192,41.2301
3,jemalloc,reallocate_zeroed,64,256,1,basic,no,7,8192,64.4543
3,standard,batch,64,256,1,basic,no,7,8192,86.2528
3,mimalloc,batch,64,256,1,basic,no,7,8192,21.3176
3,jemalloc,batch,64,256,1,basic,no,7,8192,43.5232
3,standard,mixed_lifetime,64,256,1,basic,no,7,8192,55.007
3,mimalloc,mixed_lifetime,64,256,1,basic,no,7,8192,19.2092
3,jemalloc,mixed_lifetime,64,256,1,basic,no,7,8192,21.6711
3,standard,owned_block,64,256,1,basic,no,7,8192,104.794
3,mimalloc,owned_block,64,256,1,basic,no,7,8192,44.8929
3,jemalloc,owned_block,64,256,1,basic,no,7,8192,71.8804
3,standard,raw,256,16,1,basic,no,7,8192,23.7416
3,mimalloc,raw,256,16,1,basic,no,7,8192,15.8412
3,jemalloc,raw,256,16,1,basic,no,7,8192,28.0685
3,standard,zeroed,256,16,1,basic,no,7,8192,29.0725
3,mimalloc,zeroed,256,16,1,basic,no,7,8192,18.7543
3,jemalloc,zeroed,256,16,1,basic,no,7,8192,30.7603
3,standard,reallocate,256,16,1,basic,no,7,8192,49.9744
3,mimalloc,reallocate,256,16,1,basic,no,7,8192,36.7517
3,jemalloc,reallocate,256,16,1,basic,no,7,8192,72.3707
3,standard,reallocate_zeroed,256,16,1,basic,no,7,8192,56.3535
3,mimalloc,reallocate_zeroed,256,16,1,basic,no,7,8192,40.4683
3,jemalloc,reallocate_zeroed,256,16,1,basic,no,7,8192,76.3282
3,standard,batch,256,16,1,basic,no,7,8192,44.9357
3,mimalloc,batch,256,16,1,basic,no,7,8192,16.0687
3,jemalloc,batch,256,16,1,basic,no,7,8192,43.5404
3,standard,mixed_lifetime,256,16,1,basic,no,7,8192,23.1814
3,mimalloc,mixed_lifetime,256,16,1,basic,no,7,8192,15.4535
3,jemalloc,mixed_lifetime,256,16,1,basic,no,7,8192,22.4232
3,standard,owned_block,256,16,1,basic,no,7,8192,55.2148
3,mimalloc,owned_block,256,16,1,basic,no,7,8192,39.5706
3,jemalloc,owned_block,256,16,1,basic,no,7,8192,78.9614
3,standard,typed_raw,256,1,1,basic,no,7,8192,20.6572
3,mimalloc,typed_raw,256,1,1,basic,no,7,8192,15.5197
3,jemalloc,typed_raw,256,1,1,basic,no,7,8192,23.3943
3,standard,array,256,1,1,basic,no,7,8192,23.7623
3,mimalloc,array,256,1,1,basic,no,7,8192,18.8802
3,jemalloc,array,256,1,1,basic,no,7,8192,26.4811
3,standard,raw,256,64,1,basic,no,7,8192,24.665
3,mimalloc,raw,256,64,1,basic,no,7,8192,16.0626
3,jemalloc,raw,256,64,1,basic,no,7,8192,27.7921
3,standard,zeroed,256,64,1,basic,no,7,8192,29.3147
3,mimalloc,zeroed,256,64,1,basic,no,7,8192,18.8313
3,jemalloc,zeroed,256,64,1,basic,no,7,8192,30.989
3,standard,reallocate,256,64,1,basic,no,7,8192,51.8199
3,mimalloc,reallocate,256,64,1,basic,no,7,8192,34.2642
3,jemalloc,reallocate,256,64,1,basic,no,7,8192,72.0771
3,standard,reallocate_zeroed,256,64,1,basic,no,7,8192,57.7733
3,mimalloc,reallocate_zeroed,256,64,1,basic,no,7,8192,39.3589
3,jemalloc,reallocate_zeroed,256,64,1,basic,no,7,8192,76.9055
3,standard,batch,256,64,1,basic,no,7,8192,83.3457
3,mimalloc,batch,256,64,1,basic,no,7,8192,15.8486
3,jemalloc,batch,256,64,1,basic,no,7,8192,43.4021
3,standard,mixed_lifetime,256,64,1,basic,no,7,8192,51.8541
3,mimalloc,mixed_lifetime,256,64,1,basic,no,7,8192,15.84
3,jemalloc,mixed_lifetime,256,64,1,basic,no,7,8192,22.3706
3,standard,owned_block,256,64,1,basic,no,7,8192,57.3868
3,mimalloc,owned_block,256,64,1,basic,no,7,8192,40.2897
3,jemalloc,owned_block,256,64,1,basic,no,7,8192,79.1802
3,standard,raw,256,256,1,basic,no,7,8192,77.5048
3,mimalloc,raw,256,256,1,basic,no,7,8192,15.9255
3,jemalloc,raw,256,256,1,basic,no,7,8192,27.8704
3,standard,zeroed,256,256,1,basic,no,7,8192,79.6609
3,mimalloc,zeroed,256,256,1,basic,no,7,8192,19.0686
3,jemalloc,zeroed,256,256,1,basic,no,7,8192,30.8582
3,standard,reallocate,256,256,1,basic,no,7,8192,140.956
3,mimalloc,reallocate,256,256,1,basic,no,7,8192,34.0867
3,jemalloc,reallocate,256,256,1,basic,no,7,8192,71.9135
3,standard,reallocate_zeroed,256,256,1,basic,no,7,8192,144.537
3,mimalloc,reallocate_zeroed,256,256,1,basic,no,7,8192,39.1071
3,jemalloc,reallocate_zeroed,256,256,1,basic,no,7,8192,76.7087
3,standard,batch,256,256,1,basic,no,7,8192,84.0037
3,mimalloc,batch,256,256,1,basic,no,7,8192,15.9781
3,jemalloc,batch,256,256,1,basic,no,7,8192,44.208
3,standard,mixed_lifetime,256,256,1,basic,no,7,8192,65.0439
3,mimalloc,mixed_lifetime,256,256,1,basic,no,7,8192,16.7963
3,jemalloc,mixed_lifetime,256,256,1,basic,no,7,8192,22.2863
3,standard,owned_block,256,256,1,basic,no,7,8192,169.584
3,mimalloc,owned_block,256,256,1,basic,no,7,8192,39.5436
3,jemalloc,owned_block,256,256,1,basic,no,7,8192,79.5717
3,standard,raw,4096,16,1,basic,no,7,8192,48.0616
3,mimalloc,raw,4096,16,1,basic,no,7,8192,29.6816
3,jemalloc,raw,4096,16,1,basic,no,7,8192,30.9779
3,standard,zeroed,4096,16,1,basic,no,7,8192,110.356
3,mimalloc,zeroed,4096,16,1,basic,no,7,8192,94.7268
3,jemalloc,zeroed,4096,16,1,basic,no,7,8192,97.9664
3,standard,reallocate,4096,16,1,basic,no,7,8192,149.526
3,mimalloc,reallocate,4096,16,1,basic,no,7,8192,114.327
3,jemalloc,reallocate,4096,16,1,basic,no,7,8192,143.17
3,standard,reallocate_zeroed,4096,16,1,basic,no,7,8192,211.871
3,mimalloc,reallocate_zeroed,4096,16,1,basic,no,7,8192,177.694
3,jemalloc,reallocate_zeroed,4096,16,1,basic,no,7,8192,208.073
3,standard,batch,4096,16,1,basic,no,7,8192,842.029
3,mimalloc,batch,4096,16,1,basic,no,7,8192,58.1145
3,jemalloc,batch,4096,16,1,basic,no,7,8192,184.332
3,standard,mixed_lifetime,4096,16,1,basic,no,7,8192,152.515
3,mimalloc,mixed_lifetime,4096,16,1,basic,no,7,8192,31.9086
3,jemalloc,mixed_lifetime,4096,16,1,basic,no,7,8192,87.801
3,standard,owned_block,4096,16,1,basic,no,7,8192,156.169
3,mimalloc,owned_block,4096,16,1,basic,no,7,8192,143.148
3,jemalloc,owned_block,4096,16,1,basic,no,7,8192,151.185
3,standard,typed_raw,4096,1,1,basic,no,7,8192,41.8905
3,mimalloc,typed_raw,4096,1,1,basic,no,7,8192,24.3776
3,jemalloc,typed_raw,4096,1,1,basic,no,7,8192,26.9165
3,standard,array,4096,1,1,basic,no,7,8192,105.923
3,mimalloc,array,4096,1,1,basic,no,7,8192,88.9458
3,jemalloc,array,4096,1,1,basic,no,7,8192,87.5968
3,standard,raw,4096,64,1,basic,no,7,8192,72.5468
3,mimalloc,raw,4096,64,1,basic,no,7,8192,30.3567
3,jemalloc,raw,4096,64,1,basic,no,7,8192,30.8862
3,standard,zeroed,4096,64,1,basic,no,7,8192,130.625
3,mimalloc,zeroed,4096,64,1,basic,no,7,8192,94.355
3,jemalloc,zeroed,4096,64,1,basic,no,7,8192,97.8147
3,standard,reallocate,4096,64,1,basic,no,7,8192,185.217
3,mimalloc,reallocate,4096,64,1,basic,no,7,8192,117.681
3,jemalloc,reallocate,4096,64,1,basic,no,7,8192,143.88
3,standard,reallocate_zeroed,4096,64,1,basic,no,7,8192,247.599
3,mimalloc,reallocate_zeroed,4096,64,1,basic,no,7,8192,179.319
3,jemalloc,reallocate_zeroed,4096,64,1,basic,no,7,8192,208.082
3,standard,batch,4096,64,1,basic,no,7,8192,902.739
3,mimalloc,batch,4096,64,1,basic,no,7,8192,58.7982
3,jemalloc,batch,4096,64,1,basic,no,7,8192,195.073
3,standard,mixed_lifetime,4096,64,1,basic,no,7,8192,179.761
3,mimalloc,mixed_lifetime,4096,64,1,basic,no,7,8192,32.3129
3,jemalloc,mixed_lifetime,4096,64,1,basic,no,7,8192,85.6665
3,standard,owned_block,4096,64,1,basic,no,7,8192,193.537
3,mimalloc,owned_block,4096,64,1,basic,no,7,8192,143.331
3,jemalloc,owned_block,4096,64,1,basic,no,7,8192,150.999
3,standard,raw,4096,256,1,basic,no,7,8192,73.8271
3,mimalloc,raw,4096,256,1,basic,no,7,8192,30.6326
3,jemalloc,raw,4096,256,1,basic,no,7,8192,30.6483
3,standard,zeroed,4096,256,1,basic,no,7,8192,132.526
3,mimalloc,zeroed,4096,256,1,basic,no,7,8192,94.3127
3,jemalloc,zeroed,4096,256,1,basic,no,7,8192,97.1
3,standard,reallocate,4096,256,1,basic,no,7,8192,195.633
3,mimalloc,reallocate,4096,256,1,basic,no,7,8192,117.352
3,jemalloc,reallocate,4096,256,1,basic,no,7,8192,143.842
3,standard,reallocate_zeroed,4096,256,1,basic,no,7,8192,258.311
3,mimalloc,reallocate_zeroed,4096,256,1,basic,no,7,8192,179.084
3,jemalloc,reallocate_zeroed,4096,256,1,basic,no,7,8192,207.711
3,standard,batch,4096,256,1,basic,no,7,8192,986.303
3,mimalloc,batch,4096,256,1,basic,no,7,8192,59.5896
3,jemalloc,batch,4096,256,1,basic,no,7,8192,188.458
3,standard,mixed_lifetime,4096,256,1,basic,no,7,8192,163.253
3,mimalloc,mixed_lifetime,4096,256,1,basic,no,7,8192,31.913
3,jemalloc,mixed_lifetime,4096,256,1,basic,no,7,8192,85.4489
3,standard,owned_block,4096,256,1,basic,no,7,8192,216.736
3,mimalloc,owned_block,4096,256,1,basic,no,7,8192,143.578
3,jemalloc,owned_block,4096,256,1,basic,no,7,8192,150.955
3,standard,raw,65536,16,1,basic,no,7,8192,39.1553
3,mimalloc,raw,65536,16,1,basic,no,7,8192,31.2257
3,jemalloc,raw,65536,16,1,basic,no,7,8192,394.555
3,standard,zeroed,65536,16,1,basic,no,7,8192,775.956
3,mimalloc,zeroed,65536,16,1,basic,no,7,8192,941.278
3,jemalloc,zeroed,65536,16,1,basic,no,7,8192,1118.66
3,standard,reallocate,65536,16,1,basic,no,7,8192,30434.5
3,mimalloc,reallocate,65536,16,1,basic,no,7,8192,1751.02
3,jemalloc,reallocate,65536,16,1,basic,no,7,8192,709.47
3,standard,reallocate_zeroed,65536,16,1,basic,no,7,8192,59211.8
3,mimalloc,reallocate_zeroed,65536,16,1,basic,no,7,8192,2500.35
3,jemalloc,reallocate_zeroed,65536,16,1,basic,no,7,8192,1447.4
3,standard,batch,65536,16,1,basic,no,7,8192,2277.46
3,mimalloc,batch,65536,16,1,basic,no,7,8192,103.119
3,jemalloc,batch,65536,16,1,basic,no,7,8192,389.529
3,standard,mixed_lifetime,65536,16,1,basic,no,7,8192,200.081
3,mimalloc,mixed_lifetime,65536,16,1,basic,no,7,8192,42.9667
3,jemalloc,mixed_lifetime,65536,16,1,basic,no,7,8192,255.984
3,standard,owned_block,65536,16,1,basic,no,7,8192,21679.1
3,mimalloc,owned_block,65536,16,1,basic,no,7,8192,2179.08
3,jemalloc,owned_block,65536,16,1,basic,no,7,8192,724.975
3,standard,typed_raw,65536,1,1,basic,no,7,8192,35.7631
3,mimalloc,typed_raw,65536,1,1,basic,no,7,8192,23.5568
3,jemalloc,typed_raw,65536,1,1,basic,no,7,8192,417.173
3,standard,array,65536,1,1,basic,no,7,8192,765.812
3,mimalloc,array,65536,1,1,basic,no,7,8192,762.67
3,jemalloc,array,65536,1,1,basic,no,7,8192,1163.25
3,standard,raw,65536,64,1,basic,no,7,8192,46.5533
3,mimalloc,raw,65536,64,1,basic,no,7,8192,30.1069
3,jemalloc,raw,65536,64,1,basic,no,7,8192,401.375
3,standard,zeroed,65536,64,1,basic,no,7,8192,781.285
3,mimalloc,zeroed,65536,64,1,basic,no,7,8192,947.854
3,jemalloc,zeroed,65536,64,1,basic,no,7,8192,1134.66
3,standard,reallocate,65536,64,1,basic,no,7,8192,1429.75
3,mimalloc,reallocate,65536,64,1,basic,no,7,8192,1738.39
3,jemalloc,reallocate,65536,64,1,basic,no,7,8192,714.529
3,standard,reallocate_zeroed,65536,64,1,basic,no,7,8192,2213.42
3,mimalloc,reallocate_zeroed,65536,64,1,basic,no,7,8192,2491.42
3,jemalloc,reallocate_zeroed,65536,64,1,basic,no,7,8192,1467.71
3,standard,batch,65536,64,1,basic,no,7,8192,2346.8
3,mimalloc,batch,65536,64,1,basic,no,7,8192,104.677
3,jemalloc,batch,65536,64,1,basic,no,7,8192,393.17
3,standard,mixed_lifetime,65536,64,1,basic,no,7,8192,244.642
3,mimalloc,mixed_lifetime,65536,64,1,basic,no,7,8192,43.7858
3,jemalloc,mixed_lifetime,65536,64,1,basic,no,7,8192,261.277
3,standard,owned_block,65536,64,1,basic,no,7,8192,1437.76
3,mimalloc,owned_block,65536,64,1,basic,no,7,8192,2242.48
3,jemalloc,owned_block,65536,64,1,basic,no,7,8192,728.439
3,standard,raw,65536,256,1,basic,no,7,8192,54.3558
3,mimalloc,raw,65536,256,1,basic,no,7,8192,30.7942
3,jemalloc,raw,65536,256,1,basic,no,7,8192,399.028
3,standard,zeroed,65536,256,1,basic,no,7,8192,792.689
3,mimalloc,zeroed,65536,256,1,basic,no,7,8192,1058.41
3,jemalloc,zeroed,65536,256,1,basic,no,7,8192,1139.62
3,standard,reallocate,65536,256,1,basic,no,7,8192,1442.32
3,mimalloc,reallocate,65536,256,1,basic,no,7,8192,1833.82
3,jemalloc,reallocate,65536,256,1,basic,no,7,8192,719.416
3,standard,reallocate_zeroed,65536,256,1,basic,no,7,8192,2218.52
3,mimalloc,reallocate_zeroed,65536,256,1,basic,no,7,8192,2627.96
3,jemalloc,reallocate_zeroed,65536,256,1,basic,no,7,8192,1465.88
3,standard,batch,65536,256,1,basic,no,7,8192,2457.54
3,mimalloc,batch,65536,256,1,basic,no,7,8192,103.846
3,jemalloc,batch,65536,256,1,basic,no,7,8192,389.814
3,standard,mixed_lifetime,65536,256,1,basic,no,7,8192,241.235
3,mimalloc,mixed_lifetime,65536,256,1,basic,no,7,8192,42.8468
3,jemalloc,mixed_lifetime,65536,256,1,basic,no,7,8192,255.437
3,standard,owned_block,65536,256,1,basic,no,7,8192,1450.43
3,mimalloc,owned_block,65536,256,1,basic,no,7,8192,2520.99
3,jemalloc,owned_block,65536,256,1,basic,no,7,8192,726.639
